{"type":"FeatureCollection","features":[{"type":"Feature","properties":{"kecamatan":"Arjasari","desa":"Ancolmekar"},"geometry":{"type":"Polygon","coordinates":[[[107.6547279,-7.1051152],[107.6573127,-7.1049244],[107.6616404,-7.1074296],[107.6638243,-7.1072675],[107.6634611,-7.1037827],[107.6654046,-7.0994082],[107.6680597,-7.0984065],[107.6698781,-7.0955078],[107.6753399,-7.0916638],[107.675911,-7.0895693],[107.6786523,-7.0879982],[107.6789902,-7.0857191],[107.6840818,-7.0829827],[107.6831629,-7.082242],[107.6834136,-7.0813869],[107.6822978,-7.0815438],[107.6813962,-7.0802118],[107.68214,-7.0782049],[107.6790634,-7.0774057],[107.6770616,-7.0789053],[107.6777191,-7.0763806],[107.6748186,-7.0803948],[107.6719668,-7.0812547],[107.668819,-7.0783421],[107.6650167,-7.078065],[107.6650971,-7.0834161],[107.6635566,-7.0852324],[107.6637874,-7.0860237],[107.6600662,-7.0894664],[107.6594927,-7.0908755],[107.6603853,-7.0910088],[107.6605284,-7.09217],[107.6620077,-7.0921974],[107.6626055,-7.0937791],[107.6621591,-7.0946005],[107.6591567,-7.0958909],[107.6572118,-7.0958542],[107.6571163,-7.0969307],[107.6559142,-7.0970392],[107.6536904,-7.1036627],[107.6547279,-7.1051152]]]}},{"type":"Feature","properties":{"kecamatan":"Arjasari","desa":"Arjasari"},"geometry":{"type":"Polygon","coordinates":[[[107.6437124,-7.0993106],[107.6440519,-7.0882511],[107.6491624,-7.0825063],[107.6529728,-7.0719254],[107.6529836,-7.0687873],[107.6522541,-7.0672716],[107.6526137,-7.0641135],[107.6513175,-7.0598482],[107.6515033,-7.057614],[107.6506393,-7.0566077],[107.6506473,-7.0515901],[107.6514632,-7.0499432],[107.6491361,-7.0481305],[107.6462561,-7.0487413],[107.6462521,-7.0461326],[107.6451195,-7.0452687],[107.6443796,-7.0424136],[107.6419607,-7.0423133],[107.6406771,-7.0400169],[107.6386815,-7.0419891],[107.6329518,-7.041573],[107.6296786,-7.0425124],[107.6289271,-7.04337],[107.6290127,-7.0450673],[107.6274645,-7.0454726],[107.6279573,-7.045823],[107.6263259,-7.0482454],[107.6261766,-7.0499785],[107.6243243,-7.0501109],[107.6241564,-7.0513941],[107.6253734,-7.0523367],[107.6288821,-7.0519348],[107.6292495,-7.0530452],[107.6333003,-7.0561507],[107.6350149,-7.060508],[107.6368498,-7.061791],[107.6375345,-7.0633545],[107.6398445,-7.0715062],[107.6395467,-7.0750146],[107.6424043,-7.0787917],[107.6420985,-7.0932106],[107.6437124,-7.0993106]]]}},{"type":"Feature","properties":{"kecamatan":"Arjasari","desa":"Baros"},"geometry":{"type":"Polygon","coordinates":[[[107.6437124,-7.0993106],[107.6420985,-7.0932106],[107.6424043,-7.0787917],[107.6395467,-7.0750146],[107.6398445,-7.0715062],[107.6368498,-7.061791],[107.6351019,-7.0606534],[107.6333003,-7.0561507],[107.6292495,-7.0530452],[107.6288821,-7.0519348],[107.6253734,-7.0523367],[107.6232158,-7.0511404],[107.6185252,-7.0510456],[107.6144737,-7.0487176],[107.6139093,-7.0518017],[107.6125311,-7.0531424],[107.6125896,-7.0561554],[107.6134217,-7.0560144],[107.6145497,-7.0585111],[107.6180308,-7.0605957],[107.6212605,-7.0599074],[107.6226687,-7.0603439],[107.6276558,-7.0639577],[107.6276068,-7.0661405],[107.628896,-7.0689545],[107.6328802,-7.0729488],[107.6354681,-7.0822626],[107.6383557,-7.0846391],[107.6390487,-7.0906737],[107.6403965,-7.0926502],[107.6413787,-7.092812],[107.6437124,-7.0993106]]]}},{"type":"Feature","properties":{"kecamatan":"Arjasari","desa":"Batukarut"},"geometry":{"type":"Polygon","coordinates":[[[107.6125684,-7.0550489],[107.6125311,-7.0531424],[107.6139093,-7.0518017],[107.6145364,-7.0484678],[107.6103184,-7.0474275],[107.6074941,-7.0482442],[107.6053311,-7.0478812],[107.6012923,-7.0456887],[107.5998745,-7.0445489],[107.5979718,-7.0402347],[107.5964193,-7.0386503],[107.596494,-7.037565],[107.5936134,-7.035994],[107.5926626,-7.0336382],[107.591175,-7.0340776],[107.5920127,-7.0443338],[107.5936897,-7.0445536],[107.5938218,-7.0466101],[107.5954318,-7.0484311],[107.5957387,-7.0499869],[107.5973427,-7.0511868],[107.5985578,-7.0504606],[107.5990499,-7.052036],[107.6010737,-7.0533686],[107.6023676,-7.0595062],[107.6020457,-7.0575779],[107.6031658,-7.0533013],[107.6007834,-7.050125],[107.6010251,-7.0488325],[107.6095262,-7.0518181],[107.6107412,-7.0549817],[107.6125684,-7.0550489]]]}},{"type":"Feature","properties":{"kecamatan":"Arjasari","desa":"Lebakwangi"},"geometry":{"type":"Polygon","coordinates":[[[107.6261766,-7.0499785],[107.6263259,-7.0482454],[107.6281478,-7.0451051],[107.6271066,-7.0453033],[107.6254828,-7.0438211],[107.6245826,-7.0459269],[107.6223851,-7.0469826],[107.6215062,-7.0449218],[107.6178272,-7.0444223],[107.6163925,-7.0408382],[107.6115102,-7.0402274],[107.6113512,-7.0395769],[107.6102837,-7.0403513],[107.6099652,-7.0383208],[107.6082534,-7.038463],[107.6080218,-7.0371543],[107.6044421,-7.0367968],[107.6029989,-7.0353023],[107.6014234,-7.0358023],[107.5987328,-7.0350394],[107.5984532,-7.0339421],[107.5967353,-7.0335095],[107.5965528,-7.0311057],[107.5950322,-7.0305962],[107.5946963,-7.0295918],[107.5910049,-7.0294878],[107.5908854,-7.0312522],[107.5936134,-7.035994],[107.596494,-7.037565],[107.5964193,-7.0386503],[107.5979718,-7.0402347],[107.5998745,-7.0445489],[107.6012923,-7.0456887],[107.6070128,-7.0482063],[107.6119373,-7.0476121],[107.6199189,-7.0513167],[107.6241564,-7.0513941],[107.6243243,-7.0501109],[107.6261766,-7.0499785]]]}},{"type":"Feature","properties":{"kecamatan":"Arjasari","desa":"Mangunjaya"},"geometry":{"type":"Polygon","coordinates":[[[107.6233495,-7.1230434],[107.6257976,-7.1197363],[107.627859,-7.119782],[107.6313083,-7.117098],[107.6335582,-7.1138046],[107.637958,-7.109668],[107.635947,-7.1064891],[107.6317919,-7.0921497],[107.6208895,-7.0761465],[107.6206114,-7.0720212],[107.6174871,-7.0637302],[107.6174646,-7.0612809],[107.6142523,-7.0593485],[107.6134217,-7.0560144],[107.6125896,-7.0561554],[107.6124555,-7.0549345],[107.6107412,-7.0549817],[107.6096486,-7.0518891],[107.6012973,-7.048721],[107.6007834,-7.050125],[107.6031658,-7.0533013],[107.6020457,-7.0575779],[107.6033228,-7.0624306],[107.6101629,-7.0705727],[107.6107939,-7.0747741],[107.6130747,-7.0761874],[107.6139452,-7.0811824],[107.6161798,-7.081388],[107.6197705,-7.0871928],[107.6218463,-7.0890002],[107.6249824,-7.0977229],[107.6301068,-7.101491],[107.6308035,-7.1101907],[107.627639,-7.1143594],[107.6230876,-7.1173702],[107.6201204,-7.1207075],[107.6233495,-7.1230434]]]}},{"type":"Feature","properties":{"kecamatan":"Arjasari","desa":"Mekarjaya"},"geometry":{"type":"Polygon","coordinates":[[[107.637958,-7.109668],[107.6399022,-7.1075749],[107.6413499,-7.107294],[107.6433279,-7.1045349],[107.6437124,-7.0993106],[107.6413787,-7.092812],[107.6403965,-7.0926502],[107.6390487,-7.0906737],[107.6383557,-7.0846391],[107.6354681,-7.0822626],[107.6328802,-7.0729488],[107.628896,-7.0689545],[107.6274552,-7.0637064],[107.6226687,-7.0603439],[107.6212605,-7.0599074],[107.6180308,-7.0605957],[107.6145497,-7.0585111],[107.6139425,-7.0571235],[107.6142523,-7.0593485],[107.6174741,-7.0613017],[107.6174871,-7.0637302],[107.6206114,-7.0720212],[107.6208895,-7.0761465],[107.6317919,-7.0921497],[107.635947,-7.1064891],[107.637958,-7.109668]]]}},{"type":"Feature","properties":{"kecamatan":"Arjasari","desa":"Patrolsari"},"geometry":{"type":"Polygon","coordinates":[[[107.6863242,-7.0573282],[107.685359,-7.055531],[107.6861586,-7.050005],[107.6835001,-7.0481989],[107.6771179,-7.0488452],[107.6725761,-7.0480504],[107.669071,-7.046808],[107.6675211,-7.0448303],[107.6656647,-7.045516],[107.6627246,-7.0441579],[107.6622264,-7.0474052],[107.6561,-7.0519317],[107.6558367,-7.0536267],[107.6568433,-7.0543433],[107.6545883,-7.0579533],[107.6548667,-7.06088],[107.659155,-7.062285],[107.6614825,-7.0637609],[107.6623267,-7.065295],[107.6644267,-7.065995],[107.6659033,-7.0653983],[107.6677967,-7.0672483],[107.6709437,-7.067795],[107.6726929,-7.0670057],[107.6733021,-7.0683928],[107.6747984,-7.0675619],[107.6758353,-7.0641973],[107.6794335,-7.0592453],[107.6807085,-7.0592303],[107.681271,-7.0583827],[107.6831897,-7.0585979],[107.6846732,-7.0571095],[107.6856085,-7.0578962],[107.6863242,-7.0573282]]]}},{"type":"Feature","properties":{"kecamatan":"Arjasari","desa":"Pinggirsari"},"geometry":{"type":"Polygon","coordinates":[[[107.6294066,-7.1261053],[107.634022,-7.117902],[107.635837,-7.1160545],[107.6420375,-7.1130277],[107.6485349,-7.1111746],[107.6531047,-7.106186],[107.6557133,-7.1049573],[107.6547279,-7.1051152],[107.6536904,-7.1036627],[107.6559142,-7.0970392],[107.6571163,-7.0969307],[107.6572118,-7.0958542],[107.6591567,-7.0958909],[107.6621591,-7.0946005],[107.6626055,-7.0937791],[107.6620077,-7.0921974],[107.6605284,-7.09217],[107.6603853,-7.0910088],[107.6594927,-7.0908755],[107.6600662,-7.0894664],[107.6637874,-7.0860237],[107.6635566,-7.0852324],[107.6651669,-7.0832051],[107.6655072,-7.0795398],[107.6641038,-7.077374],[107.6655459,-7.0737702],[107.6646841,-7.0720767],[107.6653809,-7.0710552],[107.6676989,-7.070929],[107.6676004,-7.0700641],[107.671092,-7.0679761],[107.6705467,-7.0673133],[107.6677967,-7.0672483],[107.6659033,-7.0653983],[107.6644267,-7.065995],[107.6623267,-7.065295],[107.6614825,-7.0637609],[107.659155,-7.062285],[107.6548667,-7.06088],[107.654615,-7.0574117],[107.656855,-7.0542617],[107.6558367,-7.0536267],[107.6560683,-7.0519917],[107.6622264,-7.0474052],[107.6627246,-7.0441579],[107.6608888,-7.0428526],[107.6571239,-7.04362],[107.6492404,-7.0418529],[107.6465327,-7.0401887],[107.6454907,-7.0377068],[107.6432239,-7.0363882],[107.6408319,-7.0396729],[107.6410727,-7.0410224],[107.6419607,-7.0423133],[107.6443796,-7.0424136],[107.6451195,-7.0452687],[107.6462521,-7.0461326],[107.6462561,-7.0487413],[107.6491361,-7.0481305],[107.6514632,-7.0499432],[107.6504688,-7.0542049],[107.6526137,-7.0641135],[107.6522541,-7.0672716],[107.6529516,-7.0684654],[107.6529728,-7.0719254],[107.6491624,-7.0825063],[107.6440519,-7.0882511],[107.6433279,-7.1045349],[107.6413499,-7.107294],[107.6399022,-7.1075749],[107.6335582,-7.1138046],[107.6313083,-7.117098],[107.627859,-7.119782],[107.6257976,-7.1197363],[107.6233495,-7.1230434],[107.6259303,-7.1249642],[107.6294066,-7.1261053]]]}},{"type":"Feature","properties":{"kecamatan":"Arjasari","desa":"Rancakole"},"geometry":{"type":"Polygon","coordinates":[[[107.6644761,-7.0779414],[107.668819,-7.0783421],[107.6706031,-7.0805052],[107.6733526,-7.0811779],[107.6748471,-7.080366],[107.676459,-7.0773289],[107.6781091,-7.0762808],[107.6770616,-7.0789053],[107.6790634,-7.0774057],[107.6816826,-7.0778418],[107.6822493,-7.078484],[107.6813962,-7.0802118],[107.6841685,-7.0826982],[107.6845014,-7.0798261],[107.686251,-7.0763049],[107.6873157,-7.0758349],[107.688429,-7.0720706],[107.6885613,-7.0691997],[107.6866793,-7.0684382],[107.6847595,-7.0651884],[107.6851252,-7.0619737],[107.6861684,-7.0601566],[107.6853673,-7.0573823],[107.6793289,-7.0593446],[107.6758353,-7.0641973],[107.6746075,-7.0677184],[107.6730737,-7.0683668],[107.6726929,-7.0670057],[107.6711173,-7.0672181],[107.6709332,-7.0681702],[107.6676004,-7.0700641],[107.6676989,-7.070929],[107.6652894,-7.0711131],[107.6646841,-7.0720767],[107.6655459,-7.0737702],[107.6652344,-7.0758856],[107.664138,-7.0771129],[107.6644761,-7.0779414]]]}},{"type":"Feature","properties":{"kecamatan":"Arjasari","desa":"Wargaluyu"},"geometry":{"type":"Polygon","coordinates":[[[107.6432239,-7.0363882],[107.6429507,-7.0347025],[107.64121,-7.0348267],[107.637356,-7.031357],[107.633356,-7.029375],[107.630732,-7.029231],[107.630954,-7.027944],[107.630059,-7.027108],[107.624067,-7.026896],[107.622047,-7.027781],[107.618207,-7.025769],[107.6093518,-7.0302347],[107.6088424,-7.0315697],[107.6071082,-7.0324345],[107.607424,-7.0335716],[107.6050998,-7.0334416],[107.6042208,-7.0323396],[107.602385,-7.0329976],[107.6039247,-7.0365609],[107.6080218,-7.0371543],[107.6082534,-7.038463],[107.6099652,-7.0383208],[107.6102837,-7.0403513],[107.6113512,-7.0395769],[107.6115102,-7.0402274],[107.6163925,-7.0408382],[107.6178272,-7.0444223],[107.6215062,-7.0449218],[107.6223851,-7.0469826],[107.6245826,-7.0459269],[107.6254828,-7.0438211],[107.6271066,-7.0453033],[107.6290127,-7.0450673],[107.6289271,-7.04337],[107.6315268,-7.0416989],[107.6389874,-7.0418688],[107.6432239,-7.0363882]]]}},{"type":"Feature","properties":{"kecamatan":"Baleendah","desa":"Kel. Andir"},"geometry":{"type":"Polygon","coordinates":[[[107.6176265,-7.0259285],[107.618462,-7.024865],[107.618152,-7.020172],[107.619942,-7.018316],[107.619964,-7.016803],[107.618848,-7.016075],[107.617812,-7.016432],[107.617312,-7.013732],[107.616209,-7.013694],[107.615667,-7.012105],[107.6147185,-7.011861],[107.6148918,-7.008764],[107.6134247,-7.0066942],[107.615455,-7.005842],[107.626393,-6.991193],[107.623558,-6.987861],[107.619722,-6.988114],[107.618817,-6.986315],[107.616691,-6.98569],[107.61688,-6.983852],[107.619107,-6.981821],[107.617796,-6.980074],[107.617315,-6.97709],[107.615301,-6.975654],[107.612721,-6.978092],[107.609656,-6.978332],[107.6088818,-6.9791711],[107.6092604,-6.9797986],[107.6110954,-6.9793716],[107.6112715,-6.9800624],[107.6123941,-6.9801129],[107.6125154,-6.9828096],[107.6103932,-6.9832371],[107.6101969,-6.9886835],[107.6079498,-6.9883103],[107.6095766,-6.9911783],[107.6098519,-6.9946423],[107.6104856,-6.9951344],[107.6092015,-6.9988567],[107.6160396,-6.996929],[107.6179898,-6.9971907],[107.6171074,-6.997989],[107.6184648,-6.9992591],[107.6162698,-7.0005274],[107.6171003,-7.0010513],[107.6168018,-7.0035117],[107.612579,-7.0063015],[107.6083683,-7.0132489],[107.6117023,-7.015443],[107.6135278,-7.0182368],[107.6138027,-7.0214755],[107.6155372,-7.0224581],[107.6176265,-7.0259285]]]}},{"type":"Feature","properties":{"kecamatan":"Baleendah","desa":"Kel. Baleendah"},"geometry":{"type":"Polygon","coordinates":[[[107.631415,-7.029451],[107.633356,-7.029375],[107.6327135,-7.0247578],[107.633199,-7.019897],[107.6372268,-7.0152798],[107.6375341,-7.0125936],[107.6360911,-7.0119199],[107.6362606,-7.0111673],[107.6393903,-7.0064656],[107.6410857,-7.0058113],[107.6380739,-7.0025839],[107.6333069,-6.9998672],[107.63363,-6.9977448],[107.631807,-6.9962488],[107.6315357,-6.9938353],[107.6343162,-6.9928699],[107.632357,-6.9899526],[107.6291016,-6.9915452],[107.626393,-6.991193],[107.615455,-7.005842],[107.6134247,-7.0066942],[107.6148918,-7.008764],[107.6147185,-7.011861],[107.615667,-7.012105],[107.616209,-7.013694],[107.617312,-7.013732],[107.617812,-7.016432],[107.618848,-7.016075],[107.619964,-7.016803],[107.619942,-7.018316],[107.618152,-7.020172],[107.618462,-7.024865],[107.6176265,-7.0259285],[107.622047,-7.027781],[107.624067,-7.026896],[107.62883,-7.02679],[107.630615,-7.027585],[107.630732,-7.029231],[107.631415,-7.029451]]]}},{"type":"Feature","properties":{"kecamatan":"Baleendah","desa":"Bojongmalaka"},"geometry":{"type":"Polygon","coordinates":[[[107.6109334,-7.0056255],[107.6110253,-7.0049411],[107.6137755,-7.0037327],[107.6146416,-7.0022166],[107.6168018,-7.0035117],[107.6171003,-7.0010513],[107.6162698,-7.0005274],[107.618446,-6.9993032],[107.6171074,-6.997989],[107.6179898,-6.9971907],[107.6158956,-6.9969393],[107.6092015,-6.9988567],[107.6104856,-6.9951344],[107.6098519,-6.9946423],[107.6095766,-6.9911783],[107.6079498,-6.9883103],[107.6101969,-6.9886835],[107.6103932,-6.9832371],[107.6125127,-6.9832396],[107.6123941,-6.9801129],[107.6112715,-6.9800624],[107.6110954,-6.9793716],[107.6092604,-6.9797986],[107.6088818,-6.9791711],[107.6073011,-6.9808983],[107.6036844,-6.9800958],[107.601368,-6.9819965],[107.6015961,-6.9849814],[107.6032,-6.986816],[107.6024403,-6.9870378],[107.6029304,-6.9882521],[107.6049639,-6.9890155],[107.6033896,-6.9907936],[107.6032831,-6.9967777],[107.6035504,-6.9984809],[107.6041613,-6.9985863],[107.6028102,-7.0028379],[107.6078824,-7.003618],[107.6093111,-7.0027475],[107.6086065,-7.0054244],[107.6109334,-7.0056255]]]}},{"type":"Feature","properties":{"kecamatan":"Baleendah","desa":"Kel. Jelekong"},"geometry":{"type":"Polygon","coordinates":[[[107.6479384,-7.0412028],[107.6571239,-7.04362],[107.6608888,-7.0428526],[107.665428,-7.0454437],[107.6667956,-7.0375221],[107.6677405,-7.0374509],[107.6677784,-7.0362314],[107.6693328,-7.0359505],[107.669663,-7.0345637],[107.6689214,-7.0304258],[107.669403,-7.0273854],[107.6685734,-7.027173],[107.6674612,-7.0248932],[107.6679628,-7.016545],[107.6672326,-7.0115486],[107.6706989,-7.0126048],[107.6739821,-7.0117684],[107.6717622,-7.0028204],[107.671922,-7.0014716],[107.6734749,-7.0005065],[107.6741655,-6.998515],[107.6720366,-6.9979169],[107.6714094,-6.9991376],[107.6694481,-6.9998782],[107.6707567,-7.0013692],[107.67037,-7.0021925],[107.6688834,-7.0026047],[107.667199,-7.0012855],[107.6656525,-7.0030628],[107.6645379,-7.0030811],[107.6625722,-7.007472],[107.6592449,-7.0090349],[107.6593662,-7.0114968],[107.6573571,-7.0130744],[107.6565738,-7.016765],[107.6552294,-7.0166089],[107.6552309,-7.0195749],[107.6510069,-7.026394],[107.6490612,-7.0322999],[107.6444152,-7.0362405],[107.6462676,-7.0398674],[107.6479384,-7.0412028]]]}},{"type":"Feature","properties":{"kecamatan":"Baleendah","desa":"Malakasari"},"geometry":{"type":"Polygon","coordinates":[[[107.5969596,-7.0142514],[107.5983677,-7.0142723],[107.5984846,-7.0161495],[107.6008224,-7.0181523],[107.6008412,-7.017315],[107.6057501,-7.0161345],[107.6076934,-7.0143729],[107.612579,-7.0063015],[107.6166881,-7.0035306],[107.6146416,-7.0022166],[107.6137755,-7.0037327],[107.6110253,-7.0049411],[107.6109334,-7.0056255],[107.6086065,-7.0054244],[107.6093111,-7.0027475],[107.6078824,-7.003618],[107.6028102,-7.0028379],[107.6019368,-7.0048954],[107.6005527,-7.0045998],[107.6003977,-7.0056488],[107.6017148,-7.0059868],[107.6016914,-7.0067628],[107.6002781,-7.0077535],[107.5992406,-7.0107827],[107.5963967,-7.0098396],[107.5969596,-7.0142514]]]}},{"type":"Feature","properties":{"kecamatan":"Baleendah","desa":"Kel. Manggahang"},"geometry":{"type":"Polygon","coordinates":[[[107.633356,-7.029375],[107.637356,-7.031357],[107.64121,-7.0348267],[107.6429507,-7.0347025],[107.6435672,-7.0365924],[107.6457157,-7.0357492],[107.6490612,-7.0322999],[107.6510069,-7.026394],[107.6552309,-7.0195749],[107.6552294,-7.0166089],[107.6565738,-7.016765],[107.6573571,-7.0130744],[107.6593662,-7.0114968],[107.6592449,-7.0090349],[107.6625722,-7.007472],[107.6645379,-7.0030811],[107.6619,-7.00138],[107.6591876,-7.0025847],[107.6587945,-7.0060621],[107.6551612,-7.0079815],[107.6538142,-7.0076718],[107.6529649,-7.0110908],[107.651278,-7.013037],[107.6515885,-7.0146169],[107.6479312,-7.0115317],[107.6490578,-7.0082689],[107.6476525,-7.0085817],[107.6467885,-7.010537],[107.6461296,-7.0084181],[107.6445456,-7.0087256],[107.6436826,-7.0066997],[107.642031,-7.006647],[107.6396254,-7.0094398],[107.6382752,-7.008344],[107.638594,-7.007708],[107.6360911,-7.0119199],[107.6375341,-7.0125936],[107.637172,-7.0154631],[107.633199,-7.019897],[107.6327135,-7.0247578],[107.633356,-7.029375]]]}},{"type":"Feature","properties":{"kecamatan":"Baleendah","desa":"Rancamanyar"},"geometry":{"type":"Polygon","coordinates":[[[107.5915999,-7.0040849],[107.5932946,-7.0037121],[107.5949551,-7.0018548],[107.5959671,-6.998275],[107.5977656,-6.9989591],[107.5985697,-6.9969565],[107.5996517,-6.997304],[107.6009798,-6.9993417],[107.6015146,-6.9982736],[107.6035504,-6.9984809],[107.6033896,-6.9907936],[107.6049639,-6.9890155],[107.6029304,-6.9882521],[107.6024403,-6.9870378],[107.6032,-6.986816],[107.6015961,-6.9849814],[107.601376,-6.982027],[107.5997306,-6.9825714],[107.6008496,-6.9787921],[107.6004392,-6.9781182],[107.5965434,-6.9785773],[107.5920813,-6.9809821],[107.5896765,-6.9788124],[107.5889197,-6.9819151],[107.5916579,-6.9834832],[107.592023,-6.9852464],[107.5897181,-6.986179],[107.5872689,-6.9846718],[107.5851785,-6.9870705],[107.5823389,-6.9856923],[107.5807522,-6.9868547],[107.5806643,-6.987357],[107.5824864,-6.9871631],[107.5826085,-6.9880399],[107.5860053,-6.9886536],[107.5867733,-6.9901136],[107.5865177,-6.9927895],[107.5884255,-6.992626],[107.5896705,-6.9948162],[107.588711,-6.9960717],[107.589288,-6.9976707],[107.5881075,-7.0002731],[107.5894909,-6.9998791],[107.5892003,-7.002428],[107.5915999,-7.0040849]]]}},{"type":"Feature","properties":{"kecamatan":"Baleendah","desa":"Kel. Wargamekar"},"geometry":{"type":"Polygon","coordinates":[[[107.6766256,-7.0488096],[107.6808455,-7.0482348],[107.677716,-7.0426673],[107.6790761,-7.0401635],[107.6798237,-7.0321631],[107.679483,-7.0276891],[107.6787398,-7.0274294],[107.6793533,-7.0260192],[107.6790364,-7.00905],[107.6803773,-7.008163],[107.6813437,-7.0089566],[107.6849896,-7.0076288],[107.6859375,-7.0044371],[107.6846703,-7.0026686],[107.6845,-6.998038],[107.682938,-6.997755],[107.680655,-6.994259],[107.680157,-6.994831],[107.678822,-6.994376],[107.678493,-6.995978],[107.676632,-6.994659],[107.6729566,-6.9959089],[107.6724216,-6.9968528],[107.6720366,-6.9979169],[107.6741655,-6.998515],[107.6734749,-7.0005065],[107.671922,-7.0014716],[107.6717622,-7.0028204],[107.6739821,-7.0117684],[107.6706989,-7.0126048],[107.6672326,-7.0115486],[107.6679628,-7.016545],[107.6674612,-7.0248932],[107.6685734,-7.027173],[107.669403,-7.0273854],[107.6689214,-7.0304258],[107.669663,-7.0345637],[107.6693328,-7.0359505],[107.6677784,-7.0362314],[107.6677405,-7.0374509],[107.6667956,-7.0375221],[107.6652129,-7.044811],[107.6664451,-7.0455961],[107.6675211,-7.0448303],[107.6690714,-7.0468082],[107.6766256,-7.0488096]]]}},{"type":"Feature","properties":{"kecamatan":"Banjaran","desa":"Banjaran"},"geometry":{"type":"Polygon","coordinates":[[[107.5945239,-7.0643437],[107.5952556,-7.0634572],[107.593337,-7.0630785],[107.5921416,-7.061723],[107.5923782,-7.0602949],[107.5913954,-7.0582998],[107.5921491,-7.057413],[107.5915231,-7.0550998],[107.5930506,-7.0553573],[107.5924625,-7.0541],[107.5917055,-7.0542158],[107.592969,-7.0524923],[107.5922542,-7.0522755],[107.5917147,-7.0482167],[107.5903016,-7.0481412],[107.590244,-7.0456513],[107.5909947,-7.0447667],[107.5922558,-7.0448838],[107.5920377,-7.0420627],[107.5906713,-7.042238],[107.5904599,-7.0403705],[107.5845797,-7.0403995],[107.5839632,-7.0451049],[107.5848081,-7.0469081],[107.5845506,-7.0493207],[107.5873547,-7.0494951],[107.5873717,-7.0504991],[107.5900406,-7.0519919],[107.5907782,-7.058963],[107.5919585,-7.0594162],[107.5920792,-7.0618457],[107.5945239,-7.0643437]]]}},{"type":"Feature","properties":{"kecamatan":"Banjaran","desa":"Banjaran Wetan"},"geometry":{"type":"Polygon","coordinates":[[[107.6253041,-7.1162663],[107.6308035,-7.1101907],[107.6301068,-7.101491],[107.6249824,-7.0977229],[107.6218463,-7.0890002],[107.6197705,-7.0871928],[107.6165161,-7.081734],[107.6139452,-7.0811824],[107.6130747,-7.0761874],[107.6107939,-7.0747741],[107.6101629,-7.0705727],[107.6064442,-7.0667668],[107.6056331,-7.0646323],[107.6028526,-7.061505],[107.6010737,-7.0533686],[107.5990499,-7.052036],[107.5985578,-7.0504606],[107.5973427,-7.0511868],[107.5957387,-7.0499869],[107.5954318,-7.0484311],[107.5938218,-7.0466101],[107.5936897,-7.0445536],[107.5909947,-7.0447667],[107.590244,-7.0456513],[107.5903016,-7.0481412],[107.5917147,-7.0482167],[107.5922542,-7.0522755],[107.592969,-7.0524923],[107.5917055,-7.0542158],[107.5924625,-7.0541],[107.5930506,-7.0553573],[107.59151,-7.0552442],[107.5921416,-7.061723],[107.593337,-7.0630785],[107.5952556,-7.0634572],[107.5945239,-7.0643437],[107.5956136,-7.0670502],[107.598564,-7.0694977],[107.6003739,-7.0727872],[107.604062,-7.076805],[107.6044827,-7.0790581],[107.6067466,-7.0813798],[107.6072641,-7.0840249],[107.611089,-7.0874345],[107.6144255,-7.0968624],[107.6181397,-7.1029086],[107.6190118,-7.1089707],[107.6223527,-7.1124486],[107.6245776,-7.1163662],[107.6253041,-7.1162663]]]}},{"type":"Feature","properties":{"kecamatan":"Banjaran","desa":"Ciapus"},"geometry":{"type":"Polygon","coordinates":[[[107.6044827,-7.0790581],[107.6046555,-7.0778976],[107.6026794,-7.0748115],[107.6003739,-7.0727872],[107.598564,-7.0694977],[107.5956136,-7.0670502],[107.5945239,-7.0643437],[107.5920792,-7.0618457],[107.5921264,-7.0597212],[107.5907782,-7.058963],[107.5902159,-7.0566954],[107.5900406,-7.0519919],[107.5873717,-7.0504991],[107.5873547,-7.0494951],[107.5854987,-7.049342],[107.5858011,-7.0513551],[107.5847855,-7.0553547],[107.5866223,-7.056825],[107.5862068,-7.0599319],[107.5869164,-7.0597902],[107.5874899,-7.0616998],[107.5856752,-7.0624789],[107.5867003,-7.0656963],[107.5859378,-7.0673417],[107.5861385,-7.0700281],[107.5864948,-7.0721261],[107.5873789,-7.0727608],[107.5860641,-7.0757],[107.5893795,-7.0759672],[107.5891037,-7.0780059],[107.5922372,-7.0789436],[107.5917766,-7.0774685],[107.5930158,-7.0769165],[107.5926555,-7.0754086],[107.5938048,-7.0748355],[107.5945129,-7.0762805],[107.5960512,-7.0757058],[107.5971671,-7.076234],[107.5976714,-7.0746064],[107.600746,-7.0781644],[107.6044827,-7.0790581]]]}},{"type":"Feature","properties":{"kecamatan":"Banjaran","desa":"Kamasan"},"geometry":{"type":"Polygon","coordinates":[[[107.5780158,-7.0568646],[107.578714,-7.0568091],[107.5785532,-7.0552695],[107.579855,-7.0544425],[107.5796584,-7.0532732],[107.580832,-7.0531835],[107.580737,-7.0521659],[107.5831585,-7.0519976],[107.5837398,-7.0476879],[107.584787,-7.0477358],[107.5848081,-7.0469081],[107.5828608,-7.0442328],[107.5794374,-7.0439981],[107.5792823,-7.0427859],[107.5772707,-7.0411615],[107.5760011,-7.0430198],[107.5759124,-7.0424122],[107.5740117,-7.0423028],[107.5738952,-7.0437392],[107.5696254,-7.0441258],[107.5731249,-7.0453531],[107.5733843,-7.0470261],[107.5727226,-7.0476174],[107.5737248,-7.0480775],[107.5736947,-7.0502971],[107.5755618,-7.0501723],[107.5760024,-7.0523435],[107.5778765,-7.0523165],[107.5771557,-7.0568392],[107.5780158,-7.0568646]]]}},{"type":"Feature","properties":{"kecamatan":"Banjaran","desa":"Kiangroke"},"geometry":{"type":"Polygon","coordinates":[[[107.5696417,-7.0584501],[107.5716378,-7.0545547],[107.5735747,-7.0553271],[107.5741455,-7.0541254],[107.5757909,-7.0536416],[107.5761857,-7.0516068],[107.5755618,-7.0501723],[107.574121,-7.0505665],[107.5734044,-7.0497617],[107.5737248,-7.0480775],[107.5727226,-7.0476174],[107.5733843,-7.0470261],[107.5731249,-7.0453531],[107.5614651,-7.0439002],[107.5605155,-7.0491053],[107.558729,-7.0509169],[107.5609311,-7.0522154],[107.5609874,-7.0534061],[107.5639465,-7.0542134],[107.5641537,-7.0549091],[107.5644914,-7.0544828],[107.5652489,-7.0563995],[107.5646501,-7.0577298],[107.5696417,-7.0584501]]]}},{"type":"Feature","properties":{"kecamatan":"Banjaran","desa":"Margahurip"},"geometry":{"type":"Polygon","coordinates":[[[107.5656346,-7.0699242],[107.5662345,-7.0625196],[107.5687587,-7.0607566],[107.5696417,-7.0584501],[107.5646501,-7.0577298],[107.5652489,-7.0563995],[107.5644914,-7.0544828],[107.5641537,-7.0549091],[107.5639465,-7.0542134],[107.5609874,-7.0534061],[107.5609311,-7.0522154],[107.558729,-7.0509169],[107.5567796,-7.0535878],[107.5567343,-7.0556146],[107.5580052,-7.0582902],[107.5567582,-7.0629563],[107.5576755,-7.0638091],[107.5568699,-7.0681933],[107.557259,-7.0687809],[107.5594234,-7.0680396],[107.5604253,-7.0698503],[107.5656346,-7.0699242]]]}},{"type":"Feature","properties":{"kecamatan":"Banjaran","desa":"Mekarjaya"},"geometry":{"type":"Polygon","coordinates":[[[107.6230876,-7.1173702],[107.6245776,-7.1163662],[107.6223527,-7.1124486],[107.6190118,-7.1089707],[107.6181397,-7.1029086],[107.6144255,-7.0968624],[107.6127459,-7.0908347],[107.611089,-7.0874345],[107.6072641,-7.0840249],[107.6067466,-7.0813798],[107.6049635,-7.0792498],[107.600746,-7.0781644],[107.5976714,-7.0746064],[107.5971671,-7.076234],[107.5960512,-7.0757058],[107.5945129,-7.0762805],[107.5938048,-7.0748355],[107.5926555,-7.0754086],[107.5930158,-7.0769165],[107.5917766,-7.0774685],[107.5922372,-7.0789436],[107.5891037,-7.0780059],[107.5893795,-7.0759672],[107.5859773,-7.0757506],[107.5860111,-7.0768013],[107.5849065,-7.0772199],[107.5836517,-7.0802306],[107.5860372,-7.0879105],[107.5882838,-7.0889291],[107.5905619,-7.0934265],[107.5926048,-7.0943834],[107.5941235,-7.0985865],[107.5961232,-7.0993672],[107.604464,-7.0949678],[107.6050603,-7.0961928],[107.6084956,-7.0980706],[107.6112982,-7.1009814],[107.6193083,-7.1155689],[107.6230876,-7.1173702]]]}},{"type":"Feature","properties":{"kecamatan":"Banjaran","desa":"Neglasari"},"geometry":{"type":"Polygon","coordinates":[[[107.5732326,-7.0736163],[107.5746228,-7.073094],[107.5748035,-7.0707736],[107.5770229,-7.0701929],[107.5773442,-7.0665876],[107.5750223,-7.0638444],[107.5753373,-7.061937],[107.5763292,-7.0615812],[107.5760838,-7.0604635],[107.5774682,-7.0589173],[107.5769846,-7.0574739],[107.5778765,-7.0523165],[107.577339,-7.052168],[107.5760024,-7.0523435],[107.5757527,-7.0537763],[107.5743123,-7.0540019],[107.5735747,-7.0553271],[107.5716378,-7.0545547],[107.5687587,-7.0607566],[107.5662345,-7.0625196],[107.5657511,-7.069077],[107.5677728,-7.0690573],[107.5678083,-7.0699512],[107.5699608,-7.0705415],[107.5704588,-7.0718407],[107.5732326,-7.0736163]]]}},{"type":"Feature","properties":{"kecamatan":"Banjaran","desa":"Pasirmulya"},"geometry":{"type":"Polygon","coordinates":[[[107.6208387,-7.1203314],[107.6230876,-7.1173702],[107.6195827,-7.1158256],[107.6179192,-7.1137405],[107.6139482,-7.1048542],[107.6084956,-7.0980706],[107.6069709,-7.0976345],[107.6039417,-7.094732],[107.5987819,-7.0983169],[107.595331,-7.0994749],[107.5941023,-7.0985541],[107.5926048,-7.0943834],[107.5905619,-7.0934265],[107.5882838,-7.0889291],[107.5860976,-7.0880178],[107.5836615,-7.079845],[107.5849065,-7.0772199],[107.5860111,-7.0768013],[107.5873133,-7.0726751],[107.5850507,-7.071034],[107.5830918,-7.0707939],[107.5835098,-7.0745005],[107.5808121,-7.0761946],[107.5773833,-7.0727349],[107.5770229,-7.0701929],[107.5748035,-7.0707736],[107.5742649,-7.0726101],[107.5761391,-7.0748537],[107.5778357,-7.0801236],[107.5829193,-7.0871758],[107.5837424,-7.089909],[107.5857006,-7.091784],[107.5858105,-7.0932539],[107.5901019,-7.0974506],[107.593362,-7.0993061],[107.596504,-7.102605],[107.5980447,-7.1057553],[107.6014327,-7.1075425],[107.6039145,-7.1132675],[107.609216,-7.1180722],[107.6196557,-7.1210688],[107.6208387,-7.1203314]]]}},{"type":"Feature","properties":{"kecamatan":"Banjaran","desa":"Sindangpanon"},"geometry":{"type":"Polygon","coordinates":[[[107.5808121,-7.0761946],[107.5835098,-7.0745005],[107.5830918,-7.0707939],[107.5865484,-7.0717684],[107.5859214,-7.0674833],[107.5867003,-7.0656963],[107.5856752,-7.0624789],[107.5874899,-7.0616998],[107.5869164,-7.0597902],[107.5862068,-7.0599319],[107.5866223,-7.056825],[107.5847855,-7.0553547],[107.5858393,-7.0509991],[107.5854987,-7.049342],[107.5845506,-7.0493207],[107.584787,-7.0477358],[107.5837398,-7.0476879],[107.5831585,-7.0519976],[107.580737,-7.0521659],[107.580832,-7.0531835],[107.5796584,-7.0532732],[107.5794083,-7.0552298],[107.5785532,-7.0552695],[107.578714,-7.0568091],[107.5770264,-7.0569278],[107.5774682,-7.0589173],[107.5760838,-7.0604635],[107.5763292,-7.0615812],[107.5750889,-7.0624691],[107.5754504,-7.065071],[107.5773442,-7.0665876],[107.5771394,-7.0722638],[107.5808121,-7.0761946]]]}},{"type":"Feature","properties":{"kecamatan":"Banjaran","desa":"Tarajusari"},"geometry":{"type":"Polygon","coordinates":[[[107.5839971,-7.0454651],[107.5845797,-7.0403995],[107.5904599,-7.0403705],[107.5906713,-7.042238],[107.5916405,-7.0419983],[107.5921722,-7.0411195],[107.5912429,-7.039699],[107.591175,-7.0340776],[107.5926626,-7.0336382],[107.592043,-7.0326736],[107.5915691,-7.033344],[107.5903229,-7.0330602],[107.5898193,-7.031425],[107.5890926,-7.0323129],[107.587443,-7.0319212],[107.5877942,-7.0308276],[107.5867418,-7.0312413],[107.5868091,-7.0303005],[107.5860681,-7.0305749],[107.5862492,-7.0287862],[107.5843771,-7.0279934],[107.5847484,-7.030215],[107.5832546,-7.03013],[107.5835497,-7.031563],[107.5825117,-7.0308227],[107.5813251,-7.0330673],[107.5810973,-7.0321289],[107.5796977,-7.0322155],[107.5804547,-7.032778],[107.580409,-7.0349015],[107.5799655,-7.0338997],[107.5788085,-7.0351624],[107.5776877,-7.034804],[107.5775452,-7.0375453],[107.579071,-7.0395596],[107.5770527,-7.0393593],[107.5763245,-7.0411835],[107.5792535,-7.0427498],[107.5794374,-7.0439981],[107.5828608,-7.0442328],[107.5839971,-7.0454651]]]}},{"type":"Feature","properties":{"kecamatan":"Bojongsoang","desa":"Bojongsari"},"geometry":{"type":"Polygon","coordinates":[[[107.638539,-7.0086545],[107.6396254,-7.0094398],[107.642031,-7.006647],[107.6436826,-7.0066997],[107.6445456,-7.0087256],[107.6461296,-7.0084181],[107.6467885,-7.010537],[107.6476525,-7.0085817],[107.6490578,-7.0082689],[107.6479312,-7.0115317],[107.6515885,-7.0146169],[107.651278,-7.013037],[107.6529649,-7.0110908],[107.6538142,-7.0076718],[107.6551612,-7.0079815],[107.6587945,-7.0060621],[107.6591876,-7.0025847],[107.6619,-7.00138],[107.6653319,-7.0032476],[107.667199,-7.0012855],[107.6688834,-7.0026047],[107.6707348,-7.0018088],[107.6694481,-6.9998782],[107.6706414,-6.9984058],[107.6689927,-6.9974419],[107.6686996,-6.9915477],[107.657223,-6.989657],[107.6568975,-6.9951402],[107.6560555,-6.994344],[107.653819,-6.9960841],[107.6528886,-6.9951185],[107.6506595,-6.9959584],[107.6477404,-6.9997196],[107.644788,-6.99934],[107.645168,-6.9956525],[107.6424914,-6.9952393],[107.6423533,-6.9941093],[107.640612,-6.993426],[107.6357593,-6.9927252],[107.6364324,-6.9907272],[107.6347103,-6.9905482],[107.633731,-6.991441],[107.6341087,-6.9931691],[107.6315357,-6.9938353],[107.631807,-6.9962488],[107.6335263,-6.9974496],[107.6333947,-7.0000228],[107.6351977,-7.0004097],[107.6410857,-7.0058113],[107.6393903,-7.0064656],[107.638539,-7.0086545]]]}},{"type":"Feature","properties":{"kecamatan":"Bojongsoang","desa":"Bojongsoang"},"geometry":{"type":"Polygon","coordinates":[[[107.6296641,-6.9826737],[107.631529,-6.9871766],[107.6309953,-6.9902461],[107.6324284,-6.9899746],[107.633731,-6.991441],[107.6351517,-6.9903698],[107.6364324,-6.9907272],[107.6357593,-6.9927252],[107.640612,-6.993426],[107.6423533,-6.9941093],[107.6424914,-6.9952393],[107.645168,-6.9956525],[107.644788,-6.99934],[107.6477404,-6.9997196],[107.6506595,-6.9959584],[107.6528886,-6.9951185],[107.653819,-6.9960841],[107.6560555,-6.994344],[107.6568975,-6.9951402],[107.6574083,-6.9944798],[107.6566116,-6.9932099],[107.657223,-6.989657],[107.6506,-6.9885656],[107.6510032,-6.9840971],[107.6501111,-6.9816139],[107.6469528,-6.9812444],[107.6463417,-6.9822333],[107.6440779,-6.9820344],[107.6392444,-6.9792],[107.6380742,-6.9794978],[107.6378022,-6.9779213],[107.635617,-6.977417],[107.6354028,-6.9780556],[107.634125,-6.9776111],[107.6296641,-6.9826737]]]}},{"type":"Feature","properties":{"kecamatan":"Bojongsoang","desa":"Buahbatu"},"geometry":{"type":"Polygon","coordinates":[[[107.6710193,-6.9992698],[107.6744784,-6.9930072],[107.6751662,-6.9902114],[107.675451,-6.9677859],[107.6643568,-6.9671256],[107.6651674,-6.9702036],[107.6642978,-6.9735139],[107.6649982,-6.9736116],[107.664846,-6.9752502],[107.6659361,-6.9754921],[107.6663914,-6.9802132],[107.6654755,-6.9909271],[107.6686996,-6.9915477],[107.6689927,-6.9974419],[107.6700332,-6.9975102],[107.6710193,-6.9992698]]]}},{"type":"Feature","properties":{"kecamatan":"Bojongsoang","desa":"Cipagalo"},"geometry":{"type":"Polygon","coordinates":[[[107.6355753,-6.9697037],[107.6393407,-6.9707915],[107.6392502,-6.9716023],[107.6478563,-6.9728407],[107.6567618,-6.9752724],[107.6663097,-6.9808963],[107.6659361,-6.9754921],[107.664846,-6.9752502],[107.6649982,-6.9736116],[107.6642978,-6.9735139],[107.6651674,-6.9702036],[107.6643568,-6.9671256],[107.6499134,-6.9644844],[107.6411451,-6.965692],[107.636523,-6.9652796],[107.6355753,-6.9697037]]]}},{"type":"Feature","properties":{"kecamatan":"Bojongsoang","desa":"Lengkong"},"geometry":{"type":"Polygon","coordinates":[[[107.6356977,-6.9697455],[107.6355841,-6.9727886],[107.6346151,-6.9726857],[107.632855,-6.9742491],[107.6341945,-6.9763574],[107.634125,-6.9776111],[107.6378022,-6.9779213],[107.6379972,-6.97945],[107.6392444,-6.9792],[107.6440779,-6.9820344],[107.6463417,-6.9822333],[107.6469528,-6.9812444],[107.6501111,-6.9816139],[107.6510032,-6.9840971],[107.6506,-6.9885656],[107.6654755,-6.9909271],[107.6663097,-6.9808963],[107.6567618,-6.9752724],[107.6478563,-6.9728407],[107.6392502,-6.9716023],[107.6393407,-6.9707915],[107.6356977,-6.9697455]]]}},{"type":"Feature","properties":{"kecamatan":"Bojongsoang","desa":"Tegalluar"},"geometry":{"type":"Polygon","coordinates":[[[107.6729566,-6.9959089],[107.676816,-6.994648],[107.6785735,-6.995941],[107.678745,-6.994444],[107.68035,-6.994773],[107.6809835,-6.9932308],[107.684641,-6.990536],[107.687062,-6.990146],[107.6871889,-6.9919724],[107.6883575,-6.9920607],[107.6890979,-6.9914885],[107.6884972,-6.9898102],[107.689687,-6.989881],[107.690819,-6.988679],[107.692156,-6.991149],[107.693022,-6.988965],[107.694927,-6.989485],[107.6949072,-6.9880534],[107.69724,-6.987216],[107.698188,-6.987452],[107.69842,-6.989291],[107.701302,-6.986788],[107.7019199,-6.9884087],[107.7062945,-6.9874863],[107.7052112,-6.9856433],[107.7057005,-6.9852472],[107.7033413,-6.984268],[107.7033514,-6.9828507],[107.7051898,-6.9833087],[107.7064011,-6.9780226],[107.7078706,-6.978153],[107.707626,-6.9768074],[107.7101093,-6.9776391],[107.7087055,-6.9757098],[107.7097829,-6.9744451],[107.7091563,-6.9712526],[107.7047595,-6.9697432],[107.7046501,-6.9672431],[107.699775,-6.9688567],[107.6942844,-6.9694991],[107.675451,-6.9677859],[107.6751662,-6.9902114],[107.6729566,-6.9959089]]]}},{"type":"Feature","properties":{"kecamatan":"Cangkuang","desa":"Bandasari"},"geometry":{"type":"Polygon","coordinates":[[[107.5153308,-7.0893444],[107.520075,-7.090108],[107.5211718,-7.0869287],[107.5204871,-7.0842988],[107.5228718,-7.0811465],[107.52239,-7.080279],[107.523583,-7.077907],[107.5259078,-7.0779591],[107.5264869,-7.0754184],[107.5309802,-7.0735719],[107.532393,-7.0721928],[107.5351343,-7.0717619],[107.534675,-7.0708295],[107.5374548,-7.0680243],[107.5404713,-7.0589884],[107.5404396,-7.0555675],[107.538278,-7.0548314],[107.5395528,-7.053723],[107.5404452,-7.0507537],[107.5414135,-7.0502424],[107.5386533,-7.0477833],[107.5399435,-7.0461558],[107.538947,-7.045064],[107.5394001,-7.0441118],[107.5378115,-7.0450352],[107.5382216,-7.0465794],[107.5366497,-7.0484345],[107.5351716,-7.0535017],[107.5341834,-7.0537532],[107.5340813,-7.0511681],[107.5323246,-7.0512944],[107.5278155,-7.0556384],[107.5224306,-7.070444],[107.5222046,-7.075399],[107.5214903,-7.0757331],[107.5206165,-7.0748199],[107.5181553,-7.0759242],[107.5164061,-7.078329],[107.514998,-7.0786355],[107.5102159,-7.0829435],[107.5153308,-7.0893444]]]}},{"type":"Feature","properties":{"kecamatan":"Cangkuang","desa":"Cangkuang"},"geometry":{"type":"Polygon","coordinates":[[[107.5536785,-7.0559032],[107.5605155,-7.0491053],[107.5614651,-7.0439002],[107.5606618,-7.0440012],[107.5605041,-7.0406812],[107.5611647,-7.0400397],[107.5601663,-7.0385633],[107.5614268,-7.0374574],[107.5617873,-7.032845],[107.56377,-7.0286311],[107.560475,-7.0270756],[107.5596275,-7.0274172],[107.5589324,-7.0311965],[107.5573276,-7.0332927],[107.5563358,-7.0299079],[107.5559528,-7.031445],[107.5551612,-7.0313833],[107.555205,-7.0288839],[107.5535127,-7.0284924],[107.5503324,-7.0326734],[107.5516299,-7.0388411],[107.5535946,-7.0401346],[107.5533453,-7.0416188],[107.554477,-7.0425604],[107.5541998,-7.0455078],[107.5527458,-7.0488038],[107.5527724,-7.0500937],[107.5550341,-7.0508521],[107.5533596,-7.0546711],[107.5536785,-7.0559032]]]}},{"type":"Feature","properties":{"kecamatan":"Cangkuang","desa":"Ciluncat"},"geometry":{"type":"Polygon","coordinates":[[[107.5533913,-7.0546006],[107.5550341,-7.0508521],[107.5527724,-7.0500937],[107.554477,-7.0425604],[107.5533453,-7.0416188],[107.5535946,-7.0401346],[107.5516299,-7.0388411],[107.5503324,-7.0326734],[107.5495481,-7.0338739],[107.5469526,-7.0346437],[107.5463293,-7.0373301],[107.5447883,-7.039054],[107.5431442,-7.0386649],[107.5417699,-7.041378],[107.5403678,-7.0414099],[107.538947,-7.045064],[107.5399435,-7.0461558],[107.5386533,-7.0477833],[107.5414135,-7.0502424],[107.5466021,-7.0520496],[107.5464716,-7.0528855],[107.5478708,-7.0531495],[107.547881,-7.0522025],[107.5487013,-7.0521121],[107.5491557,-7.0532333],[107.5519681,-7.0533943],[107.5533913,-7.0546006]]]}},{"type":"Feature","properties":{"kecamatan":"Cangkuang","desa":"Jatisari"},"geometry":{"type":"Polygon","coordinates":[[[107.5230529,-7.0942406],[107.524913,-7.09251],[107.5267487,-7.0890771],[107.5288943,-7.0890712],[107.5312012,-7.0877858],[107.531151,-7.085156],[107.5340122,-7.0815074],[107.5389586,-7.0805947],[107.5427262,-7.0769117],[107.5429079,-7.0734109],[107.5458229,-7.0730988],[107.548577,-7.074124],[107.5490576,-7.072175],[107.5506888,-7.0726771],[107.5511981,-7.0736933],[107.5529334,-7.0725411],[107.5537908,-7.0691473],[107.5559065,-7.0681491],[107.5567868,-7.0692752],[107.5576525,-7.0652941],[107.5576755,-7.0638091],[107.5567582,-7.0629563],[107.5572583,-7.0616],[107.555867,-7.0643976],[107.5552871,-7.0610627],[107.5526451,-7.0605469],[107.5524852,-7.0621496],[107.5518721,-7.0622102],[107.5478466,-7.0606981],[107.5466131,-7.0622282],[107.5442504,-7.0619314],[107.5457524,-7.0627395],[107.5448565,-7.0639127],[107.5449393,-7.065967],[107.5421763,-7.0681357],[107.5264869,-7.0754184],[107.5259078,-7.0779591],[107.5237281,-7.0777636],[107.52239,-7.080279],[107.5228718,-7.0811465],[107.5204871,-7.0842988],[107.5211718,-7.0869287],[107.520075,-7.090108],[107.5230529,-7.0942406]]]}},{"type":"Feature","properties":{"kecamatan":"Cangkuang","desa":"Nagrak"},"geometry":{"type":"Polygon","coordinates":[[[107.5351343,-7.0717619],[107.5449393,-7.065967],[107.5448565,-7.0639127],[107.5457524,-7.0627395],[107.5442504,-7.0619314],[107.5466131,-7.0622282],[107.5478466,-7.0606981],[107.5518721,-7.0622102],[107.5524852,-7.0621496],[107.5526451,-7.0605469],[107.5552871,-7.0610627],[107.5559075,-7.0643687],[107.5579911,-7.059696],[107.556817,-7.053398],[107.5536785,-7.0559032],[107.5519681,-7.0533943],[107.5491557,-7.0532333],[107.5487732,-7.0521338],[107.5474482,-7.0530993],[107.5464716,-7.0528855],[107.5466021,-7.0520496],[107.5415819,-7.0502156],[107.5404452,-7.0507537],[107.5395528,-7.053723],[107.538278,-7.0548314],[107.5404396,-7.0555675],[107.5396245,-7.0624784],[107.5374548,-7.0680243],[107.534675,-7.0708295],[107.5351343,-7.0717619]]]}},{"type":"Feature","properties":{"kecamatan":"Cangkuang","desa":"Pananjung"},"geometry":{"type":"Polygon","coordinates":[[[107.514998,-7.0786355],[107.5164061,-7.078329],[107.5181553,-7.0759242],[107.5196866,-7.0751421],[107.5222046,-7.075399],[107.5224306,-7.070444],[107.5278155,-7.0556384],[107.5323246,-7.0512944],[107.5340813,-7.0511681],[107.5341834,-7.0537532],[107.5351716,-7.0535017],[107.5366497,-7.0484345],[107.5382216,-7.0465794],[107.5378115,-7.0450352],[107.5394001,-7.0441118],[107.5403678,-7.0414099],[107.5417699,-7.041378],[107.5431442,-7.0386649],[107.5447883,-7.039054],[107.5463293,-7.0373301],[107.5469526,-7.0346437],[107.5449794,-7.0342305],[107.5435338,-7.0356344],[107.5428167,-7.0351596],[107.5327862,-7.0436648],[107.5309102,-7.0429124],[107.5248491,-7.0479465],[107.5227704,-7.0516765],[107.5210333,-7.0528008],[107.5191869,-7.0572231],[107.5185849,-7.0624032],[107.5192095,-7.0641045],[107.5165064,-7.0707158],[107.5166016,-7.0763313],[107.514998,-7.0786355]]]}},{"type":"Feature","properties":{"kecamatan":"Cangkuang","desa":"Tanjungsari"},"geometry":{"type":"Polygon","coordinates":[[[107.5760416,-7.0429861],[107.5770527,-7.0393593],[107.579071,-7.0395596],[107.5775122,-7.0369717],[107.5777209,-7.0347502],[107.5790006,-7.034719],[107.5768315,-7.032045],[107.5751318,-7.0319518],[107.5746793,-7.0311046],[107.5720343,-7.0302687],[107.5711389,-7.0336318],[107.5683737,-7.0336842],[107.5667566,-7.0328846],[107.566045,-7.0340297],[107.5650874,-7.033617],[107.5667999,-7.0317132],[107.5666579,-7.0307576],[107.5654532,-7.0310248],[107.5653488,-7.0299472],[107.5645636,-7.0296744],[107.5624764,-7.0307256],[107.5614423,-7.0374086],[107.5601663,-7.0385633],[107.5611647,-7.0400397],[107.5605041,-7.0406812],[107.5606618,-7.0440012],[107.5699189,-7.0446752],[107.5696425,-7.0439138],[107.5738952,-7.0437392],[107.5740117,-7.0423028],[107.5759124,-7.0424122],[107.5760416,-7.0429861]]]}},{"type":"Feature","properties":{"kecamatan":"Cicalengka","desa":"Babakan Peuteuy"},"geometry":{"type":"Polygon","coordinates":[[[107.8806836,-6.9890621],[107.8808064,-6.988342],[107.8740232,-6.9858661],[107.8686299,-6.9830184],[107.8633343,-6.9789055],[107.8590423,-6.9773419],[107.8575529,-6.9775254],[107.8573512,-6.9785832],[107.8519873,-6.977005],[107.8507407,-6.9788399],[107.847385,-6.979918],[107.8405063,-6.9849369],[107.8409535,-6.9857819],[107.8417789,-6.9845926],[107.8462218,-6.9863399],[107.8474434,-6.9860905],[107.8487453,-6.9834197],[107.850915,-6.9849917],[107.8500555,-6.9874689],[107.8515452,-6.9908756],[107.8506842,-6.9940272],[107.8542731,-6.9972842],[107.8618071,-6.9960941],[107.8637012,-6.990328],[107.8757783,-6.9903538],[107.8806836,-6.9890621]]]}},{"type":"Feature","properties":{"kecamatan":"Cicalengka","desa":"Cicalengka Kulon"},"geometry":{"type":"Polygon","coordinates":[[[107.8472716,-6.9865828],[107.8465477,-6.985941],[107.8449135,-6.9862962],[107.8417789,-6.9845926],[107.8410798,-6.9857754],[107.8405974,-6.9846308],[107.8396415,-6.9857962],[107.8363908,-6.9841795],[107.8348591,-6.9823742],[107.8336627,-6.9822798],[107.833351,-6.982976],[107.8348591,-6.984837],[107.8350671,-6.9869463],[107.8377297,-6.9876158],[107.8384934,-6.990742],[107.8411993,-6.9924521],[107.8413104,-6.9912546],[107.8392694,-6.9889234],[107.8401643,-6.9880265],[107.8441345,-6.9882288],[107.8449915,-6.9869304],[107.8472716,-6.9865828]]]}},{"type":"Feature","properties":{"kecamatan":"Cicalengka","desa":"Cicalengka Wetan"},"geometry":{"type":"Polygon","coordinates":[[[107.8519159,-6.998109],[107.8526013,-6.9972376],[107.8542731,-6.9972842],[107.8506842,-6.9940272],[107.8515452,-6.9908756],[107.8500555,-6.9874689],[107.8509446,-6.9851425],[107.8490827,-6.9835621],[107.8480166,-6.9838187],[107.8467463,-6.9870134],[107.8449915,-6.9869304],[107.8441345,-6.9882288],[107.8419643,-6.9885697],[107.8410888,-6.9876022],[107.8412739,-6.9883967],[107.8401643,-6.9880265],[107.8392694,-6.9889234],[107.844074,-6.9953651],[107.8519159,-6.998109]]]}},{"type":"Feature","properties":{"kecamatan":"Cicalengka","desa":"Cikuya"},"geometry":{"type":"Polygon","coordinates":[[[107.8377722,-6.9876911],[107.8350671,-6.9869463],[107.8348591,-6.984837],[107.8316165,-6.9800828],[107.8312084,-6.9777347],[107.8247036,-6.9754036],[107.8192636,-6.9749055],[107.8173457,-6.9752564],[107.8121415,-6.9801815],[107.8089386,-6.9872653],[107.810737,-6.988074],[107.8140453,-6.9859061],[107.817562,-6.986239],[107.8179268,-6.9871491],[107.8220658,-6.9871309],[107.8222599,-6.988936],[107.8251163,-6.9901088],[107.8261788,-6.9887172],[107.8272789,-6.9890642],[107.8298263,-6.9915733],[107.8305608,-6.9904218],[107.8319195,-6.9910719],[107.833107,-6.9891069],[107.8352806,-6.9897138],[107.83604,-6.9883843],[107.8369943,-6.9886207],[107.8377722,-6.9876911]]]}},{"type":"Feature","properties":{"kecamatan":"Cicalengka","desa":"Dampit"},"geometry":{"type":"Polygon","coordinates":[[[107.8808064,-6.988342],[107.8811033,-6.9804882],[107.8794404,-6.9765421],[107.8772426,-6.9759029],[107.8753606,-6.9764355],[107.8734955,-6.975407],[107.87101,-6.9715281],[107.8714064,-6.969838],[107.8677242,-6.9687569],[107.8655722,-6.9651636],[107.8643715,-6.965643],[107.8632958,-6.965055],[107.8616461,-6.9675764],[107.8575981,-6.9669995],[107.8541708,-6.9675869],[107.8518856,-6.9660757],[107.8502296,-6.9675909],[107.8457978,-6.9695121],[107.8423983,-6.9694807],[107.8406283,-6.9684122],[107.8395892,-6.9692413],[107.8372656,-6.9674889],[107.8369363,-6.9698467],[107.8419441,-6.973003],[107.855352,-6.9783443],[107.8575233,-6.9785583],[107.8579371,-6.9773533],[107.8608457,-6.9776489],[107.8692596,-6.9833856],[107.8808064,-6.988342]]]}},{"type":"Feature","properties":{"kecamatan":"Cicalengka","desa":"Margaasih"},"geometry":{"type":"Polygon","coordinates":[[[107.8451178,-7.027228],[107.8451865,-7.0261917],[107.8484275,-7.0229184],[107.8485305,-7.0204192],[107.8507116,-7.0201608],[107.8492227,-7.0164488],[107.849149,-7.0119455],[107.8485374,-7.0116809],[107.8494086,-7.0076337],[107.8474702,-7.0070753],[107.8495031,-7.0058965],[107.8538212,-7.0089166],[107.8556799,-7.007864],[107.8554949,-7.0070275],[107.8566821,-7.0070069],[107.855631,-7.0033452],[107.8547609,-7.0032578],[107.8556456,-7.0003126],[107.8490606,-6.9971607],[107.8486595,-6.997873],[107.847334,-6.997746],[107.8460853,-7.0008396],[107.8427227,-6.9989287],[107.8420954,-7.0004377],[107.8426684,-7.0011801],[107.8414955,-7.0009399],[107.8406224,-7.0021176],[107.8415811,-7.0027907],[107.8411679,-7.0045733],[107.8405461,-7.005427],[107.8388519,-7.0056103],[107.840419,-7.0100836],[107.8402896,-7.0109873],[107.8385606,-7.0106098],[107.8393856,-7.012501],[107.8397295,-7.0195233],[107.8411327,-7.0203421],[107.8424491,-7.0252631],[107.8431423,-7.0247428],[107.8451178,-7.027228]]]}},{"type":"Feature","properties":{"kecamatan":"Cicalengka","desa":"Nagrog"},"geometry":{"type":"Polygon","coordinates":[[[107.8519159,-6.998109],[107.8556456,-7.0003126],[107.8547609,-7.0032578],[107.855631,-7.0033452],[107.8564649,-7.0073716],[107.8570874,-7.0070676],[107.8579869,-7.0079801],[107.8585828,-7.0071446],[107.8606662,-7.0072925],[107.8615693,-7.009487],[107.8626137,-7.0102502],[107.863227,-7.0098732],[107.863323,-7.0108074],[107.8653586,-7.0121653],[107.8673049,-7.0081591],[107.8693761,-7.0094089],[107.8705732,-7.0065726],[107.8815533,-6.9983054],[107.8826345,-6.9943639],[107.8822609,-6.9892765],[107.8808064,-6.988342],[107.8794322,-6.9897068],[107.8757783,-6.9903538],[107.8637012,-6.990328],[107.8618071,-6.9960941],[107.8526013,-6.9972376],[107.8519159,-6.998109]]]}},{"type":"Feature","properties":{"kecamatan":"Cicalengka","desa":"Narawita"},"geometry":{"type":"Polygon","coordinates":[[[107.8500606,-7.0425239],[107.8536696,-7.0421316],[107.8523864,-7.0417035],[107.8522775,-7.0379678],[107.8536097,-7.0355309],[107.8558884,-7.034489],[107.8546036,-7.0319534],[107.85503,-7.0271387],[107.8557856,-7.0259789],[107.8542927,-7.0233566],[107.8554138,-7.0224564],[107.8558958,-7.0174774],[107.8563983,-7.016897],[107.857709,-7.0174114],[107.8573033,-7.0168043],[107.8580028,-7.0166248],[107.8583238,-7.0142569],[107.8596733,-7.0138662],[107.859409,-7.0118158],[107.8636306,-7.0125198],[107.8644455,-7.0118573],[107.863227,-7.0098732],[107.8626137,-7.0102502],[107.8615693,-7.009487],[107.8614656,-7.0081057],[107.8604016,-7.0072023],[107.8592024,-7.0076782],[107.8585828,-7.0071446],[107.8578893,-7.0079807],[107.8557861,-7.0068701],[107.8556799,-7.007864],[107.8538212,-7.0089166],[107.8495031,-7.0058965],[107.8474702,-7.0070753],[107.8494086,-7.0076337],[107.8485374,-7.0116809],[107.849149,-7.0119455],[107.8492227,-7.0164488],[107.8507116,-7.0201608],[107.8485305,-7.0204192],[107.8484275,-7.0229184],[107.8451865,-7.0261917],[107.8451178,-7.027228],[107.8470427,-7.033077],[107.84685,-7.037275],[107.8475496,-7.0369231],[107.8480888,-7.037943],[107.8473816,-7.0385139],[107.8477584,-7.0406559],[107.8500606,-7.0425239]]]}},{"type":"Feature","properties":{"kecamatan":"Cicalengka","desa":"Panenjoan"},"geometry":{"type":"Polygon","coordinates":[[[107.8049517,-6.9807478],[107.8103031,-6.9828392],[107.8137963,-6.9782419],[107.8175555,-6.975126],[107.819528,-6.974915],[107.8247036,-6.9754036],[107.8309177,-6.9775375],[107.8316165,-6.9800828],[107.8336314,-6.9822678],[107.8347586,-6.9823407],[107.8330455,-6.9764767],[107.8354854,-6.9717013],[107.8348665,-6.9682536],[107.8372555,-6.9684767],[107.8372656,-6.9674889],[107.836526,-6.9675128],[107.8360522,-6.9662938],[107.8347355,-6.966538],[107.8348497,-6.9655462],[107.8333632,-6.9644737],[107.831049,-6.9642229],[107.8289029,-6.9665292],[107.8310375,-6.9679472],[107.8316557,-6.9694189],[107.8286409,-6.9716322],[107.8220231,-6.9693512],[107.8184461,-6.9705851],[107.817226,-6.970118],[107.8170081,-6.9708789],[107.8146037,-6.9707419],[107.8143916,-6.9722438],[107.8125282,-6.9725367],[107.8132053,-6.9741477],[107.8119091,-6.9742597],[107.8096151,-6.9773235],[107.8088559,-6.9769666],[107.8071462,-6.9785583],[107.8065187,-6.9782548],[107.8060788,-6.9793554],[107.8069236,-6.9803269],[107.8049517,-6.9807478]]]}},{"type":"Feature","properties":{"kecamatan":"Cicalengka","desa":"Tanjungwangi"},"geometry":{"type":"Polygon","coordinates":[[[107.8664786,-6.9669401],[107.8677242,-6.9687569],[107.8714064,-6.969838],[107.8709402,-6.9710576],[107.871676,-6.9732428],[107.8736901,-6.9755541],[107.8753606,-6.9764355],[107.8772426,-6.9759029],[107.8794404,-6.9765421],[107.8811033,-6.9804882],[107.8808064,-6.988342],[107.890095,-6.9828935],[107.8896024,-6.9816147],[107.8917818,-6.9802323],[107.894763,-6.9764636],[107.8964082,-6.9754047],[107.8979898,-6.9762692],[107.9000828,-6.9727882],[107.8996027,-6.9718362],[107.9022335,-6.9707069],[107.9041867,-6.9711325],[107.9050523,-6.9693496],[107.9079896,-6.9675596],[107.9113424,-6.967374],[107.916049,-6.9684436],[107.9174344,-6.9658161],[107.9180501,-6.9589231],[107.9175372,-6.9561686],[107.9183714,-6.9547958],[107.9173759,-6.9531528],[107.9160003,-6.9528252],[107.9132961,-6.9534284],[107.9126795,-6.95453],[107.9105141,-6.9547416],[107.9087775,-6.9533454],[107.9074301,-6.9539766],[107.9056436,-6.9530249],[107.9001523,-6.9530478],[107.8977599,-6.9552139],[107.89736,-6.9546641],[107.8964211,-6.9551565],[107.8957599,-6.9573055],[107.8920087,-6.9595285],[107.8917337,-6.9616596],[107.8908722,-6.9618928],[107.8910242,-6.9629041],[107.8899268,-6.9638637],[107.8858825,-6.9633054],[107.8851676,-6.9622661],[107.8842401,-6.9633977],[107.8830622,-6.9623386],[107.8821552,-6.9631056],[107.8801195,-6.9610733],[107.8792454,-6.9616737],[107.8790865,-6.9633312],[107.8784734,-6.9627285],[107.8769202,-6.9631513],[107.876023,-6.9621631],[107.8739737,-6.9637372],[107.872813,-6.9625846],[107.868537,-6.9626861],[107.8682654,-6.9644132],[107.8662235,-6.9657098],[107.8664786,-6.9669401]]]}},{"type":"Feature","properties":{"kecamatan":"Cicalengka","desa":"Tenjolaya"},"geometry":{"type":"Polygon","coordinates":[[[107.8512427,-6.9782947],[107.8519873,-6.977005],[107.8419441,-6.973003],[107.8369363,-6.9698467],[107.8372555,-6.9684767],[107.834935,-6.968117],[107.8354854,-6.9717013],[107.8330455,-6.9764767],[107.8347586,-6.9823407],[107.8363908,-6.9841795],[107.8396415,-6.9857962],[107.8422805,-6.9831593],[107.8512427,-6.9782947]]]}},{"type":"Feature","properties":{"kecamatan":"Cicalengka","desa":"Waluya"},"geometry":{"type":"Polygon","coordinates":[[[107.8464252,-7.0006936],[107.8465905,-6.9987156],[107.8490606,-6.9971607],[107.844074,-6.9953651],[107.8414931,-6.9926649],[107.8415485,-6.9917688],[107.8411993,-6.9924521],[107.8384934,-6.990742],[107.8377722,-6.9876911],[107.8369943,-6.9886207],[107.83604,-6.9883843],[107.8352806,-6.9897138],[107.833107,-6.9891069],[107.8319195,-6.9910719],[107.8305608,-6.9904218],[107.8298263,-6.9915733],[107.8328874,-6.9932114],[107.8325961,-6.994486],[107.834121,-6.996903],[107.83569,-6.9973376],[107.8401423,-7.0012951],[107.8426684,-7.0011801],[107.8420954,-7.0004377],[107.8427227,-6.9989287],[107.8464252,-7.0006936]]]}},{"type":"Feature","properties":{"kecamatan":"Cikancung","desa":"Cihanyir"},"geometry":{"type":"Polygon","coordinates":[[[107.8374134,-7.0446674],[107.837079,-7.0392802],[107.8331525,-7.0358722],[107.8284531,-7.0340303],[107.826429,-7.0283159],[107.82437,-7.025478],[107.8210567,-7.0217319],[107.8159012,-7.0179539],[107.8160185,-7.0130378],[107.8052831,-7.0116686],[107.803943,-7.013112],[107.8041528,-7.0149189],[107.8061679,-7.017599],[107.806402,-7.0198912],[107.808977,-7.0208852],[107.8117782,-7.0245219],[107.811693,-7.0258855],[107.8136097,-7.0284649],[107.8145564,-7.0317786],[107.8168671,-7.0322577],[107.8167788,-7.0346905],[107.8202431,-7.0345862],[107.8213878,-7.0360301],[107.8239943,-7.0356877],[107.8256193,-7.0369981],[107.8262888,-7.0362612],[107.8273578,-7.0369211],[107.8269903,-7.0375197],[107.8307285,-7.039315],[107.8327531,-7.0432747],[107.8374134,-7.0446674]]]}},{"type":"Feature","properties":{"kecamatan":"Cikancung","desa":"Cikancung"},"geometry":{"type":"Polygon","coordinates":[[[107.843916,-7.0574708],[107.8437697,-7.0537694],[107.8446219,-7.0501732],[107.8435572,-7.0449439],[107.841261,-7.0418386],[107.8407,-7.0387825],[107.8382509,-7.0340343],[107.8381075,-7.0318492],[107.8373958,-7.0317292],[107.8381058,-7.030715],[107.8372167,-7.0304717],[107.8369483,-7.0284733],[107.8377083,-7.0252283],[107.8353133,-7.0222575],[107.83571,-7.0212375],[107.8339467,-7.0191933],[107.831942,-7.018275],[107.8322567,-7.0173442],[107.8270492,-7.0139267],[107.8161318,-7.0129889],[107.8157928,-7.01777],[107.8210567,-7.0217319],[107.82437,-7.025478],[107.826429,-7.0283159],[107.8283262,-7.0338903],[107.8331525,-7.0358722],[107.837079,-7.0392802],[107.8373834,-7.0440749],[107.8392074,-7.0461942],[107.8408516,-7.0497918],[107.84049,-7.050715],[107.8435217,-7.0547833],[107.843916,-7.0574708]]]}},{"type":"Feature","properties":{"kecamatan":"Cikancung","desa":"Cikasungka"},"geometry":{"type":"Polygon","coordinates":[[[107.8064994,-7.0064382],[107.809625,-7.0070542],[107.8122954,-7.0085791],[107.8148323,-7.0086819],[107.8173467,-7.0110457],[107.8209669,-7.0102229],[107.826418,-7.0127138],[107.8308035,-7.0089531],[107.8256,-7.006698],[107.82528,-7.0041825],[107.8233151,-7.0004937],[107.8244133,-6.9993382],[107.8243468,-6.9963351],[107.8212622,-6.9949063],[107.8178517,-6.9984931],[107.8195099,-7.0001792],[107.818214,-6.9996687],[107.81668,-7.0001875],[107.8153955,-6.9992892],[107.8145671,-7.0003536],[107.814032,-6.9994596],[107.8126407,-7.0011856],[107.8084717,-7.0016495],[107.8083851,-7.0032579],[107.8074249,-7.0032938],[107.8074936,-7.0058982],[107.8064994,-7.0064382]]]}},{"type":"Feature","properties":{"kecamatan":"Cikancung","desa":"Ciluluk"},"geometry":{"type":"Polygon","coordinates":[[[107.8298939,-7.0609242],[107.8305087,-7.0563882],[107.8320352,-7.0557183],[107.8223455,-7.0493013],[107.8227708,-7.047973],[107.8170435,-7.0372593],[107.8178607,-7.03507],[107.8167788,-7.0346905],[107.8168671,-7.0322577],[107.8145564,-7.0317786],[107.8136097,-7.0284649],[107.811693,-7.0258855],[107.8117782,-7.0245219],[107.808977,-7.0208852],[107.806402,-7.0198912],[107.8061679,-7.017599],[107.8042039,-7.0150702],[107.803943,-7.013112],[107.8052831,-7.0116686],[107.8044547,-7.0087172],[107.800325,-7.009164],[107.797505,-7.005584],[107.7935209,-7.0057341],[107.7945221,-7.0104407],[107.7962646,-7.0106928],[107.7975557,-7.0120358],[107.8015403,-7.0126515],[107.8027872,-7.0143607],[107.8034951,-7.0218062],[107.8061066,-7.0285191],[107.8073929,-7.0286476],[107.8098922,-7.031109],[107.809776,-7.0335984],[107.8114528,-7.0347358],[107.8117144,-7.0373525],[107.8149071,-7.0402681],[107.8164199,-7.0470944],[107.8155659,-7.0488929],[107.8166303,-7.0513352],[107.8258135,-7.0572257],[107.8268804,-7.0590992],[107.8288327,-7.059613],[107.8298939,-7.0609242]]]}},{"type":"Feature","properties":{"kecamatan":"Cikancung","desa":"Hegarmanah"},"geometry":{"type":"Polygon","coordinates":[[[107.8398104,-7.0196767],[107.8393856,-7.012501],[107.8385606,-7.0106098],[107.8402896,-7.0109873],[107.840419,-7.0100836],[107.8388519,-7.0056103],[107.8405461,-7.005427],[107.8415811,-7.0027907],[107.8406118,-7.0022668],[107.840934,-7.001406],[107.8352713,-6.9970606],[107.834121,-6.996903],[107.8325961,-6.994486],[107.8328874,-6.9932114],[107.8261788,-6.9887172],[107.8212622,-6.9949063],[107.8243468,-6.9963351],[107.8244133,-6.9993382],[107.8233151,-7.0004937],[107.82528,-7.0041825],[107.8256,-7.006698],[107.83086,-7.0089667],[107.8324436,-7.0118874],[107.8353762,-7.0115604],[107.8363518,-7.0135198],[107.8349817,-7.01363],[107.8370676,-7.0148486],[107.8368883,-7.01588],[107.83789,-7.01604],[107.8398104,-7.0196767]]]}},{"type":"Feature","properties":{"kecamatan":"Cikancung","desa":"Mandalasari"},"geometry":{"type":"Polygon","coordinates":[[[107.8615545,-7.0592437],[107.8540656,-7.0487633],[107.8578465,-7.049378],[107.8584247,-7.0486256],[107.8558168,-7.0454244],[107.8554356,-7.0434901],[107.8539786,-7.0421771],[107.849866,-7.0424701],[107.8477949,-7.0407536],[107.8473816,-7.0385139],[107.8480888,-7.037943],[107.8475496,-7.0369231],[107.84685,-7.037275],[107.8472737,-7.0347107],[107.845823,-7.0284688],[107.8441571,-7.0255697],[107.8431423,-7.0247428],[107.8423182,-7.025041],[107.8411327,-7.0203421],[107.8394132,-7.0196711],[107.83789,-7.01604],[107.8368883,-7.01588],[107.8370676,-7.0148486],[107.8349817,-7.01363],[107.8363518,-7.0135198],[107.8353762,-7.0115604],[107.8324436,-7.0118874],[107.8308035,-7.0089531],[107.826418,-7.0127138],[107.8209669,-7.0102229],[107.8173467,-7.0110457],[107.8148323,-7.0086819],[107.8122954,-7.0085791],[107.809625,-7.0070542],[107.8057842,-7.0064297],[107.8044547,-7.0087172],[107.8052831,-7.0116686],[107.8225857,-7.0139864],[107.8270492,-7.0139267],[107.8322567,-7.0173442],[107.831942,-7.018275],[107.8339467,-7.0191933],[107.83571,-7.0212375],[107.8353133,-7.0222575],[107.8377083,-7.0252283],[107.8369483,-7.0284733],[107.8372167,-7.0304717],[107.8381058,-7.030715],[107.8373958,-7.0317292],[107.8381075,-7.0318492],[107.8382509,-7.0340343],[107.8407,-7.0387825],[107.841261,-7.0418386],[107.8435572,-7.0449439],[107.8446219,-7.0501732],[107.8439574,-7.0567938],[107.8449775,-7.0579965],[107.8498807,-7.0568805],[107.85091,-7.05618],[107.8509409,-7.0543474],[107.8526429,-7.0593856],[107.8535087,-7.060087],[107.8561616,-7.0607291],[107.8582815,-7.0592026],[107.8615545,-7.0592437]]]}},{"type":"Feature","properties":{"kecamatan":"Cikancung","desa":"Mekarlaksana"},"geometry":{"type":"Polygon","coordinates":[[[107.8352061,-7.0775247],[107.8343526,-7.0717794],[107.8355399,-7.0678908],[107.8380428,-7.0665871],[107.8404905,-7.0670401],[107.845482,-7.0637707],[107.8468571,-7.064084],[107.8492925,-7.0590131],[107.8526429,-7.0593856],[107.8520541,-7.0562173],[107.8509409,-7.0543474],[107.85091,-7.05618],[107.848056,-7.0576573],[107.8454885,-7.0582629],[107.843974,-7.0568846],[107.8434583,-7.05751],[107.8435217,-7.0547833],[107.84049,-7.050715],[107.8408516,-7.0497918],[107.8380145,-7.0444216],[107.8355489,-7.0444657],[107.8327531,-7.0432747],[107.8307285,-7.039315],[107.8269903,-7.0375197],[107.8273578,-7.0369211],[107.8262888,-7.0362612],[107.8256193,-7.0369981],[107.8239943,-7.0356877],[107.8222887,-7.0362254],[107.8202431,-7.0345862],[107.8183935,-7.0344931],[107.8170321,-7.0359649],[107.8170435,-7.0372593],[107.8227708,-7.047973],[107.8223455,-7.0493013],[107.8320352,-7.0557183],[107.8305087,-7.0563882],[107.8292397,-7.0634979],[107.8308526,-7.0679619],[107.8325545,-7.0702428],[107.8308715,-7.072834],[107.8309011,-7.0760178],[107.8278126,-7.0763068],[107.8280173,-7.0771504],[107.8352061,-7.0775247]]]}},{"type":"Feature","properties":{"kecamatan":"Cikancung","desa":"Srirahayu"},"geometry":{"type":"Polygon","coordinates":[[[107.8307383,-7.0762258],[107.8308715,-7.072834],[107.8325433,-7.0697987],[107.8308526,-7.0679619],[107.8292397,-7.0634979],[107.8298939,-7.0609242],[107.8288327,-7.059613],[107.8268804,-7.0590992],[107.8258135,-7.0572257],[107.8166303,-7.0513352],[107.8155659,-7.0488929],[107.8164199,-7.0470944],[107.8149071,-7.0402681],[107.8117144,-7.0373525],[107.8114528,-7.0347358],[107.809776,-7.0335984],[107.8098922,-7.031109],[107.8073929,-7.0286476],[107.8061066,-7.0285191],[107.8034951,-7.0218062],[107.8027872,-7.0143607],[107.8015403,-7.0126515],[107.7975557,-7.0120358],[107.795278,-7.0105397],[107.7954765,-7.0125068],[107.796208,-7.0124317],[107.7965286,-7.0172397],[107.7988071,-7.0176145],[107.7998124,-7.0273703],[107.8018751,-7.0344842],[107.8009801,-7.0360119],[107.8019325,-7.0377235],[107.8032552,-7.0379702],[107.8044029,-7.040397],[107.8042976,-7.0422546],[107.8054581,-7.0428471],[107.805165,-7.0453193],[107.8064016,-7.0465394],[107.8050404,-7.0482639],[107.806648,-7.0506511],[107.8065377,-7.0517724],[107.8072398,-7.0525361],[107.8092752,-7.052453],[107.8104294,-7.0543645],[107.8096614,-7.0557952],[107.8112797,-7.0559425],[107.8124421,-7.0579366],[107.8132701,-7.0572277],[107.81692,-7.0575397],[107.8190392,-7.058758],[107.8190211,-7.0597203],[107.8206478,-7.0606189],[107.8214438,-7.0630537],[107.8244496,-7.0662406],[107.823593,-7.067264],[107.8228583,-7.0725993],[107.8265849,-7.074672],[107.8275446,-7.0760587],[107.8307383,-7.0762258]]]}},{"type":"Feature","properties":{"kecamatan":"Cikancung","desa":"Tanjunglaya"},"geometry":{"type":"Polygon","coordinates":[[[107.799017,-7.0082841],[107.8019069,-7.0093905],[107.8044547,-7.0087172],[107.8057842,-7.0064297],[107.8074624,-7.0059672],[107.8074249,-7.0032938],[107.8083851,-7.0032579],[107.8084717,-7.0016495],[107.8126407,-7.0011856],[107.814032,-6.9994596],[107.8145671,-7.0003536],[107.8153955,-6.9992892],[107.81668,-7.0001875],[107.818214,-6.9996687],[107.8195099,-7.0001792],[107.8178517,-6.9984931],[107.8241473,-6.9913493],[107.8190156,-6.9917888],[107.8182485,-6.9899146],[107.8171591,-6.9895321],[107.8145282,-6.9908882],[107.8141403,-6.9931621],[107.8040775,-6.9946551],[107.8039122,-6.9961625],[107.8030577,-6.9961253],[107.8022964,-7.0044298],[107.8005518,-7.0051707],[107.8002925,-7.0068806],[107.7991716,-7.0071097],[107.799017,-7.0082841]]]}},{"type":"Feature","properties":{"kecamatan":"Cilengkrang","desa":"Cilengkrang"},"geometry":{"type":"Polygon","coordinates":[[[107.71948,-6.8989162],[107.7215834,-6.8993516],[107.7235631,-6.8985759],[107.7260378,-6.8950924],[107.7270895,-6.8964534],[107.7299401,-6.8959062],[107.730278,-6.8971435],[107.7347085,-6.8983618],[107.7345134,-6.8995134],[107.7362219,-6.8992041],[107.736574,-6.9001892],[107.7381445,-6.8995848],[107.7381683,-6.9012219],[107.7395494,-6.9021085],[107.7370937,-6.9071199],[107.7359813,-6.9076594],[107.7385835,-6.908242],[107.7401234,-6.9050705],[107.741386,-6.8959221],[107.7403501,-6.8930018],[107.7404446,-6.8894582],[107.7444936,-6.8761593],[107.7378292,-6.8788938],[107.7328843,-6.8822094],[107.7246723,-6.889486],[107.7218683,-6.8907127],[107.7223842,-6.8928665],[107.7215822,-6.8951694],[107.7193905,-6.8975587],[107.71948,-6.8989162]]]}},{"type":"Feature","properties":{"kecamatan":"Cilengkrang","desa":"Cipanjalu"},"geometry":{"type":"Polygon","coordinates":[[[107.7500001,-6.812845],[107.7461568,-6.8136505],[107.7456925,-6.8150841],[107.743743,-6.8163391],[107.743879,-6.818306],[107.742537,-6.819452],[107.738095,-6.819532],[107.736682,-6.823507],[107.733122,-6.824909],[107.732472,-6.827506],[107.72853,-6.829733],[107.727208,-6.832668],[107.724853,-6.833522],[107.723361,-6.832437],[107.722483,-6.833319],[107.721276,-6.832982],[107.721156,-6.834031],[107.719341,-6.834068],[107.718828,-6.8334046],[107.71758,-6.83471],[107.71418,-6.83313],[107.708512,-6.833777],[107.707517,-6.834659],[107.7086,-6.8369729],[107.7122907,-6.840444],[107.7127016,-6.8441008],[107.7151826,-6.8441884],[107.7213767,-6.8468073],[107.7226646,-6.8481728],[107.7215232,-6.8499905],[107.7173923,-6.8524586],[107.717009,-6.8557408],[107.7164016,-6.857425],[107.7157383,-6.8574293],[107.7148921,-6.8658551],[107.7155621,-6.8687609],[107.7142818,-6.8724787],[107.7130179,-6.8729965],[107.7104455,-6.8776856],[107.7074607,-6.8774711],[107.7070378,-6.8804367],[107.7087728,-6.8808715],[107.7096092,-6.8827972],[107.7076612,-6.8847842],[107.7077201,-6.8898044],[107.7104547,-6.8905153],[107.7136011,-6.8894399],[107.7145613,-6.890277],[107.713926,-6.902253],[107.7146212,-6.9033561],[107.7156937,-6.9012232],[107.714513,-6.8997501],[107.7163734,-6.8979153],[107.7155696,-6.8970926],[107.7164265,-6.8954859],[107.7157362,-6.89357],[107.7162104,-6.8903039],[107.717446,-6.8884058],[107.7152433,-6.8840999],[107.7155612,-6.8805918],[107.7146782,-6.8792699],[107.717204,-6.8758439],[107.7184905,-6.8753274],[107.7173826,-6.8748507],[107.7175914,-6.8724563],[107.719715,-6.8723247],[107.7214214,-6.8699338],[107.7228786,-6.8701641],[107.7269683,-6.8649768],[107.7294046,-6.8643174],[107.7332966,-6.8664134],[107.7386629,-6.8661246],[107.7428951,-6.8647865],[107.7431284,-6.8611119],[107.7409869,-6.8548659],[107.741552,-6.8485305],[107.7437828,-6.8465377],[107.7422361,-6.8428793],[107.7438423,-6.8405594],[107.746192,-6.8338374],[107.7447048,-6.8283349],[107.7450023,-6.8265503],[107.7477386,-6.8169135],[107.7500001,-6.812845]]]}},{"type":"Feature","properties":{"kecamatan":"Cilengkrang","desa":"Ciporeat"},"geometry":{"type":"Polygon","coordinates":[[[107.714946,-6.9040199],[107.7174386,-6.8991909],[107.7185808,-6.8995954],[107.71948,-6.8989162],[107.7194019,-6.8975376],[107.7216181,-6.8951004],[107.7223842,-6.8928665],[107.7218683,-6.8907127],[107.7246723,-6.889486],[107.7328843,-6.8822094],[107.7378292,-6.8788938],[107.7444936,-6.8761593],[107.7428951,-6.8647865],[107.7386629,-6.8661246],[107.7332966,-6.8664134],[107.7294046,-6.8643174],[107.7269683,-6.8649768],[107.7228786,-6.8701641],[107.7214214,-6.8699338],[107.719715,-6.8723247],[107.7175914,-6.8724563],[107.7173826,-6.8748507],[107.7184905,-6.8753274],[107.717204,-6.8758439],[107.7146782,-6.8792699],[107.7155612,-6.8805918],[107.7152433,-6.8840999],[107.717446,-6.8884058],[107.7162292,-6.8902416],[107.7157362,-6.89357],[107.7164265,-6.8954859],[107.7155696,-6.8970926],[107.7163734,-6.8979153],[107.714513,-6.8997501],[107.7156937,-6.9012232],[107.714946,-6.9040199]]]}},{"type":"Feature","properties":{"kecamatan":"Cilengkrang","desa":"Girimekar"},"geometry":{"type":"Polygon","coordinates":[[[107.691698,-6.900993],[107.6927622,-6.8979546],[107.6955865,-6.8937825],[107.6988886,-6.8939309],[107.6989522,-6.892331],[107.7004633,-6.8903829],[107.6998676,-6.8879486],[107.7009272,-6.8878221],[107.7010948,-6.8864373],[107.6997786,-6.8843368],[107.7017859,-6.882931],[107.7030555,-6.8779479],[107.7058564,-6.8751228],[107.7060342,-6.8736734],[107.7089358,-6.8722594],[107.709013,-6.8705824],[107.7116668,-6.8680527],[107.7122904,-6.8658056],[107.7150275,-6.8641014],[107.7157383,-6.8574293],[107.7164016,-6.857425],[107.717009,-6.8557408],[107.7173923,-6.8524586],[107.722488,-6.8489739],[107.7226646,-6.8481728],[107.7213767,-6.8468073],[107.7151826,-6.8441884],[107.7127016,-6.8441008],[107.7116253,-6.8495302],[107.7102829,-6.8508786],[107.7091409,-6.8558362],[107.7064274,-6.8574094],[107.7054194,-6.8594345],[107.7062627,-6.8614159],[107.7069608,-6.8612117],[107.7073159,-6.8619846],[107.7097143,-6.8604391],[107.708202,-6.8643935],[107.7024149,-6.8670758],[107.6986345,-6.8714071],[107.6988314,-6.8723839],[107.6979575,-6.8724689],[107.6974286,-6.8740477],[107.6961531,-6.8747311],[107.6965118,-6.8771179],[107.6957611,-6.8781562],[107.6956579,-6.880931],[107.6919492,-6.8871912],[107.6906219,-6.8921118],[107.6873931,-6.8930309],[107.6868365,-6.8966176],[107.6889136,-6.8970393],[107.6887143,-6.8980089],[107.691698,-6.900993]]]}},{"type":"Feature","properties":{"kecamatan":"Cilengkrang","desa":"Jatiendah"},"geometry":{"type":"Polygon","coordinates":[[[107.6928116,-6.9054665],[107.6999506,-6.9082941],[107.7006109,-6.9075589],[107.7020564,-6.9081728],[107.7025811,-6.9071877],[107.7039555,-6.9076155],[107.7049398,-6.9021497],[107.7007904,-6.9007328],[107.7018563,-6.8980227],[107.6995884,-6.8966943],[107.7007088,-6.8958201],[107.7003681,-6.8947203],[107.7020998,-6.8948181],[107.7030267,-6.8937384],[107.6955865,-6.8937825],[107.6927622,-6.8979546],[107.6918305,-6.9008165],[107.6924213,-6.9014312],[107.6932246,-6.9005498],[107.6929924,-6.9012523],[107.6948412,-6.9031216],[107.6928116,-6.9054665]]]}},{"type":"Feature","properties":{"kecamatan":"Cilengkrang","desa":"Melatiwangi"},"geometry":{"type":"Polygon","coordinates":[[[107.7033734,-6.8986173],[107.7044049,-6.8983389],[107.7049046,-6.8957584],[107.7042407,-6.8925497],[107.7047583,-6.8914468],[107.7063751,-6.8918109],[107.7076029,-6.8907616],[107.7081916,-6.8878187],[107.7076612,-6.8847842],[107.7096092,-6.8827972],[107.7087728,-6.8808715],[107.7070378,-6.8804367],[107.7074607,-6.8774711],[107.7104455,-6.8776856],[107.7130179,-6.8729965],[107.7142818,-6.8724787],[107.7155621,-6.8687609],[107.7150275,-6.8641014],[107.7122904,-6.8658056],[107.7116668,-6.8680527],[107.709013,-6.8705824],[107.7089358,-6.8722594],[107.7060342,-6.8736734],[107.7058564,-6.8751228],[107.7030555,-6.8779479],[107.7017859,-6.882931],[107.6997597,-6.8843847],[107.7010948,-6.8864373],[107.7009272,-6.8878221],[107.6998676,-6.8879486],[107.7004633,-6.8903829],[107.6989522,-6.892331],[107.6988886,-6.8939309],[107.7030267,-6.8937384],[107.7020998,-6.8948181],[107.7003681,-6.8947203],[107.7007088,-6.8958201],[107.6995884,-6.8966943],[107.7033734,-6.8986173]]]}},{"type":"Feature","properties":{"kecamatan":"Cileunyi","desa":"Cibiru Hilir"},"geometry":{"type":"Polygon","coordinates":[[[107.7097829,-6.9744451],[107.7107414,-6.9725025],[107.7123082,-6.9719198],[107.7126656,-6.9706057],[107.713071,-6.9714163],[107.7147716,-6.9705452],[107.715924,-6.970848],[107.7181158,-6.9618847],[107.718918,-6.9618044],[107.7181664,-6.9569376],[107.7200217,-6.9539692],[107.7216261,-6.9550262],[107.7225874,-6.9526291],[107.7242335,-6.9471583],[107.7196924,-6.9467186],[107.7226009,-6.9438454],[107.7217304,-6.9429266],[107.7215298,-6.9403304],[107.7223252,-6.9398401],[107.7242853,-6.9346293],[107.7232691,-6.9345272],[107.723026,-6.933447],[107.7214758,-6.9344226],[107.7207858,-6.9374119],[107.7177371,-6.9392322],[107.7164284,-6.9416652],[107.7172378,-6.9420542],[107.7158423,-6.9457317],[107.7140519,-6.9461594],[107.7129841,-6.9476198],[107.712549,-6.954086],[107.7136147,-6.956165],[107.7155688,-6.9561561],[107.716484,-6.9592846],[107.7160931,-6.9613485],[107.7046501,-6.9672431],[107.7047595,-6.9697432],[107.7091563,-6.9712526],[107.7097829,-6.9744451]]]}},{"type":"Feature","properties":{"kecamatan":"Cileunyi","desa":"Cibiru Wetan"},"geometry":{"type":"Polygon","coordinates":[[[107.7202378,-6.9469785],[107.7242335,-6.9471583],[107.7256109,-6.9454757],[107.7257088,-6.935541],[107.7264088,-6.9348099],[107.7261138,-6.9330864],[107.727636,-6.9261826],[107.7361454,-6.9170014],[107.7388451,-6.9127968],[107.7407902,-6.9132285],[107.7412871,-6.9076011],[107.7441681,-6.903145],[107.7494714,-6.9039935],[107.7496467,-6.8982536],[107.7478973,-6.8852616],[107.7488381,-6.8830671],[107.7444936,-6.8761593],[107.7404446,-6.8894582],[107.7403501,-6.8930018],[107.741409,-6.8949179],[107.7401234,-6.9050705],[107.7385835,-6.908242],[107.7359813,-6.9076594],[107.7349322,-6.908948],[107.7342491,-6.9084716],[107.7305115,-6.9133881],[107.7296733,-6.9132363],[107.728489,-6.916978],[107.7271288,-6.9165565],[107.7257346,-6.9184849],[107.726902,-6.919675],[107.7260129,-6.924077],[107.7232549,-6.9321269],[107.7219343,-6.9338568],[107.723026,-6.933447],[107.7232691,-6.9345272],[107.7242853,-6.9346293],[107.7223252,-6.9398401],[107.7215298,-6.9403304],[107.7217304,-6.9429266],[107.7226009,-6.9438454],[107.7196936,-6.946715],[107.7202378,-6.9469785]]]}},{"type":"Feature","properties":{"kecamatan":"Cileunyi","desa":"Cileunyi Kulon"},"geometry":{"type":"Polygon","coordinates":[[[107.7192957,-6.9686486],[107.7217412,-6.9687127],[107.7218787,-6.9681595],[107.7235764,-6.969712],[107.7254337,-6.9699705],[107.7286839,-6.9657198],[107.7285719,-6.9630539],[107.7297662,-6.9631022],[107.7315677,-6.9601188],[107.7326421,-6.9599778],[107.7330696,-6.9584605],[107.7370445,-6.9594898],[107.738337,-6.9584432],[107.7409818,-6.9593363],[107.7433034,-6.9530747],[107.7437608,-6.9523825],[107.7445979,-6.952651],[107.7460276,-6.9502098],[107.7469425,-6.9451729],[107.7496265,-6.9421012],[107.7514949,-6.9251478],[107.7546579,-6.9258072],[107.7542697,-6.923335],[107.7515505,-6.9198764],[107.751388,-6.9148663],[107.7500014,-6.908688],[107.7505847,-6.9085884],[107.7497947,-6.9071508],[107.7539512,-6.906486],[107.7498686,-6.9020004],[107.7494619,-6.900602],[107.7494714,-6.9039935],[107.7464915,-6.90401],[107.7488534,-6.9092596],[107.7475867,-6.9102997],[107.7486605,-6.9179301],[107.7495318,-6.918015],[107.7484166,-6.9235972],[107.7488995,-6.9256887],[107.7477827,-6.9281681],[107.7482094,-6.93065],[107.7468462,-6.9337788],[107.7445854,-6.9373588],[107.7442384,-6.939568],[107.740742,-6.9399437],[107.7398793,-6.9455273],[107.7387762,-6.9456613],[107.7384699,-6.9470674],[107.7369708,-6.9472324],[107.7356946,-6.9508819],[107.7341729,-6.9516151],[107.7330883,-6.9510628],[107.732272,-6.9528979],[107.7311043,-6.9535473],[107.7310635,-6.9547582],[107.7296867,-6.9541901],[107.7293996,-6.9566734],[107.7268459,-6.9562836],[107.7256281,-6.956874],[107.7248171,-6.9600314],[107.7230089,-6.9604702],[107.7227609,-6.9626042],[107.7212527,-6.9623121],[107.7190069,-6.9654181],[107.7196791,-6.9669788],[107.7192957,-6.9686486]]]}},{"type":"Feature","properties":{"kecamatan":"Cileunyi","desa":"Cileunyi Wetan"},"geometry":{"type":"Polygon","coordinates":[[[107.7488381,-6.8830671],[107.7478973,-6.8852616],[107.7496467,-6.8982536],[107.7492903,-6.9005392],[107.7539788,-6.9066697],[107.7497947,-6.9071508],[107.751388,-6.9148663],[107.7510753,-6.9171905],[107.7515505,-6.9198764],[107.7542697,-6.923335],[107.7546579,-6.9258072],[107.7514949,-6.9251478],[107.7502034,-6.9404197],[107.7480802,-6.9445195],[107.7469425,-6.9451729],[107.7460276,-6.9502098],[107.7445979,-6.952651],[107.7437608,-6.9523825],[107.7433034,-6.9530747],[107.7413954,-6.9587804],[107.7409818,-6.9593363],[107.738337,-6.9584432],[107.7370445,-6.9594898],[107.7330696,-6.9584605],[107.7326421,-6.9599778],[107.7315677,-6.9601188],[107.7297662,-6.9631022],[107.7285719,-6.9630539],[107.7286839,-6.9657198],[107.7264679,-6.9679221],[107.7257483,-6.9702496],[107.7315861,-6.970192],[107.7362174,-6.9642719],[107.7408529,-6.9646366],[107.7416717,-6.9639382],[107.742546,-6.964473],[107.7429347,-6.9636662],[107.743746,-6.9639745],[107.7453199,-6.9627578],[107.7475128,-6.962448],[107.74868,-6.9607905],[107.7483969,-6.9590297],[107.7506013,-6.958266],[107.7526202,-6.9557941],[107.7529564,-6.9520599],[107.7556594,-6.9482097],[107.7543641,-6.9462466],[107.7545803,-6.94462],[107.756923,-6.9407056],[107.7580978,-6.9348571],[107.7577431,-6.9293348],[107.7568888,-6.9288549],[107.758573,-6.926923],[107.7586235,-6.9220948],[107.7600849,-6.9206141],[107.7592733,-6.9186234],[107.7598697,-6.9163616],[107.7585098,-6.9145133],[107.7594255,-6.9127431],[107.7582127,-6.911762],[107.758523,-6.9105642],[107.7576421,-6.909879],[107.7588414,-6.9085228],[107.7578391,-6.9082475],[107.759073,-6.906586],[107.7577519,-6.9055179],[107.7592399,-6.9034409],[107.7589108,-6.8997929],[107.7580595,-6.8971013],[107.7547283,-6.8968633],[107.7528545,-6.8957331],[107.7509807,-6.885085],[107.7488381,-6.8830671]]]}},{"type":"Feature","properties":{"kecamatan":"Cileunyi","desa":"Cimekar"},"geometry":{"type":"Polygon","coordinates":[[[107.7153665,-6.9711635],[107.7182749,-6.9716956],[107.718853,-6.972442],[107.7196407,-6.9687801],[107.7190069,-6.9654181],[107.7212527,-6.9623121],[107.7227609,-6.9626042],[107.7230089,-6.9604702],[107.7248171,-6.9600314],[107.7256281,-6.956874],[107.7268459,-6.9562836],[107.7293996,-6.9566734],[107.7296867,-6.9541901],[107.7310635,-6.9547582],[107.7311043,-6.9535473],[107.732272,-6.9528979],[107.7330883,-6.9510628],[107.7341729,-6.9516151],[107.7356946,-6.9508819],[107.7369708,-6.9472324],[107.7384699,-6.9470674],[107.7387762,-6.9456613],[107.7398793,-6.9455273],[107.740742,-6.9399437],[107.7442384,-6.939568],[107.7445854,-6.9373588],[107.7482094,-6.93065],[107.7477827,-6.9281681],[107.7488995,-6.9256887],[107.7484166,-6.9235972],[107.7495318,-6.918015],[107.7486605,-6.9179301],[107.7475867,-6.9102997],[107.7488534,-6.9092596],[107.7467268,-6.9036105],[107.7441681,-6.903145],[107.7429881,-6.9047636],[107.7435569,-6.9070303],[107.7457272,-6.9065128],[107.7442484,-6.9178013],[107.7425925,-6.9180038],[107.7411581,-6.9210285],[107.7405591,-6.9265243],[107.7396474,-6.9272528],[107.7381558,-6.9324654],[107.7335421,-6.9380856],[107.7344929,-6.9392637],[107.7332994,-6.9465768],[107.7300985,-6.9466279],[107.7281809,-6.9526726],[107.7271652,-6.9523049],[107.7267047,-6.9543009],[107.7255224,-6.9538678],[107.7246615,-6.9562329],[107.7235426,-6.9563174],[107.7197087,-6.9593387],[107.7191098,-6.9590066],[107.718918,-6.9618044],[107.7181158,-6.9618847],[107.716264,-6.970043],[107.7153665,-6.9711635]]]}},{"type":"Feature","properties":{"kecamatan":"Cileunyi","desa":"Cinunuk"},"geometry":{"type":"Polygon","coordinates":[[[107.7189113,-6.9605921],[107.7191098,-6.9590066],[107.7197087,-6.9593387],[107.7235426,-6.9563174],[107.7246615,-6.9562329],[107.7255224,-6.9538678],[107.7267047,-6.9543009],[107.7271652,-6.9523049],[107.7281809,-6.9526726],[107.7300985,-6.9466279],[107.7332994,-6.9465768],[107.7344929,-6.9392637],[107.7335421,-6.9380856],[107.7381558,-6.9324654],[107.7396474,-6.9272528],[107.7405591,-6.9265243],[107.7411581,-6.9210285],[107.7425925,-6.9180038],[107.7442484,-6.9178013],[107.7457272,-6.9065128],[107.7435569,-6.9070303],[107.7429881,-6.9047636],[107.7412871,-6.9076011],[107.7407902,-6.9132285],[107.7388451,-6.9127968],[107.7361454,-6.9170014],[107.7269874,-6.9272742],[107.7264088,-6.9348099],[107.7257088,-6.935541],[107.7256897,-6.9452037],[107.7236175,-6.9478835],[107.7216261,-6.9550262],[107.7200217,-6.9539692],[107.7184318,-6.95624],[107.7189113,-6.9605921]]]}},{"type":"Feature","properties":{"kecamatan":"Cimaung","desa":"Campakamulya"},"geometry":{"type":"Polygon","coordinates":[[[107.6392369,-7.1389535],[107.6400056,-7.1357172],[107.6393207,-7.1323495],[107.6340432,-7.1268276],[107.6259303,-7.1249642],[107.6201204,-7.1207075],[107.6164679,-7.1203337],[107.6087841,-7.1178774],[107.6032568,-7.1125108],[107.6014327,-7.1075425],[107.5980447,-7.1057553],[107.596504,-7.102605],[107.5879109,-7.095001],[107.5841141,-7.0943388],[107.5805231,-7.0967614],[107.5802267,-7.1056861],[107.5858612,-7.1102629],[107.5860834,-7.1126515],[107.5854767,-7.1131888],[107.5866729,-7.113752],[107.5867301,-7.1154014],[107.5888235,-7.1164225],[107.5922802,-7.1157599],[107.5941386,-7.1163353],[107.6018838,-7.1213035],[107.6062047,-7.1269525],[107.6081992,-7.1278905],[107.6164488,-7.13056],[107.6214098,-7.1307805],[107.6300176,-7.1358195],[107.6356041,-7.1382551],[107.6392369,-7.1389535]]]}},{"type":"Feature","properties":{"kecamatan":"Cimaung","desa":"Cikalong"},"geometry":{"type":"Polygon","coordinates":[[[107.5572209,-7.129568],[107.558006,-7.1283782],[107.5580009,-7.1259865],[107.5598543,-7.1259599],[107.5612116,-7.1249856],[107.5615131,-7.1228434],[107.5621798,-7.1234387],[107.5628425,-7.1223759],[107.5666925,-7.1241879],[107.5672973,-7.1208666],[107.563785,-7.1185954],[107.5630996,-7.116727],[107.5609728,-7.1165117],[107.5577455,-7.11383],[107.5547454,-7.1092407],[107.5545728,-7.1109327],[107.5533251,-7.1105339],[107.5515805,-7.1126152],[107.5527511,-7.1154113],[107.5513003,-7.115961],[107.5525859,-7.1207131],[107.5516247,-7.1217238],[107.5534274,-7.1243904],[107.5550393,-7.1244289],[107.5543137,-7.1261866],[107.5569469,-7.1283359],[107.5572209,-7.129568]]]}},{"type":"Feature","properties":{"kecamatan":"Cimaung","desa":"Cimaung"},"geometry":{"type":"Polygon","coordinates":[[[107.5860834,-7.1126515],[107.5858612,-7.1102629],[107.5802267,-7.1056861],[107.5802803,-7.1015977],[107.5724706,-7.09876],[107.5723488,-7.096616],[107.5703499,-7.0954998],[107.5677067,-7.0923701],[107.5685538,-7.0897705],[107.5676401,-7.0886361],[107.5675318,-7.0865092],[107.5643787,-7.0850493],[107.5639933,-7.0823254],[107.5622284,-7.0828339],[107.5607639,-7.0820254],[107.5605714,-7.0794585],[107.5578033,-7.0791217],[107.5546668,-7.0811111],[107.5540213,-7.083543],[107.5511128,-7.0834813],[107.5504585,-7.0855215],[107.5511082,-7.0873557],[107.5522197,-7.0874594],[107.5526677,-7.0908558],[107.551011,-7.0920184],[107.552018,-7.0923256],[107.5527835,-7.0948867],[107.5550625,-7.0954729],[107.5562437,-7.0938522],[107.5558698,-7.0924776],[107.556663,-7.0909919],[107.5572862,-7.0931838],[107.5598859,-7.0949478],[107.5603854,-7.0965715],[107.5607892,-7.0952298],[107.5654784,-7.0979424],[107.568233,-7.0970115],[107.5697157,-7.0985005],[107.5693788,-7.0991926],[107.5725564,-7.1005302],[107.5730899,-7.1024618],[107.5748716,-7.1038913],[107.5746014,-7.1047428],[107.5784871,-7.1066894],[107.5813233,-7.1071221],[107.58269,-7.1099468],[107.5850555,-7.1109332],[107.5854428,-7.1126429],[107.5860834,-7.1126515]]]}},{"type":"Feature","properties":{"kecamatan":"Cimaung","desa":"Cipinang"},"geometry":{"type":"Polygon","coordinates":[[[107.5581163,-7.113668],[107.5600784,-7.1122394],[107.5597301,-7.1080166],[107.5633693,-7.1079046],[107.5638981,-7.1099329],[107.5641999,-7.1070278],[107.5633962,-7.1045403],[107.5655372,-7.1026444],[107.5662176,-7.1031524],[107.5688496,-7.1024037],[107.5745326,-7.1048485],[107.5748716,-7.1038913],[107.5730899,-7.1024618],[107.5725063,-7.1004779],[107.5693076,-7.0991203],[107.5697157,-7.0985005],[107.568233,-7.0970115],[107.5654784,-7.0979424],[107.5607892,-7.0952298],[107.5602332,-7.0964836],[107.5598859,-7.0949478],[107.5572862,-7.0931838],[107.556663,-7.0909919],[107.5558698,-7.0924776],[107.5562437,-7.0938522],[107.5550625,-7.0954729],[107.5527835,-7.0948867],[107.552546,-7.0968745],[107.5532409,-7.0978807],[107.5520664,-7.1000326],[107.5527232,-7.1014971],[107.5519076,-7.1020492],[107.5537387,-7.103775],[107.5534268,-7.1062443],[107.5545412,-7.1060469],[107.5560785,-7.1115268],[107.5581163,-7.113668]]]}},{"type":"Feature","properties":{"kecamatan":"Cimaung","desa":"Jagabaya"},"geometry":{"type":"Polygon","coordinates":[[[107.5754753,-7.0862019],[107.5759836,-7.0823374],[107.5747542,-7.0815151],[107.5739125,-7.0792925],[107.5751605,-7.0795952],[107.5773623,-7.0785669],[107.5749768,-7.0732378],[107.5732326,-7.0736163],[107.5711337,-7.0724422],[107.5699608,-7.0705415],[107.5678083,-7.0699512],[107.5677728,-7.0690573],[107.5657511,-7.069077],[107.5656346,-7.0699242],[107.5604253,-7.0698503],[107.5594234,-7.0680396],[107.5567868,-7.0692752],[107.5559065,-7.0681491],[107.5535108,-7.0693819],[107.5529334,-7.0725411],[107.5514818,-7.0732679],[107.5514604,-7.0744584],[107.550498,-7.074844],[107.5491135,-7.0781441],[107.5495993,-7.0802934],[107.5488526,-7.0816222],[107.5504378,-7.0830481],[107.54968,-7.08527],[107.5504585,-7.0855215],[107.5511128,-7.0834813],[107.5540213,-7.083543],[107.5546668,-7.0811111],[107.5560106,-7.0799143],[107.5592291,-7.0791215],[107.5605714,-7.0794585],[107.5607639,-7.0820254],[107.5622284,-7.0828339],[107.5639933,-7.0823254],[107.5643787,-7.0850493],[107.5675318,-7.0865092],[107.5676596,-7.087654],[107.5695976,-7.08747],[107.5722388,-7.0858104],[107.5754753,-7.0862019]]]}},{"type":"Feature","properties":{"kecamatan":"Cimaung","desa":"Malasari"},"geometry":{"type":"Polygon","coordinates":[[[107.5213229,-7.1029905],[107.5258101,-7.0989252],[107.5287093,-7.0985603],[107.5330927,-7.095522],[107.5352211,-7.0953411],[107.5378939,-7.0936693],[107.5407421,-7.0958844],[107.5452155,-7.0967803],[107.5455367,-7.0939774],[107.5473602,-7.0928368],[107.5485722,-7.0898997],[107.5501378,-7.0889628],[107.5520982,-7.0891517],[107.5522197,-7.0874594],[107.5511454,-7.0873946],[107.5508838,-7.0858718],[107.5496198,-7.0850756],[107.5503331,-7.0827331],[107.5488526,-7.0816222],[107.5495993,-7.0802934],[107.5491135,-7.0781441],[107.550498,-7.074844],[107.5514695,-7.0744182],[107.5506888,-7.0726771],[107.5490576,-7.072175],[107.548577,-7.074124],[107.5469331,-7.0732903],[107.5433533,-7.0731147],[107.5428923,-7.0766935],[107.5389586,-7.0805947],[107.5340122,-7.0815074],[107.531151,-7.085156],[107.5312012,-7.0877858],[107.5288943,-7.0890712],[107.5267487,-7.0890771],[107.524913,-7.09251],[107.5230529,-7.0942406],[107.523303,-7.097137],[107.5213229,-7.1029905]]]}},{"type":"Feature","properties":{"kecamatan":"Cimaung","desa":"Mekarsari"},"geometry":{"type":"Polygon","coordinates":[[[107.637389,-7.1431306],[107.6392369,-7.1389535],[107.6356041,-7.1382551],[107.6300176,-7.1358195],[107.6214098,-7.1307805],[107.6164488,-7.13056],[107.6062047,-7.1269525],[107.6018838,-7.1213035],[107.5941386,-7.1163353],[107.5922802,-7.1157599],[107.5888235,-7.1164225],[107.5867301,-7.1154014],[107.5866729,-7.113752],[107.5854767,-7.1131888],[107.5854718,-7.1114188],[107.58269,-7.1099468],[107.5810921,-7.1069658],[107.5784871,-7.1066894],[107.5758288,-7.1049327],[107.5687794,-7.1023895],[107.5662176,-7.1031524],[107.5656084,-7.1026177],[107.5636401,-7.1038111],[107.5638981,-7.1099329],[107.5633693,-7.1079046],[107.559411,-7.1085078],[107.5600784,-7.1122394],[107.5577455,-7.11383],[107.5609728,-7.1165117],[107.5630996,-7.116727],[107.563785,-7.1185954],[107.5651675,-7.1196901],[107.5669076,-7.1200869],[107.5670619,-7.1232997],[107.5684029,-7.1245813],[107.5699383,-7.1249961],[107.5722088,-7.123929],[107.5725942,-7.1247972],[107.5803488,-7.1267194],[107.5806613,-7.1290848],[107.5837265,-7.1303689],[107.5897293,-7.1355081],[107.5982583,-7.1401733],[107.6015893,-7.1413654],[107.6133403,-7.1392251],[107.6223556,-7.1404593],[107.6355155,-7.1454418],[107.637389,-7.1431306]]]}},{"type":"Feature","properties":{"kecamatan":"Cimaung","desa":"Pasirhuni"},"geometry":{"type":"Polygon","coordinates":[[[107.5802803,-7.1015977],[107.5805231,-7.0967614],[107.584052,-7.0943607],[107.5866116,-7.0943599],[107.5857006,-7.091784],[107.5837424,-7.089909],[107.5829193,-7.0871758],[107.5809911,-7.0853066],[107.5774933,-7.0786594],[107.5751605,-7.0795952],[107.573941,-7.0792601],[107.5747542,-7.0815151],[107.5759836,-7.0823374],[107.5759516,-7.0853836],[107.5754515,-7.086223],[107.5722388,-7.0858104],[107.5695976,-7.08747],[107.5676596,-7.087654],[107.5685538,-7.0897705],[107.5677067,-7.0923701],[107.5703499,-7.0954998],[107.5723488,-7.096616],[107.5724706,-7.09876],[107.5802803,-7.1015977]]]}},{"type":"Feature","properties":{"kecamatan":"Cimaung","desa":"Sukamaju"},"geometry":{"type":"Polygon","coordinates":[[[107.517897,-7.1249449],[107.5223601,-7.1258158],[107.5235254,-7.1266932],[107.5251582,-7.1302572],[107.5265156,-7.1309957],[107.5254451,-7.1209892],[107.5280399,-7.1202682],[107.5279059,-7.1194081],[107.529511,-7.1187537],[107.529373,-7.1180324],[107.5332072,-7.1177283],[107.5339696,-7.1174314],[107.5341036,-7.116194],[107.5362724,-7.1161936],[107.5385016,-7.1141269],[107.540267,-7.1139049],[107.5405867,-7.1125029],[107.5418866,-7.1132992],[107.5419669,-7.1122256],[107.5432237,-7.1125057],[107.543717,-7.1118344],[107.5431903,-7.1111401],[107.5495352,-7.1027162],[107.5491491,-7.1013628],[107.5503898,-7.0999481],[107.5499186,-7.0992161],[107.5527696,-7.0992223],[107.5530016,-7.0954768],[107.552018,-7.0923256],[107.551011,-7.0920184],[107.5526567,-7.0909419],[107.5520982,-7.0891517],[107.5501378,-7.0889628],[107.5485722,-7.0898997],[107.5473602,-7.0928368],[107.5455367,-7.0939774],[107.5451545,-7.0968373],[107.5407421,-7.0958844],[107.5378939,-7.0936693],[107.5352211,-7.0953411],[107.5330927,-7.095522],[107.5287093,-7.0985603],[107.5258101,-7.0989252],[107.5213229,-7.1029905],[107.5188076,-7.1064269],[107.5188398,-7.109518],[107.5171366,-7.1133508],[107.5169894,-7.1228609],[107.517897,-7.1249449]]]}},{"type":"Feature","properties":{"kecamatan":"Cimaung","desa":"Warjabakti"},"geometry":{"type":"Polygon","coordinates":[[[107.6355155,-7.1454418],[107.6223556,-7.1404593],[107.6133403,-7.1392251],[107.6015893,-7.1413654],[107.5897293,-7.1355081],[107.5837265,-7.1303689],[107.5806613,-7.1290848],[107.5803488,-7.1267194],[107.5725942,-7.1247972],[107.5722088,-7.123929],[107.5697611,-7.1249852],[107.5670619,-7.1232997],[107.5665228,-7.1241546],[107.5628425,-7.1223759],[107.5621798,-7.1234387],[107.5615131,-7.1228434],[107.5612116,-7.1249856],[107.5598543,-7.1259599],[107.5582455,-7.1258467],[107.5575649,-7.1269979],[107.558006,-7.1283782],[107.5571891,-7.1300389],[107.558454,-7.1306651],[107.559145,-7.1300042],[107.5620379,-7.1322714],[107.565087,-7.136725],[107.5694886,-7.1392961],[107.5726787,-7.1397648],[107.5746843,-7.1428883],[107.5817537,-7.1468217],[107.5858092,-7.1476703],[107.5950327,-7.1464372],[107.6004989,-7.1476246],[107.60248,-7.148802],[107.6075554,-7.1481714],[107.6095799,-7.1497697],[107.616354,-7.1476216],[107.6191098,-7.1473317],[107.6216423,-7.1482618],[107.6273178,-7.1462908],[107.6285441,-7.1472264],[107.6299698,-7.1467467],[107.633293,-7.147311],[107.6355155,-7.1454418]]]}},{"type":"Feature","properties":{"kecamatan":"Cimenyan","desa":"Kel. Cibeunying"},"geometry":{"type":"Polygon","coordinates":[[[107.6324073,-6.8894002],[107.6335887,-6.8896679],[107.6338948,-6.888122],[107.6353656,-6.8884105],[107.6362222,-6.8863333],[107.637808,-6.8863243],[107.6377885,-6.8893205],[107.6432169,-6.8930251],[107.643798,-6.8931334],[107.6459944,-6.8881217],[107.6468439,-6.8883715],[107.6470996,-6.8898483],[107.645798,-6.8912637],[107.6486755,-6.8916759],[107.6498777,-6.8907626],[107.6503581,-6.8870839],[107.6532222,-6.8844684],[107.6520384,-6.882828],[107.6526112,-6.8792878],[107.6510935,-6.8740947],[107.6514418,-6.872716],[107.6495397,-6.8699722],[107.6468803,-6.8715121],[107.645945,-6.8705278],[107.6416893,-6.8715513],[107.637907,-6.8710011],[107.6367224,-6.8726146],[107.6329378,-6.8726163],[107.6303398,-6.8739116],[107.629654,-6.8752182],[107.6302233,-6.8770703],[107.6294222,-6.8805669],[107.6305881,-6.8826608],[107.631979,-6.8826074],[107.6338945,-6.8847222],[107.6324073,-6.8894002]]]}},{"type":"Feature","properties":{"kecamatan":"Cimenyan","desa":"Ciburial"},"geometry":{"type":"Polygon","coordinates":[[[107.6237603,-6.8665512],[107.6245719,-6.867126],[107.6263003,-6.8660991],[107.6266389,-6.8681389],[107.6275741,-6.8689787],[107.6270173,-6.8696997],[107.6273956,-6.8714843],[107.6293587,-6.8714414],[107.6314653,-6.8698393],[107.6347957,-6.8653012],[107.638038,-6.8640107],[107.6392135,-6.8644859],[107.642318,-6.863903],[107.6477746,-6.8573672],[107.6508863,-6.8559513],[107.651583,-6.8535415],[107.654134,-6.8525732],[107.6565901,-6.846071],[107.6577126,-6.8461796],[107.6604261,-6.8445866],[107.6630557,-6.8472857],[107.6668185,-6.8461707],[107.6705126,-6.8421497],[107.6707168,-6.841022],[107.6735467,-6.8400922],[107.6736239,-6.8388428],[107.6759244,-6.8356078],[107.6760077,-6.830578],[107.675365,-6.831495],[107.674005,-6.831223],[107.672335,-6.832416],[107.668639,-6.831506],[107.666166,-6.832098],[107.665132,-6.831299],[107.660504,-6.832237],[107.659982,-6.834237],[107.654715,-6.837032],[107.654548,-6.838497],[107.651906,-6.842017],[107.647096,-6.843987],[107.643953,-6.846426],[107.64265,-6.850084],[107.639325,-6.851286],[107.638983,-6.852761],[107.63809,-6.852115],[107.636828,-6.85251],[107.636695,-6.854942],[107.635041,-6.85468],[107.631054,-6.856093],[107.628285,-6.855684],[107.627046,-6.857914],[107.625,-6.858196],[107.624999,-6.860753],[107.6239328,-6.8618863],[107.6261973,-6.8636383],[107.6237603,-6.8665512]]]}},{"type":"Feature","properties":{"kecamatan":"Cimenyan","desa":"Cikadut"},"geometry":{"type":"Polygon","coordinates":[[[107.6687968,-6.8920821],[107.6722022,-6.8917925],[107.6779521,-6.8928383],[107.6796975,-6.8897259],[107.6805469,-6.8894725],[107.6812786,-6.8903006],[107.6808646,-6.8912535],[107.6829061,-6.8920066],[107.6837293,-6.8909712],[107.6835148,-6.8879121],[107.6851433,-6.886949],[107.6872502,-6.8805148],[107.6866338,-6.8791277],[107.6884127,-6.8759006],[107.6880371,-6.8739458],[107.686682,-6.8727005],[107.68668,-6.8696172],[107.6858517,-6.8683251],[107.6844795,-6.8690947],[107.6833811,-6.8682554],[107.6830998,-6.8688793],[107.6825621,-6.8683476],[107.6808043,-6.8690798],[107.6787207,-6.8680573],[107.6781624,-6.8703743],[107.6791134,-6.874742],[107.6780925,-6.8744143],[107.6766453,-6.8782748],[107.6700221,-6.8861705],[107.6681304,-6.8910317],[107.6687968,-6.8920821]]]}},{"type":"Feature","properties":{"kecamatan":"Cimenyan","desa":"Cimenyan"},"geometry":{"type":"Polygon","coordinates":[[[107.652496,-6.879106],[107.6537154,-6.8788483],[107.6549426,-6.8800395],[107.6589392,-6.8806992],[107.6586901,-6.8815154],[107.6596464,-6.8822494],[107.6626298,-6.8828577],[107.6656611,-6.8852678],[107.6672109,-6.8848396],[107.6685872,-6.8823101],[107.6688719,-6.8771792],[107.6711191,-6.8714631],[107.6716737,-6.8650183],[107.6751402,-6.8614371],[107.6776321,-6.8631839],[107.6801272,-6.8635962],[107.6806406,-6.8573209],[107.6789983,-6.8550607],[107.6803886,-6.8540746],[107.6798276,-6.8535986],[107.6805571,-6.8475815],[107.6799443,-6.8442938],[107.6802816,-6.8393668],[107.6841163,-6.8363927],[107.6890162,-6.8356959],[107.6899939,-6.8292411],[107.689408,-6.830505],[107.688459,-6.83004],[107.687373,-6.830959],[107.682827,-6.830108],[107.682297,-6.831385],[107.680734,-6.830951],[107.678911,-6.831738],[107.67811,-6.830522],[107.677395,-6.831701],[107.6760077,-6.830578],[107.6759244,-6.8356078],[107.6736239,-6.8388428],[107.6735467,-6.8400922],[107.6707168,-6.841022],[107.6687609,-6.8444492],[107.6664005,-6.8463848],[107.6664934,-6.8475931],[107.6645558,-6.8510327],[107.6627437,-6.851037],[107.662678,-6.854698],[107.6619453,-6.8563049],[107.660833,-6.8563678],[107.6597686,-6.8576877],[107.6603118,-6.8593526],[107.6601925,-6.8599252],[107.6594239,-6.8596287],[107.6579723,-6.8631251],[107.6583561,-6.8647057],[107.6557413,-6.8671532],[107.6544196,-6.8700526],[107.653777,-6.8697979],[107.6516501,-6.874714],[107.652496,-6.879106]]]}},{"type":"Feature","properties":{"kecamatan":"Cimenyan","desa":"Mandalamekar"},"geometry":{"type":"Polygon","coordinates":[[[107.6653251,-6.8901715],[107.6692369,-6.8845536],[107.6707863,-6.8843778],[107.6701827,-6.8861914],[107.6712172,-6.8843236],[107.6721864,-6.8841361],[107.6766453,-6.8782748],[107.6780925,-6.8744143],[107.6791134,-6.874742],[107.6781624,-6.8703743],[107.6787207,-6.8680573],[107.6795658,-6.8678885],[107.6801272,-6.8635962],[107.6776321,-6.8631839],[107.6751402,-6.8614371],[107.6716737,-6.8650183],[107.6709716,-6.8721124],[107.6688719,-6.8771792],[107.6685872,-6.8823101],[107.6671496,-6.8849201],[107.6656611,-6.8852678],[107.6642472,-6.8897468],[107.6653251,-6.8901715]]]}},{"type":"Feature","properties":{"kecamatan":"Cimenyan","desa":"Mekarmanik"},"geometry":{"type":"Polygon","coordinates":[[[107.6929496,-6.8780536],[107.6944222,-6.8763121],[107.6942733,-6.8744743],[107.6952923,-6.8731823],[107.6959429,-6.8740178],[107.6976988,-6.8733777],[107.7024149,-6.8670758],[107.7079846,-6.864726],[107.7081963,-6.8630521],[107.7095553,-6.8614346],[107.7097143,-6.8604391],[107.7074798,-6.8619655],[107.7069608,-6.8612117],[107.7064504,-6.8616004],[107.7054194,-6.8594345],[107.7064274,-6.8574094],[107.7091409,-6.8558362],[107.7102829,-6.8508786],[107.7113306,-6.8501883],[107.7121791,-6.8474777],[107.7127302,-6.8420195],[107.7116142,-6.8392524],[107.7086,-6.8369729],[107.7075124,-6.8348912],[107.7034,-6.84026],[107.70017,-6.8371],[107.694967,-6.836304],[107.691914,-6.83468],[107.6858992,-6.8365381],[107.6841163,-6.8363927],[107.6802816,-6.8393668],[107.6799443,-6.8442938],[107.6805571,-6.8475815],[107.6798276,-6.8535986],[107.6803886,-6.8540746],[107.6789983,-6.8550607],[107.6806406,-6.8573209],[107.6806499,-6.8604896],[107.6794033,-6.8682567],[107.6808043,-6.8690798],[107.6825621,-6.8683476],[107.6830998,-6.8688793],[107.6833811,-6.8682554],[107.6844795,-6.8690947],[107.6858517,-6.8683251],[107.68668,-6.8696172],[107.686682,-6.8727005],[107.6881857,-6.8736717],[107.6899231,-6.8729231],[107.6890527,-6.874702],[107.691848,-6.8761003],[107.691356,-6.8777805],[107.6929496,-6.8780536]]]}},{"type":"Feature","properties":{"kecamatan":"Cimenyan","desa":"Mekarsaluyu"},"geometry":{"type":"Polygon","coordinates":[[[107.6303398,-6.8739116],[107.6329378,-6.8726163],[107.6367224,-6.8726146],[107.637907,-6.8710011],[107.6416893,-6.8715513],[107.645945,-6.8705278],[107.6468803,-6.8715121],[107.6495397,-6.8699722],[107.6514418,-6.872716],[107.6516298,-6.8748027],[107.653777,-6.8697979],[107.6544196,-6.8700526],[107.6557413,-6.8671532],[107.6583561,-6.8647057],[107.6579723,-6.8631251],[107.6594239,-6.8596287],[107.6601925,-6.8599252],[107.6603118,-6.8593526],[107.6597686,-6.8576877],[107.660833,-6.8563678],[107.6619453,-6.8563049],[107.6631151,-6.8524527],[107.6627437,-6.851037],[107.6645558,-6.8510327],[107.6666038,-6.8461319],[107.6630557,-6.8472857],[107.6604261,-6.8445866],[107.6577126,-6.8461796],[107.6565901,-6.846071],[107.6538616,-6.8528989],[107.651583,-6.8535415],[107.6508863,-6.8559513],[107.6477746,-6.8573672],[107.642001,-6.8641104],[107.638038,-6.8640107],[107.6347957,-6.8653012],[107.6314653,-6.8698393],[107.6303815,-6.8702756],[107.6303398,-6.8739116]]]}},{"type":"Feature","properties":{"kecamatan":"Cimenyan","desa":"Kel. Padasuka"},"geometry":{"type":"Polygon","coordinates":[[[107.6480002,-6.8914343],[107.6490781,-6.8921203],[107.6491352,-6.893316],[107.6510947,-6.8940584],[107.6543355,-6.8947936],[107.6564021,-6.8943082],[107.6635333,-6.8837077],[107.6596464,-6.8822494],[107.6586901,-6.8815154],[107.6589392,-6.8806992],[107.6571645,-6.8807918],[107.6530079,-6.8788122],[107.6520384,-6.882828],[107.6532222,-6.8844684],[107.6503581,-6.8870839],[107.6498777,-6.8907626],[107.6480002,-6.8914343]]]}},{"type":"Feature","properties":{"kecamatan":"Cimenyan","desa":"Sindanglaya"},"geometry":{"type":"Polygon","coordinates":[[[107.6868365,-6.8966176],[107.68761,-6.8925376],[107.6901088,-6.8927517],[107.6906219,-6.8921118],[107.6919492,-6.8871912],[107.6956579,-6.880931],[107.6957611,-6.8781562],[107.6965118,-6.8771179],[107.6960895,-6.8748251],[107.6978843,-6.8731777],[107.6960076,-6.8740222],[107.6952923,-6.8731823],[107.6942733,-6.8744743],[107.6944222,-6.8763121],[107.6929496,-6.8780536],[107.691356,-6.8777805],[107.691848,-6.8761003],[107.6890527,-6.874702],[107.6899231,-6.8729231],[107.6877292,-6.8736391],[107.6884127,-6.8759006],[107.6866338,-6.8791277],[107.687045,-6.8813724],[107.6863037,-6.8818619],[107.6851433,-6.886949],[107.6836232,-6.8876222],[107.683936,-6.8905038],[107.6825511,-6.8924568],[107.6841339,-6.8929347],[107.6846455,-6.8956027],[107.6868365,-6.8966176]]]}},{"type":"Feature","properties":{"kecamatan":"Ciparay","desa":"Babakan"},"geometry":{"type":"Polygon","coordinates":[[[107.6294066,-7.1261053],[107.6340432,-7.1268276],[107.637857,-7.1254191],[107.6417756,-7.1225133],[107.6493379,-7.1201747],[107.6533104,-7.1179284],[107.660136,-7.1177769],[107.6617019,-7.117041],[107.6673045,-7.1090328],[107.6693064,-7.1081629],[107.6736207,-7.1029917],[107.6762654,-7.1019364],[107.6799022,-7.1017271],[107.6807784,-7.1006283],[107.6831535,-7.1000347],[107.6907343,-7.0896757],[107.692788,-7.0895001],[107.6930959,-7.0912089],[107.694637,-7.0907553],[107.6944887,-7.0887156],[107.6953438,-7.0876025],[107.6943989,-7.0836694],[107.6978055,-7.0840672],[107.6980855,-7.0762071],[107.6967287,-7.0761244],[107.6966013,-7.0768617],[107.6950437,-7.0751549],[107.6918095,-7.0737196],[107.6920932,-7.0729043],[107.6907215,-7.0726686],[107.6897715,-7.0713604],[107.6884189,-7.0715754],[107.6873157,-7.0758349],[107.686251,-7.0763049],[107.6845014,-7.0798261],[107.6840401,-7.0830336],[107.6789902,-7.0857191],[107.6786523,-7.0879982],[107.675911,-7.0895693],[107.6753399,-7.0916638],[107.6698781,-7.0955078],[107.6680597,-7.0984065],[107.6654046,-7.0994082],[107.6634611,-7.1037827],[107.6638243,-7.1072675],[107.6616404,-7.1074296],[107.6573127,-7.1049244],[107.6540073,-7.1055548],[107.6485349,-7.1111746],[107.6420375,-7.1130277],[107.635837,-7.1160545],[107.634022,-7.117902],[107.6294066,-7.1261053]]]}},{"type":"Feature","properties":{"kecamatan":"Ciparay","desa":"Bumiwangi"},"geometry":{"type":"Polygon","coordinates":[[[107.7001381,-7.0547189],[107.6998407,-7.0512761],[107.7061049,-7.0425571],[107.7061431,-7.0407812],[107.6990652,-7.0357143],[107.6990413,-7.0338859],[107.6971332,-7.0310203],[107.6984472,-7.0256097],[107.6972644,-7.024665],[107.6969521,-7.023206],[107.6953581,-7.0227537],[107.6933656,-7.0199918],[107.691947,-7.019387],[107.6915184,-7.0222208],[107.6905278,-7.0217368],[107.6898029,-7.0245296],[107.6889155,-7.0240107],[107.6882837,-7.0253455],[107.6886064,-7.0268623],[107.6899782,-7.026711],[107.6917953,-7.0294299],[107.6868369,-7.0371187],[107.6837687,-7.0484154],[107.6873021,-7.0515229],[107.6895946,-7.0514906],[107.6915644,-7.050049],[107.696377,-7.0512575],[107.7001381,-7.0547189]]]}},{"type":"Feature","properties":{"kecamatan":"Ciparay","desa":"Ciheulang"},"geometry":{"type":"Polygon","coordinates":[[[107.6810677,-7.0484343],[107.6841413,-7.0479766],[107.6868369,-7.0371187],[107.6917953,-7.0294299],[107.6905072,-7.027146],[107.6882773,-7.0262311],[107.6889155,-7.0240107],[107.6898029,-7.0245296],[107.6904955,-7.0217848],[107.6913984,-7.0223228],[107.6918907,-7.0207248],[107.691947,-7.019387],[107.6890973,-7.0170642],[107.6901846,-7.0143706],[107.6901946,-7.0110421],[107.6890156,-7.0105008],[107.6886547,-7.0078732],[107.6864872,-7.0087939],[107.6864716,-7.0072879],[107.6813437,-7.0089566],[107.6803773,-7.008163],[107.6790364,-7.00905],[107.6793533,-7.0260192],[107.6787398,-7.0274294],[107.679483,-7.0276891],[107.6798237,-7.0321631],[107.6790761,-7.0401635],[107.677716,-7.0426673],[107.6782289,-7.0445847],[107.6810677,-7.0484343]]]}},{"type":"Feature","properties":{"kecamatan":"Ciparay","desa":"Cikoneng"},"geometry":{"type":"Polygon","coordinates":[[[107.7160206,-7.0835069],[107.7178534,-7.0788888],[107.7201773,-7.0765573],[107.717716,-7.076543],[107.7151877,-7.07484],[107.7111001,-7.0736464],[107.7107956,-7.0749699],[107.710026,-7.0729844],[107.7118008,-7.0701062],[107.7102979,-7.0698617],[107.709738,-7.0678756],[107.7082479,-7.0674729],[107.7081006,-7.068398],[107.7060405,-7.068622],[107.7049047,-7.0673221],[107.7036098,-7.0678739],[107.7029924,-7.0662763],[107.6997716,-7.0656534],[107.6999187,-7.0672501],[107.7015997,-7.0688756],[107.7006385,-7.0698341],[107.70149,-7.0769058],[107.7032656,-7.0783111],[107.703641,-7.080065],[107.7033126,-7.0872006],[107.7058465,-7.0876435],[107.7081718,-7.0869018],[107.7083247,-7.0856394],[107.709791,-7.0842799],[107.7098082,-7.0819487],[107.7117589,-7.0819572],[107.71253,-7.0840167],[107.712955,-7.0825617],[107.7160206,-7.0835069]]]}},{"type":"Feature","properties":{"kecamatan":"Ciparay","desa":"Ciparay"},"geometry":{"type":"Polygon","coordinates":[[[107.7323389,-7.0298859],[107.7308049,-7.0293751],[107.7316946,-7.0267568],[107.7307073,-7.0240688],[107.7285775,-7.023136],[107.7232363,-7.0235929],[107.7212675,-7.0224405],[107.722735,-7.0181816],[107.718483,-7.0177034],[107.7191132,-7.0142072],[107.716462,-7.014669],[107.715989,-7.0170101],[107.7121015,-7.0184423],[107.7138762,-7.0150544],[107.7102219,-7.0149018],[107.710537,-7.0132428],[107.7092515,-7.013281],[107.708204,-7.0188011],[107.7128635,-7.0197301],[107.7133512,-7.0206252],[107.7127975,-7.0236592],[107.7156139,-7.023787],[107.7165904,-7.0246373],[107.7145358,-7.0280815],[107.7165255,-7.0274447],[107.7155643,-7.031751],[107.7139614,-7.0329197],[107.7148109,-7.033437],[107.7132605,-7.0356717],[107.716515,-7.03635],[107.7197552,-7.0334871],[107.7214342,-7.0345981],[107.72358,-7.03428],[107.7238409,-7.0320712],[107.7252817,-7.030676],[107.72624,-7.0315],[107.7281269,-7.0310955],[107.72934,-7.03183],[107.7323389,-7.0298859]]]}},{"type":"Feature","properties":{"kecamatan":"Ciparay","desa":"Gunungleutik"},"geometry":{"type":"Polygon","coordinates":[[[107.7075666,-7.0445422],[107.7084597,-7.0400997],[107.708237,-7.036174],[107.7098889,-7.034992],[107.706175,-7.034177],[107.7060298,-7.0354879],[107.7044618,-7.0347713],[107.7030129,-7.035927],[107.7016271,-7.034182],[107.7007724,-7.0344353],[107.7013393,-7.0313444],[107.6976728,-7.0295795],[107.697173,-7.0312668],[107.6990413,-7.0338859],[107.6990652,-7.0357143],[107.706033,-7.0406001],[107.7061049,-7.0425571],[107.7048832,-7.0442198],[107.7059272,-7.0449486],[107.7075666,-7.0445422]]]}},{"type":"Feature","properties":{"kecamatan":"Ciparay","desa":"Manggungharja"},"geometry":{"type":"Polygon","coordinates":[[[107.7154144,-7.0579689],[107.71528,-7.056487],[107.716908,-7.055232],[107.71734,-7.051681],[107.7192888,-7.0468703],[107.7217928,-7.0463274],[107.7219072,-7.0443141],[107.7226057,-7.0443816],[107.724435,-7.041033],[107.726466,-7.039365],[107.731956,-7.038704],[107.722013,-7.035959],[107.722032,-7.034611],[107.7199543,-7.0334821],[107.715441,-7.037211],[107.71492,-7.039831],[107.716775,-7.044406],[107.716047,-7.047521],[107.713875,-7.049326],[107.713307,-7.050913],[107.714003,-7.052026],[107.715834,-7.052315],[107.715389,-7.054743],[107.7136482,-7.0572548],[107.7154144,-7.0579689]]]}},{"type":"Feature","properties":{"kecamatan":"Ciparay","desa":"Mekarlaksana"},"geometry":{"type":"Polygon","coordinates":[[[107.7029432,-7.0867599],[107.7039586,-7.0825116],[107.703641,-7.080065],[107.7032656,-7.0783111],[107.70149,-7.0769058],[107.7006385,-7.0698341],[107.7015997,-7.0688756],[107.6999187,-7.0672501],[107.6997154,-7.0657959],[107.7029924,-7.0662763],[107.7033879,-7.0673213],[107.7041156,-7.0671802],[107.7044586,-7.0644262],[107.705419,-7.064319],[107.7065414,-7.0617077],[107.7061567,-7.0603479],[107.707297,-7.0589613],[107.7012139,-7.0560626],[107.6991985,-7.0532728],[107.696377,-7.0512575],[107.6915644,-7.050049],[107.6895946,-7.0514906],[107.6862126,-7.0511494],[107.685359,-7.055531],[107.6863814,-7.0571923],[107.6851929,-7.058417],[107.6861684,-7.0601566],[107.6848247,-7.0632057],[107.6851743,-7.0661006],[107.6866793,-7.0684382],[107.6885613,-7.0691997],[107.6884189,-7.0715754],[107.6897715,-7.0713604],[107.6907215,-7.0726686],[107.6920932,-7.0729043],[107.6918095,-7.0737196],[107.6950437,-7.0751549],[107.6966013,-7.0768617],[107.6967287,-7.0761244],[107.6980855,-7.0762071],[107.6978055,-7.0840672],[107.7025337,-7.0857504],[107.7029432,-7.0867599]]]}},{"type":"Feature","properties":{"kecamatan":"Ciparay","desa":"Mekarsari"},"geometry":{"type":"Polygon","coordinates":[[[107.7448357,-7.0406854],[107.7450357,-7.0369206],[107.7467084,-7.0355753],[107.7468251,-7.0328313],[107.7478071,-7.0316701],[107.7469985,-7.0302066],[107.7444755,-7.0289218],[107.7426804,-7.0298389],[107.7404253,-7.0277205],[107.7408931,-7.0257067],[107.7363437,-7.023596],[107.7307073,-7.0240688],[107.7316946,-7.0267568],[107.7308049,-7.0293751],[107.7323389,-7.0298859],[107.72934,-7.03183],[107.7281269,-7.0310955],[107.72624,-7.0315],[107.7252817,-7.030676],[107.7238409,-7.0320712],[107.72358,-7.03428],[107.722032,-7.034611],[107.722013,-7.035959],[107.731956,-7.038704],[107.7319473,-7.0376825],[107.7336606,-7.0363541],[107.7429979,-7.0361926],[107.7448357,-7.0406854]]]}},{"type":"Feature","properties":{"kecamatan":"Ciparay","desa":"Pakutandang"},"geometry":{"type":"Polygon","coordinates":[[[107.7047734,-7.0579932],[107.7068553,-7.0582514],[107.7083295,-7.0570739],[107.7130914,-7.0580068],[107.715389,-7.054743],[107.715834,-7.052315],[107.714003,-7.052026],[107.713307,-7.050913],[107.716342,-7.046406],[107.716844,-7.043482],[107.714882,-7.039085],[107.715112,-7.037683],[107.716515,-7.03635],[107.7098889,-7.034992],[107.708237,-7.036174],[107.7079419,-7.0440667],[107.7059272,-7.0449486],[107.70472,-7.044177],[107.700775,-7.049248],[107.6998407,-7.0512761],[107.7001835,-7.0549656],[107.7047734,-7.0579932]]]}},{"type":"Feature","properties":{"kecamatan":"Ciparay","desa":"Sagaracipta"},"geometry":{"type":"Polygon","coordinates":[[[107.7210675,-7.0763744],[107.724317,-7.0727],[107.7231136,-7.072505],[107.7209332,-7.0695097],[107.7213544,-7.0686508],[107.7192549,-7.0664192],[107.7198853,-7.0649464],[107.7171809,-7.0638464],[107.7169058,-7.0586654],[107.7136482,-7.0572548],[107.7130914,-7.0580068],[107.7083295,-7.0570739],[107.7067159,-7.0584111],[107.7073214,-7.0590252],[107.7061567,-7.0603479],[107.7064857,-7.0618844],[107.705419,-7.064319],[107.7044586,-7.0644262],[107.7047137,-7.0661007],[107.7035801,-7.0678355],[107.7049047,-7.0673221],[107.7053584,-7.0683872],[107.7066986,-7.0687488],[107.7081006,-7.068398],[107.7082479,-7.0674729],[107.709738,-7.0678756],[107.7102979,-7.0698617],[107.7118008,-7.0701062],[107.710026,-7.0729844],[107.7107956,-7.0749699],[107.7111001,-7.0736464],[107.7151877,-7.07484],[107.7178408,-7.0765778],[107.7210675,-7.0763744]]]}},{"type":"Feature","properties":{"kecamatan":"Ciparay","desa":"Sarimahi"},"geometry":{"type":"Polygon","coordinates":[[[107.7132605,-7.0356717],[107.7148109,-7.033437],[107.7139614,-7.0329197],[107.7155643,-7.031751],[107.7165255,-7.0274447],[107.7145358,-7.0280815],[107.7165904,-7.0246373],[107.7156139,-7.023787],[107.7127975,-7.0236592],[107.7133512,-7.0206252],[107.7128635,-7.0197301],[107.708204,-7.0188011],[107.7092556,-7.0133277],[107.7076599,-7.0130243],[107.7082169,-7.0105681],[107.7052329,-7.009851],[107.7053904,-7.0066852],[107.6981206,-7.0078571],[107.6937542,-7.0077569],[107.6934805,-7.0093568],[107.6956225,-7.010741],[107.69553,-7.0117619],[107.6972988,-7.0139962],[107.7061282,-7.0190123],[107.7044857,-7.0248807],[107.704998,-7.030844],[107.70638,-7.03216],[107.706175,-7.034177],[107.7132605,-7.0356717]]]}},{"type":"Feature","properties":{"kecamatan":"Ciparay","desa":"Serangmekar"},"geometry":{"type":"Polygon","coordinates":[[[107.7060298,-7.0354879],[107.70638,-7.03216],[107.704998,-7.030844],[107.7044857,-7.0248807],[107.7061282,-7.0190123],[107.6972988,-7.0139962],[107.69553,-7.0117619],[107.6956225,-7.010741],[107.6934805,-7.0093568],[107.6936996,-7.0075012],[107.6902533,-7.0059929],[107.689977,-7.007179],[107.6886653,-7.0075353],[107.6889938,-7.0104508],[107.6901844,-7.0110005],[107.6903597,-7.0130369],[107.6892041,-7.0173161],[107.6933656,-7.0199918],[107.6953581,-7.0227537],[107.6970387,-7.0232939],[107.6972644,-7.024665],[107.6984763,-7.0256765],[107.6979998,-7.0294226],[107.7013393,-7.0313444],[107.7007724,-7.0344353],[107.7016271,-7.034182],[107.7030129,-7.035927],[107.7044618,-7.0347713],[107.7060298,-7.0354879]]]}},{"type":"Feature","properties":{"kecamatan":"Ciparay","desa":"Sumbersari"},"geometry":{"type":"Polygon","coordinates":[[[107.7283832,-7.023358],[107.7265831,-7.021497],[107.7268501,-7.0188513],[107.7235297,-7.0129662],[107.7215956,-7.0147112],[107.7202643,-7.0140733],[107.7221401,-7.0116393],[107.7208089,-7.0107259],[107.7215935,-7.0102509],[107.7210086,-7.0090524],[107.7220045,-7.0089592],[107.7221471,-7.0080665],[107.7217306,-7.0072667],[107.7198854,-7.0073319],[107.7193729,-7.0060977],[107.7201965,-7.0053319],[107.718732,-7.0032123],[107.7211195,-7.0024745],[107.7197892,-7.0021955],[107.7200052,-7.0008447],[107.7177195,-6.9983213],[107.7188869,-6.9979276],[107.7189166,-6.9971145],[107.7171001,-6.9973213],[107.7168918,-6.9959279],[107.7159048,-6.9958109],[107.7155966,-6.996555],[107.7144762,-6.9956511],[107.7102094,-6.997175],[107.7062053,-6.9975623],[107.7051554,-6.9963214],[107.7064754,-6.9949505],[107.7050758,-6.9926692],[107.70633,-6.9923051],[107.7063191,-6.9914935],[107.7041245,-6.9895149],[107.7042559,-6.98884],[107.7023092,-6.9888636],[107.701437,-6.986787],[107.698652,-6.98928],[107.697781,-6.987213],[107.6949072,-6.9880534],[107.695013,-6.989426],[107.693022,-6.988965],[107.692378,-6.991109],[107.690646,-6.988738],[107.689687,-6.989881],[107.6884972,-6.9898102],[107.6890979,-6.9914885],[107.6883575,-6.9920607],[107.6871889,-6.9919724],[107.687062,-6.990146],[107.684362,-6.990615],[107.680815,-6.993469],[107.682922,-6.997739],[107.6845,-6.998038],[107.6846703,-7.0026686],[107.6859375,-7.0044371],[107.6852738,-7.0074082],[107.6864962,-7.0072939],[107.6864496,-7.008775],[107.688798,-7.0080061],[107.6905553,-7.005946],[107.6920643,-7.0063077],[107.6917007,-7.0069003],[107.6924403,-7.0074876],[107.6966133,-7.0079112],[107.7053904,-7.0066852],[107.7052329,-7.009851],[107.7082169,-7.0105681],[107.7076599,-7.0130243],[107.710537,-7.0132428],[107.7102219,-7.0149018],[107.7138762,-7.0150544],[107.7121015,-7.0184423],[107.715989,-7.0170101],[107.716462,-7.014669],[107.7191132,-7.0142072],[107.718483,-7.0177034],[107.722735,-7.0181816],[107.7212675,-7.0224405],[107.725435,-7.023882],[107.7283832,-7.023358]]]}},{"type":"Feature","properties":{"kecamatan":"Ciwidey","desa":"Ciwidey"},"geometry":{"type":"Polygon","coordinates":[[[107.4350894,-7.1012453],[107.4414947,-7.103243],[107.442491,-7.1050651],[107.445206,-7.1047936],[107.4495494,-7.102861],[107.4472259,-7.1059679],[107.4479658,-7.1072823],[107.449974,-7.1077607],[107.4518034,-7.1100812],[107.4515108,-7.1108424],[107.4537594,-7.1097657],[107.4551394,-7.1077996],[107.4561775,-7.1081328],[107.4575855,-7.1060542],[107.4600353,-7.1045412],[107.4677176,-7.1033626],[107.470671,-7.1000776],[107.4718601,-7.09657],[107.4704589,-7.0956732],[107.4703269,-7.093967],[107.4684997,-7.0948591],[107.4679416,-7.0943751],[107.4681707,-7.0962739],[107.4670389,-7.0977134],[107.4640544,-7.0988089],[107.4616639,-7.1015178],[107.4570241,-7.1027346],[107.4545827,-7.1027241],[107.4543829,-7.1002598],[107.4521391,-7.099058],[107.4502525,-7.0993947],[107.4448456,-7.0981552],[107.4419694,-7.0984859],[107.4402741,-7.10039],[107.4377216,-7.1002614],[107.4372476,-7.1012075],[107.4350894,-7.1012453]]]}},{"type":"Feature","properties":{"kecamatan":"Ciwidey","desa":"Lebakmuncang"},"geometry":{"type":"Polygon","coordinates":[[[107.3947441,-7.1271561],[107.4061691,-7.1263311],[107.4107893,-7.1268226],[107.4154435,-7.1244211],[107.4163549,-7.1248985],[107.4213166,-7.1228695],[107.4213812,-7.1211472],[107.4231369,-7.1187861],[107.4225055,-7.1177315],[107.4237519,-7.116662],[107.424361,-7.1127135],[107.4267193,-7.1095392],[107.4259351,-7.1081837],[107.4277119,-7.1059248],[107.4272331,-7.1048816],[107.4286368,-7.103897],[107.4305972,-7.1038205],[107.4332297,-7.101701],[107.4372476,-7.1012075],[107.4377216,-7.1002614],[107.4402741,-7.10039],[107.4416355,-7.0992084],[107.4388073,-7.0981251],[107.4385361,-7.0970351],[107.4405648,-7.0962796],[107.4418343,-7.094339],[107.4493124,-7.0916488],[107.4508237,-7.0893381],[107.4517633,-7.0891463],[107.4532812,-7.0856927],[107.4519935,-7.0854962],[107.4523279,-7.0842331],[107.4514146,-7.0835265],[107.4525696,-7.0807763],[107.4517828,-7.0814723],[107.4499637,-7.0805325],[107.4484171,-7.0839593],[107.4416795,-7.0834537],[107.4411859,-7.0823795],[107.4398405,-7.0819466],[107.4392824,-7.0841148],[107.4374481,-7.0826122],[107.4360122,-7.0829919],[107.43679,-7.0819511],[107.4322854,-7.0817477],[107.4318815,-7.0830557],[107.4313727,-7.0819869],[107.4320639,-7.080937],[107.4306308,-7.0804745],[107.4289739,-7.081247],[107.4272319,-7.0800081],[107.4253827,-7.0805545],[107.4243523,-7.079746],[107.4226268,-7.0802792],[107.420522,-7.0789386],[107.418277,-7.0796159],[107.4157851,-7.0791218],[107.416136,-7.0824353],[107.4150347,-7.0833867],[107.411582,-7.084068],[107.410345,-7.085909],[107.410219,-7.088196],[107.408376,-7.089173],[107.407098,-7.091331],[107.4089476,-7.096889],[107.402714,-7.093514],[107.40145,-7.091875],[107.396234,-7.092182],[107.39539,-7.095007],[107.3923604,-7.0991649],[107.3934087,-7.1041498],[107.385572,-7.1118891],[107.3874296,-7.11718],[107.3871637,-7.1217501],[107.3897624,-7.1237925],[107.3935833,-7.1244422],[107.3947441,-7.1271561]]]}},{"type":"Feature","properties":{"kecamatan":"Ciwidey","desa":"Nengkelan"},"geometry":{"type":"Polygon","coordinates":[[[107.4623506,-7.0819866],[107.4627835,-7.0811879],[107.4647179,-7.0807817],[107.4642123,-7.079607],[107.4652453,-7.0773194],[107.4598062,-7.0744124],[107.4583783,-7.0754515],[107.4545619,-7.0688942],[107.4562767,-7.0680228],[107.4573407,-7.065312],[107.4550259,-7.0625689],[107.4534806,-7.0621317],[107.4534378,-7.057815],[107.4549454,-7.0531929],[107.4566368,-7.0518894],[107.45396,-7.05171],[107.4491511,-7.0485386],[107.4452039,-7.0488579],[107.4442422,-7.0497462],[107.4445312,-7.05369],[107.4438104,-7.0549716],[107.4457425,-7.0562138],[107.4498941,-7.0557997],[107.450388,-7.0570978],[107.4483776,-7.0609745],[107.4494532,-7.0615959],[107.4500285,-7.0649968],[107.4473496,-7.0675433],[107.4487572,-7.0701929],[107.4475801,-7.0714664],[107.447324,-7.0736373],[107.4463435,-7.0736347],[107.4457263,-7.0788259],[107.4489536,-7.0788028],[107.4492252,-7.0799694],[107.4517828,-7.0814723],[107.4525696,-7.0807763],[107.4559214,-7.0806925],[107.4584195,-7.0819185],[107.4623506,-7.0819866]]]}},{"type":"Feature","properties":{"kecamatan":"Ciwidey","desa":"Panundaan"},"geometry":{"type":"Polygon","coordinates":[[[107.4388437,-7.1215555],[107.4418197,-7.1186739],[107.4427484,-7.1191051],[107.4441596,-7.1167906],[107.4470154,-7.1146525],[107.4476593,-7.1149821],[107.4477192,-7.114241],[107.4494358,-7.1140941],[107.451365,-7.1119696],[107.4517424,-7.1099875],[107.4472259,-7.1059679],[107.4495494,-7.102861],[107.445206,-7.1047936],[107.442491,-7.1050651],[107.4414947,-7.103243],[107.4350894,-7.1012453],[107.4272277,-7.1048892],[107.4277119,-7.1059248],[107.4262967,-7.1071287],[107.425935,-7.1082196],[107.4267388,-7.1094178],[107.4261808,-7.1100456],[107.4286892,-7.1111709],[107.4301152,-7.1132969],[107.4307332,-7.1124096],[107.4315647,-7.113442],[107.4323204,-7.1127397],[107.4350196,-7.1158105],[107.435964,-7.1145614],[107.4365645,-7.1156774],[107.4358306,-7.1168652],[107.4366345,-7.1173839],[107.4380598,-7.1164543],[107.4379204,-7.1189195],[107.4388437,-7.1215555]]]}},{"type":"Feature","properties":{"kecamatan":"Ciwidey","desa":"Panyocokan"},"geometry":{"type":"Polygon","coordinates":[[[107.4388073,-7.0981251],[107.4418032,-7.099187],[107.4420155,-7.0984686],[107.4448456,-7.0981552],[107.4502525,-7.0993947],[107.4521391,-7.099058],[107.4543829,-7.1002598],[107.4545827,-7.1027241],[107.4570241,-7.1027346],[107.4616639,-7.1015178],[107.4640544,-7.0988089],[107.4656621,-7.0987246],[107.4672355,-7.0975605],[107.4681707,-7.0962739],[107.4678974,-7.0944002],[107.4685561,-7.0948435],[107.4717302,-7.0931659],[107.4704963,-7.0929631],[107.4703417,-7.0912261],[107.4698479,-7.0918121],[107.4693482,-7.0913659],[107.4694523,-7.0890281],[107.4666327,-7.0884689],[107.4665881,-7.0891441],[107.4649254,-7.0890221],[107.4632248,-7.0883196],[107.4623229,-7.0890251],[107.4607227,-7.0886325],[107.4608506,-7.0873744],[107.456616,-7.087154],[107.4572978,-7.0855383],[107.4597439,-7.0852385],[107.4615832,-7.0833],[107.4628006,-7.0831609],[107.4623506,-7.0819866],[107.4525696,-7.0807763],[107.4514146,-7.0835265],[107.4523279,-7.0842331],[107.4519935,-7.0854962],[107.4532812,-7.0856927],[107.4525265,-7.088222],[107.4493124,-7.0916488],[107.4418343,-7.094339],[107.4405648,-7.0962796],[107.438701,-7.0967743],[107.4388073,-7.0981251]]]}},{"type":"Feature","properties":{"kecamatan":"Ciwidey","desa":"Rawabogo"},"geometry":{"type":"Polygon","coordinates":[[[107.4484171,-7.0839593],[107.4499637,-7.0805325],[107.4489536,-7.0788028],[107.4458499,-7.0790236],[107.4457458,-7.0756929],[107.4487572,-7.0701929],[107.4473496,-7.0675433],[107.4500285,-7.0649968],[107.4494532,-7.0615959],[107.4483776,-7.0609745],[107.450388,-7.0570978],[107.4498941,-7.0557997],[107.4457425,-7.0562138],[107.4438104,-7.0549716],[107.4445312,-7.05369],[107.4442422,-7.0497462],[107.445301,-7.048565],[107.44425,-7.047823],[107.438641,-7.048566],[107.437936,-7.048196],[107.438226,-7.046489],[107.437651,-7.046044],[107.4328349,-7.048674],[107.4295394,-7.0494473],[107.427501,-7.051277],[107.424813,-7.051031],[107.422419,-7.055511],[107.419415,-7.056717],[107.420301,-7.058066],[107.420204,-7.061203],[107.421401,-7.061991],[107.421706,-7.063293],[107.4199,-7.06732],[107.42175,-7.07091],[107.42136,-7.07291],[107.42214,-7.07516],[107.41921,-7.07658],[107.4177364,-7.0792585],[107.420522,-7.0789386],[107.4226268,-7.0802792],[107.4243523,-7.079746],[107.4253827,-7.0805545],[107.4272319,-7.0800081],[107.4289739,-7.081247],[107.4318819,-7.0807555],[107.4313727,-7.0819869],[107.4319851,-7.0830781],[107.4322854,-7.0817477],[107.43679,-7.0819511],[107.4360122,-7.0829919],[107.4374481,-7.0826122],[107.4393324,-7.0841142],[107.4398405,-7.0819466],[107.4411859,-7.0823795],[107.4416795,-7.0834537],[107.4484171,-7.0839593]]]}},{"type":"Feature","properties":{"kecamatan":"Ciwidey","desa":"Sukawening"},"geometry":{"type":"Polygon","coordinates":[[[107.4756117,-7.0856112],[107.4763384,-7.0847451],[107.4758692,-7.0840264],[107.4784692,-7.0823792],[107.4781575,-7.0809792],[107.4793742,-7.0805366],[107.4784727,-7.0791009],[107.4769555,-7.0797528],[107.4761096,-7.0789096],[107.4752438,-7.0797152],[107.4738049,-7.0794395],[107.4738416,-7.0786873],[107.4726802,-7.0783814],[107.4731308,-7.0773663],[107.4721221,-7.0774124],[107.4710671,-7.0762642],[107.4710991,-7.0772787],[107.4703425,-7.0775162],[107.4703344,-7.0765824],[107.4695786,-7.0770251],[107.4680797,-7.0758649],[107.4697944,-7.074925],[107.4698411,-7.0736154],[107.4728658,-7.0698773],[107.4739365,-7.0700761],[107.4763662,-7.0680899],[107.4757567,-7.0645521],[107.4789952,-7.063141],[107.4807505,-7.059838],[107.48029,-7.0563744],[107.4762297,-7.0573436],[107.473491,-7.0536092],[107.469967,-7.052129],[107.46834,-7.050362],[107.464642,-7.05375],[107.4605264,-7.0516586],[107.4594176,-7.0524464],[107.4566368,-7.0518894],[107.4549454,-7.0531929],[107.4534378,-7.057815],[107.4534806,-7.0621317],[107.4550259,-7.0625689],[107.4573407,-7.065312],[107.4562767,-7.0680228],[107.4545619,-7.0688942],[107.4549017,-7.0699377],[107.4583783,-7.0754515],[107.4598062,-7.0744124],[107.4652453,-7.0773194],[107.4642123,-7.079607],[107.4647179,-7.0807817],[107.4627835,-7.0811879],[107.4623506,-7.0819866],[107.4658495,-7.082734],[107.4668952,-7.0842437],[107.4716774,-7.0843288],[107.4727747,-7.0851501],[107.4739656,-7.0846559],[107.4756117,-7.0856112]]]}},{"type":"Feature","properties":{"kecamatan":"Dayeuhkolot","desa":"Cangkuang Kulon"},"geometry":{"type":"Polygon","coordinates":[[[107.600576,-6.9616153],[107.5877641,-6.9625214],[107.5875241,-6.9635118],[107.588717,-6.9644047],[107.5877194,-6.9676998],[107.5875213,-6.9710797],[107.5885664,-6.9714296],[107.5879632,-6.9748896],[107.5895064,-6.9762871],[107.5896765,-6.9788124],[107.591697,-6.9809149],[107.5965434,-6.9785773],[107.5994575,-6.9783546],[107.5992594,-6.9735221],[107.600576,-6.9616153]]]}},{"type":"Feature","properties":{"kecamatan":"Dayeuhkolot","desa":"Cangkuang Wetan"},"geometry":{"type":"Polygon","coordinates":[[[107.5999229,-6.9829308],[107.6036844,-6.9800958],[107.6071532,-6.9809217],[107.6087287,-6.9795833],[107.6085094,-6.974221],[107.6102881,-6.9713702],[107.609631,-6.968675],[107.6103403,-6.9680771],[107.6092351,-6.9644307],[107.6097981,-6.962584],[107.608716,-6.9610943],[107.600576,-6.9616153],[107.5992594,-6.9735221],[107.599488,-6.978248],[107.6008532,-6.9785769],[107.5999229,-6.9829308]]]}},{"type":"Feature","properties":{"kecamatan":"Dayeuhkolot","desa":"Citeureup"},"geometry":{"type":"Polygon","coordinates":[[[107.6301502,-6.9911879],[107.6315627,-6.9873888],[107.6296641,-6.9826737],[107.6338933,-6.9782895],[107.6341945,-6.9763574],[107.6329033,-6.9748433],[107.6290223,-6.9753219],[107.6268533,-6.9729436],[107.6217676,-6.9729192],[107.6223003,-6.9711704],[107.6202852,-6.970719],[107.6195862,-6.9726547],[107.618565,-6.9724004],[107.6181955,-6.9742753],[107.621443,-6.983748],[107.624144,-6.98617],[107.6299318,-6.98624],[107.6268887,-6.9914165],[107.6301502,-6.9911879]]]}},{"type":"Feature","properties":{"kecamatan":"Dayeuhkolot","desa":"Dayeuhkolot"},"geometry":{"type":"Polygon","coordinates":[[[107.6268887,-6.9914165],[107.6299318,-6.98624],[107.623537,-6.985873],[107.621443,-6.983748],[107.61842,-6.97505],[107.6164115,-6.9760256],[107.619107,-6.981821],[107.61688,-6.983852],[107.616691,-6.98569],[107.618817,-6.986315],[107.619722,-6.988114],[107.623558,-6.987861],[107.6268887,-6.9914165]]]}},{"type":"Feature","properties":{"kecamatan":"Dayeuhkolot","desa":"Kel. Pasawahan"},"geometry":{"type":"Polygon","coordinates":[[[107.6088818,-6.9791711],[107.609656,-6.978332],[107.612721,-6.978092],[107.614921,-6.975772],[107.6164115,-6.9760256],[107.6184185,-6.9750485],[107.618565,-6.9724004],[107.6195862,-6.9726547],[107.6202852,-6.970719],[107.621357,-6.9705904],[107.6197585,-6.9673903],[107.6212241,-6.9650894],[107.6209833,-6.9620459],[107.616375,-6.9606556],[107.608716,-6.9610943],[107.6097981,-6.962584],[107.6092351,-6.9644307],[107.6103403,-6.9680771],[107.609631,-6.968675],[107.6102881,-6.9713702],[107.6085094,-6.974221],[107.6088818,-6.9791711]]]}},{"type":"Feature","properties":{"kecamatan":"Dayeuhkolot","desa":"Sukapura"},"geometry":{"type":"Polygon","coordinates":[[[107.6355841,-6.9727886],[107.636523,-6.9652796],[107.6273442,-6.9641453],[107.6209833,-6.9620459],[107.6212241,-6.9650894],[107.6197585,-6.9673903],[107.6208986,-6.9685732],[107.6213502,-6.9709449],[107.6223003,-6.9711704],[107.6217676,-6.9729192],[107.6268533,-6.9729436],[107.6290223,-6.9753219],[107.6318927,-6.9753394],[107.6341058,-6.9730213],[107.6355841,-6.9727886]]]}},{"type":"Feature","properties":{"kecamatan":"Ibun","desa":"Cibeet"},"geometry":{"type":"Polygon","coordinates":[[[107.7601756,-7.0943532],[107.7629037,-7.0937557],[107.763012,-7.0923659],[107.7638994,-7.0917573],[107.7643925,-7.0923634],[107.7644439,-7.0914908],[107.7666447,-7.0916642],[107.7666,-7.090011],[107.7675488,-7.0889442],[107.7660915,-7.0849686],[107.7639313,-7.0829004],[107.7649472,-7.0802902],[107.7624635,-7.0772221],[107.7604049,-7.076289],[107.7592801,-7.07772],[107.7592974,-7.0799873],[107.7585789,-7.0785799],[107.7557191,-7.0785739],[107.7580746,-7.0811761],[107.7574084,-7.084377],[107.7579767,-7.08522],[107.75334,-7.0842228],[107.7530802,-7.0864062],[107.757092,-7.0896099],[107.7580362,-7.0921039],[107.7601756,-7.0943532]]]}},{"type":"Feature","properties":{"kecamatan":"Ibun","desa":"Dukuh"},"geometry":{"type":"Polygon","coordinates":[[[107.7521895,-7.1667098],[107.7600915,-7.1576393],[107.7622109,-7.1575186],[107.764746,-7.1556778],[107.7671595,-7.1572225],[107.7689518,-7.1569955],[107.76684,-7.14934],[107.76679,-7.14515],[107.76433,-7.13864],[107.7629244,-7.1316205],[107.7615553,-7.1313289],[107.7603871,-7.1297699],[107.7638051,-7.117926],[107.7633233,-7.1132065],[107.7605236,-7.1092501],[107.7615891,-7.106457],[107.7612634,-7.1054936],[107.763147,-7.1025585],[107.7601336,-7.0980116],[107.7601707,-7.0942593],[107.7580211,-7.0918739],[107.7578452,-7.0927505],[107.7565701,-7.0932168],[107.7554506,-7.0977951],[107.7539105,-7.097267],[107.7541012,-7.0988659],[107.7554408,-7.0988805],[107.757064,-7.102904],[107.756542,-7.10499],[107.754318,-7.105455],[107.7540124,-7.1069135],[107.751631,-7.105837],[107.7510395,-7.1073493],[107.7521153,-7.1100286],[107.7519165,-7.1128126],[107.7534356,-7.1159076],[107.7529355,-7.1175387],[107.7538735,-7.1220079],[107.7525352,-7.1247556],[107.7536534,-7.1265955],[107.7545155,-7.1386754],[107.7566051,-7.1446731],[107.7565322,-7.1480875],[107.7580254,-7.1528121],[107.7564411,-7.1560389],[107.753358,-7.1568224],[107.7514666,-7.1599345],[107.7506368,-7.1652468],[107.7521895,-7.1667098]]]}},{"type":"Feature","properties":{"kecamatan":"Ibun","desa":"Ibun"},"geometry":{"type":"Polygon","coordinates":[[[107.7711952,-7.1597503],[107.7739948,-7.15587],[107.7762931,-7.155634],[107.7778246,-7.1540781],[107.7801275,-7.1558608],[107.78384,-7.15347],[107.78071,-7.15014],[107.77988,-7.14761],[107.78041,-7.14498],[107.7832915,-7.1421042],[107.7832812,-7.1411651],[107.7822971,-7.1409599],[107.7813259,-7.1393728],[107.7802382,-7.139454],[107.7830681,-7.1372931],[107.7861145,-7.1376324],[107.7835872,-7.1251959],[107.7774693,-7.1215865],[107.7754155,-7.1176633],[107.7733932,-7.1169394],[107.7708053,-7.1124847],[107.7685997,-7.1110929],[107.7688694,-7.1066405],[107.7698993,-7.1048279],[107.7656957,-7.1042359],[107.7650591,-7.1021232],[107.7660235,-7.0997491],[107.7656779,-7.0986736],[107.7678587,-7.096196],[107.7669172,-7.0943215],[107.7675125,-7.0922272],[107.7657438,-7.091368],[107.7641458,-7.0916556],[107.7643925,-7.0923634],[107.7635169,-7.0918952],[107.7629037,-7.0937557],[107.7610516,-7.0937453],[107.7598668,-7.0948779],[107.7601336,-7.0980116],[107.763147,-7.1025585],[107.7612634,-7.1054936],[107.7605552,-7.1096169],[107.762922,-7.1122413],[107.763805,-7.1148881],[107.7626709,-7.1227971],[107.7603608,-7.1295103],[107.7615553,-7.1313289],[107.7629244,-7.1316205],[107.76433,-7.13864],[107.76679,-7.14515],[107.76684,-7.14934],[107.7689518,-7.1569955],[107.7711952,-7.1597503]]]}},{"type":"Feature","properties":{"kecamatan":"Ibun","desa":"Karyalaksana"},"geometry":{"type":"Polygon","coordinates":[[[107.7530802,-7.0864062],[107.75334,-7.0842228],[107.7579767,-7.08522],[107.7574084,-7.084377],[107.7580746,-7.0811761],[107.7557191,-7.0785739],[107.7585789,-7.0785799],[107.7592974,-7.0799873],[107.7591569,-7.0781351],[107.7604805,-7.0759676],[107.7564655,-7.0758697],[107.7555279,-7.0751533],[107.7558333,-7.073922],[107.7541263,-7.0722324],[107.7541561,-7.0667296],[107.752317,-7.0676474],[107.7510987,-7.0712377],[107.7512405,-7.0677506],[107.7501761,-7.0717478],[107.7480723,-7.0753744],[107.748248,-7.0767319],[107.7462407,-7.0784822],[107.7455665,-7.0803544],[107.7472519,-7.0812152],[107.7467805,-7.0820308],[107.7475641,-7.082985],[107.7530802,-7.0864062]]]}},{"type":"Feature","properties":{"kecamatan":"Ibun","desa":"Laksana"},"geometry":{"type":"Polygon","coordinates":[[[107.7883156,-7.1615172],[107.7894966,-7.1607817],[107.7900123,-7.1589368],[107.7965652,-7.153213],[107.797691,-7.1496762],[107.7993947,-7.147962],[107.7970744,-7.1434005],[107.8042394,-7.1405423],[107.8044162,-7.1391019],[107.8029959,-7.1370376],[107.8007265,-7.1357201],[107.7985762,-7.1389004],[107.7946943,-7.1387453],[107.7908289,-7.1322797],[107.7901993,-7.1285319],[107.7872564,-7.1244034],[107.7857386,-7.1199307],[107.7789539,-7.1095398],[107.7742804,-7.1012162],[107.7738865,-7.0990804],[107.7718526,-7.0983075],[107.7686312,-7.0991969],[107.7662286,-7.0979548],[107.7650786,-7.1017527],[107.7656957,-7.1042359],[107.7699174,-7.1049122],[107.7688694,-7.1066405],[107.768618,-7.1111247],[107.7708053,-7.1124847],[107.7733932,-7.1169394],[107.7754155,-7.1176633],[107.7774693,-7.1215865],[107.7835288,-7.1251411],[107.7843987,-7.1272428],[107.7861145,-7.1376324],[107.7830681,-7.1372931],[107.7802382,-7.139454],[107.7813848,-7.139419],[107.7833187,-7.1420389],[107.78041,-7.14498],[107.77988,-7.14718],[107.78071,-7.15014],[107.78402,-7.15316],[107.7801275,-7.1558608],[107.7844252,-7.1610981],[107.7883156,-7.1615172]]]}},{"type":"Feature","properties":{"kecamatan":"Ibun","desa":"Lampegan"},"geometry":{"type":"Polygon","coordinates":[[[107.7640949,-7.0793877],[107.7634979,-7.0774577],[107.7636556,-7.0754084],[107.7649883,-7.0748617],[107.7648773,-7.0727124],[107.764201,-7.0722433],[107.7646218,-7.0711695],[107.7641109,-7.0698419],[107.7613592,-7.0695952],[107.7614666,-7.0670394],[107.7606305,-7.0661741],[107.7609697,-7.0646191],[107.7600299,-7.0624736],[107.7536285,-7.0646337],[107.7512405,-7.0677506],[107.7516309,-7.0690154],[107.7508114,-7.0710481],[107.752317,-7.0676474],[107.7541561,-7.0667296],[107.7541263,-7.0722324],[107.7558333,-7.073922],[107.7555279,-7.0751533],[107.7565983,-7.075887],[107.7604718,-7.0754865],[107.7607738,-7.0768382],[107.7624635,-7.0772221],[107.7640949,-7.0793877]]]}},{"type":"Feature","properties":{"kecamatan":"Ibun","desa":"Mekarwangi"},"geometry":{"type":"Polygon","coordinates":[[[107.7993947,-7.147962],[107.8036956,-7.1445515],[107.807241,-7.1428799],[107.8086005,-7.1391999],[107.809543,-7.139133],[107.8047215,-7.1359624],[107.7989313,-7.1239646],[107.7976508,-7.1190653],[107.7971775,-7.111939],[107.795897,-7.108348],[107.792959,-7.1065331],[107.7913595,-7.1021125],[107.789358,-7.099674],[107.7879742,-7.0992208],[107.7887762,-7.0958061],[107.7857128,-7.0954073],[107.783535,-7.0930614],[107.7836752,-7.0912876],[107.7856066,-7.0901991],[107.7812041,-7.0866787],[107.7804729,-7.086895],[107.7800319,-7.0839706],[107.7755016,-7.0850509],[107.7714626,-7.0882161],[107.7713083,-7.0895763],[107.7697226,-7.0908928],[107.7698704,-7.0921339],[107.767531,-7.0894488],[107.7666313,-7.0899663],[107.76666,-7.091839],[107.7675283,-7.0923189],[107.7669172,-7.0943215],[107.7678587,-7.096196],[107.7662286,-7.0979548],[107.7686312,-7.0991969],[107.7718526,-7.0983075],[107.7738865,-7.0990804],[107.7742804,-7.1012162],[107.7789539,-7.1095398],[107.7857386,-7.1199307],[107.7872564,-7.1244034],[107.7901993,-7.1285319],[107.7908289,-7.1322797],[107.7946943,-7.1387453],[107.7985762,-7.1389004],[107.8007265,-7.1357201],[107.8029959,-7.1370376],[107.8044162,-7.1391019],[107.8042394,-7.1405423],[107.7970744,-7.1434005],[107.7993947,-7.147962]]]}},{"type":"Feature","properties":{"kecamatan":"Ibun","desa":"Neglasari"},"geometry":{"type":"Polygon","coordinates":[[[107.7514552,-7.1627404],[107.7514666,-7.1599345],[107.753358,-7.1568224],[107.7564411,-7.1560389],[107.7580254,-7.1528121],[107.7565322,-7.1480875],[107.7566051,-7.1446731],[107.7547388,-7.1400009],[107.7536534,-7.1265955],[107.7525352,-7.1247556],[107.7538735,-7.1220079],[107.7529355,-7.1175387],[107.7534356,-7.1159076],[107.7519165,-7.1128126],[107.7521153,-7.1100286],[107.7510686,-7.1081209],[107.7504324,-7.1077039],[107.7511355,-7.1100819],[107.7461356,-7.1099275],[107.7446881,-7.108671],[107.7433043,-7.1042478],[107.7400303,-7.1074803],[107.7384694,-7.1071895],[107.7380236,-7.1089316],[107.7368612,-7.1096766],[107.7384421,-7.1119086],[107.7386071,-7.1135035],[107.7368874,-7.1165889],[107.7374961,-7.1174487],[107.7370407,-7.1182395],[107.7386409,-7.1207334],[107.7389166,-7.1242831],[107.7382895,-7.1252165],[107.7400985,-7.128353],[107.740069,-7.1300742],[107.7409346,-7.1306043],[107.741853,-7.1299442],[107.7425812,-7.1307768],[107.7426404,-7.1326861],[107.7435462,-7.1338401],[107.7427005,-7.1347418],[107.7437647,-7.134589],[107.7438539,-7.1354999],[107.7450177,-7.1359891],[107.7461349,-7.1390931],[107.7451832,-7.1426761],[107.7469737,-7.1477317],[107.7448398,-7.1540744],[107.7514552,-7.1627404]]]}},{"type":"Feature","properties":{"kecamatan":"Ibun","desa":"Pangguh"},"geometry":{"type":"Polygon","coordinates":[[[107.7493257,-7.1104226],[107.7511355,-7.1100819],[107.7504324,-7.1077039],[107.7513864,-7.1085863],[107.751631,-7.105837],[107.7540124,-7.1069135],[107.754318,-7.105455],[107.756542,-7.10499],[107.757064,-7.102904],[107.7554408,-7.0988805],[107.7541012,-7.0988659],[107.7539105,-7.097267],[107.7554506,-7.0977951],[107.7565701,-7.0932168],[107.7578452,-7.0927505],[107.7581073,-7.0915865],[107.7549686,-7.0874352],[107.746935,-7.082369],[107.746749,-7.084265],[107.7446092,-7.0846936],[107.7441815,-7.0862062],[107.7448988,-7.0882496],[107.7439493,-7.0882655],[107.7438774,-7.0914353],[107.7415649,-7.0944873],[107.7427296,-7.0945764],[107.7425947,-7.0976112],[107.7417668,-7.0992391],[107.7389929,-7.1006772],[107.7375899,-7.1024985],[107.7383526,-7.1031112],[107.7378374,-7.1042287],[107.7384722,-7.1043413],[107.7384694,-7.1071895],[107.7400303,-7.1074803],[107.7433043,-7.1042478],[107.7453619,-7.1094109],[107.7493257,-7.1104226]]]}},{"type":"Feature","properties":{"kecamatan":"Ibun","desa":"Sudi"},"geometry":{"type":"Polygon","coordinates":[[[107.7697957,-7.092142],[107.7697226,-7.0908928],[107.7713083,-7.0895763],[107.7714626,-7.0882161],[107.7735669,-7.0865009],[107.7739977,-7.0853424],[107.7732251,-7.0828037],[107.7746054,-7.0821451],[107.7750529,-7.0808865],[107.771688,-7.0801088],[107.7722178,-7.0770996],[107.7711004,-7.0702166],[107.7653549,-7.0708729],[107.7642261,-7.0719816],[107.7649883,-7.0748617],[107.7636556,-7.0754084],[107.7634979,-7.0774577],[107.7649472,-7.0802902],[107.7639313,-7.0829004],[107.7660915,-7.0849686],[107.7668244,-7.088349],[107.7697957,-7.092142]]]}},{"type":"Feature","properties":{"kecamatan":"Ibun","desa":"Talun"},"geometry":{"type":"Polygon","coordinates":[[[107.7717823,-7.0700599],[107.7719444,-7.0657905],[107.7697021,-7.0650117],[107.7696911,-7.0640419],[107.7681093,-7.0631209],[107.7678606,-7.0610545],[107.7632693,-7.059243],[107.7608124,-7.0599362],[107.7611551,-7.0614923],[107.7600136,-7.0628729],[107.7609697,-7.0646191],[107.7614814,-7.0697829],[107.7642321,-7.0699387],[107.7642261,-7.0719816],[107.7654771,-7.0708034],[107.7717823,-7.0700599]]]}},{"type":"Feature","properties":{"kecamatan":"Ibun","desa":"Tanggulun"},"geometry":{"type":"Polygon","coordinates":[[[107.7607824,-7.0601688],[107.763248,-7.0593614],[107.7641033,-7.0561465],[107.762913,-7.0511018],[107.760706,-7.0512489],[107.7605829,-7.0523544],[107.7594525,-7.05238],[107.7609384,-7.0536287],[107.7617185,-7.0568587],[107.7601363,-7.0575972],[107.7612903,-7.0594085],[107.7607824,-7.0601688]]]}},{"type":"Feature","properties":{"kecamatan":"Katapang","desa":"Banyusari"},"geometry":{"type":"Polygon","coordinates":[[[107.5573276,-7.0332927],[107.5589324,-7.0311965],[107.5596275,-7.0274172],[107.5621685,-7.0238108],[107.561528,-7.0223864],[107.5628855,-7.0207823],[107.5628579,-7.0161715],[107.56414,-7.0124279],[107.5641352,-7.0097951],[107.5621971,-7.0089213],[107.5620743,-7.0074148],[107.5583782,-7.0059643],[107.5576484,-7.0062931],[107.5578969,-7.0074414],[107.5564934,-7.00813],[107.556791,-7.0093354],[107.555599,-7.0101721],[107.5555674,-7.0170242],[107.5533684,-7.0174679],[107.5525544,-7.0194283],[107.5532484,-7.0219844],[107.5563284,-7.0231684],[107.5575207,-7.024735],[107.5568706,-7.027766],[107.5559217,-7.0282579],[107.5573276,-7.0332927]]]}},{"type":"Feature","properties":{"kecamatan":"Katapang","desa":"Cilampeni"},"geometry":{"type":"Polygon","coordinates":[[[107.553855,-6.9985615],[107.5570978,-6.9894851],[107.5608691,-6.9854873],[107.562676,-6.9848252],[107.5614873,-6.9832802],[107.558267,-6.9841248],[107.5578435,-6.9831968],[107.559284,-6.9822058],[107.5590112,-6.9810747],[107.5570986,-6.9822061],[107.5555934,-6.9797596],[107.551292,-6.977849],[107.5527587,-6.9821171],[107.5506641,-6.9812756],[107.5507003,-6.9826788],[107.5485343,-6.9838098],[107.548752,-6.9846264],[107.5511089,-6.9852078],[107.550602,-6.9872344],[107.5499403,-6.9875383],[107.5494945,-6.9854795],[107.5484751,-6.9885237],[107.5440442,-6.990144],[107.5432077,-6.9916519],[107.5438556,-6.9926816],[107.5426066,-6.9942203],[107.543307,-6.9962464],[107.5464805,-6.9976058],[107.5475884,-6.9978619],[107.5482571,-6.9968904],[107.553855,-6.9985615]]]}},{"type":"Feature","properties":{"kecamatan":"Katapang","desa":"Gandasari"},"geometry":{"type":"Polygon","coordinates":[[[107.5458727,-7.0346681],[107.5495481,-7.0338739],[107.5527802,-7.0286786],[107.555205,-7.0288839],[107.5551612,-7.0313833],[107.5559528,-7.031445],[107.5559217,-7.0282579],[107.5568706,-7.027766],[107.5575207,-7.024735],[107.5563284,-7.0231684],[107.5532484,-7.0219844],[107.5525544,-7.0194283],[107.5533654,-7.0160858],[107.550063,-7.0152781],[107.5505824,-7.0144144],[107.54922,-7.0139384],[107.5478279,-7.0146819],[107.547969,-7.016505],[107.5463911,-7.0171933],[107.5473142,-7.0175088],[107.5478236,-7.0194201],[107.5477007,-7.0210252],[107.5465468,-7.0223614],[107.5474321,-7.0229727],[107.5468886,-7.0267933],[107.5477309,-7.0269451],[107.5476857,-7.0286741],[107.5456506,-7.0312561],[107.5461214,-7.0328015],[107.5449672,-7.0338416],[107.5458727,-7.0346681]]]}},{"type":"Feature","properties":{"kecamatan":"Katapang","desa":"Katapang"},"geometry":{"type":"Polygon","coordinates":[[[107.5521386,-7.0157663],[107.5503332,-7.0106228],[107.553855,-6.9985615],[107.5482571,-6.9968904],[107.5475272,-6.9978718],[107.543307,-6.9962464],[107.5408798,-6.9992445],[107.5401296,-7.0022839],[107.5388598,-7.0032501],[107.538028,-7.005067],[107.538283,-7.006902],[107.542743,-7.01015],[107.547969,-7.016505],[107.5478279,-7.0146819],[107.54922,-7.0139384],[107.5505824,-7.0144144],[107.550063,-7.0152781],[107.5521386,-7.0157663]]]}},{"type":"Feature","properties":{"kecamatan":"Katapang","desa":"Pangauban"},"geometry":{"type":"Polygon","coordinates":[[[107.5533684,-7.0174679],[107.5555674,-7.0170242],[107.555599,-7.0101721],[107.556791,-7.0093354],[107.5564934,-7.00813],[107.5578969,-7.0074414],[107.5576649,-7.0062452],[107.5587304,-7.0052335],[107.5579672,-7.0015759],[107.5587508,-7.0011875],[107.5581951,-7.0003872],[107.558683,-6.9996959],[107.5577257,-6.9991364],[107.5573111,-6.996681],[107.5580675,-6.9960831],[107.5571664,-6.9954254],[107.5594032,-6.9935769],[107.5599719,-6.9895423],[107.5629162,-6.9859477],[107.562676,-6.9848252],[107.5608691,-6.9854873],[107.5566149,-6.9904537],[107.5503332,-7.0106228],[107.5521386,-7.0157663],[107.5534719,-7.0162412],[107.5533684,-7.0174679]]]}},{"type":"Feature","properties":{"kecamatan":"Katapang","desa":"Sangkanhurip"},"geometry":{"type":"Polygon","coordinates":[[[107.5641352,-7.0097951],[107.5660357,-7.0058858],[107.5684068,-7.0063729],[107.5697107,-7.0026791],[107.5734728,-7.0039817],[107.5777802,-6.9996087],[107.5786711,-6.9958069],[107.5761179,-6.9949695],[107.5752314,-6.9914279],[107.5742569,-6.9905175],[107.5699651,-6.989958],[107.5700827,-6.9921739],[107.5687453,-6.9928001],[107.5674221,-6.9925553],[107.5655589,-6.9901134],[107.5611849,-6.9920484],[107.5595009,-6.9915487],[107.5594032,-6.9935769],[107.5571664,-6.9954254],[107.5580675,-6.9960831],[107.5573111,-6.996681],[107.5587793,-7.001065],[107.5579672,-7.0015759],[107.5587304,-7.0052335],[107.5578558,-7.0060192],[107.5620743,-7.0074148],[107.5621971,-7.0089213],[107.5641352,-7.0097951]]]}},{"type":"Feature","properties":{"kecamatan":"Katapang","desa":"Sukamukti"},"geometry":{"type":"Polygon","coordinates":[[[107.5727916,-7.0162284],[107.5746708,-7.0110853],[107.5756396,-7.0123209],[107.5752827,-7.0161701],[107.5760466,-7.0162229],[107.5798326,-7.0105683],[107.5810684,-7.0102164],[107.5820243,-7.008798],[107.5849795,-7.0080056],[107.5856138,-7.0047474],[107.5871578,-7.0038743],[107.5885342,-7.0015797],[107.5880804,-6.9997616],[107.5892508,-6.9978729],[107.588711,-6.9960717],[107.5896705,-6.9948162],[107.5884255,-6.992626],[107.5865177,-6.9927895],[107.5867733,-6.9901136],[107.5860053,-6.9886536],[107.5826085,-6.9880399],[107.5824049,-6.9871348],[107.5806643,-6.987357],[107.5823875,-6.9910316],[107.5821431,-6.9925176],[107.5796351,-6.9940225],[107.578564,-6.9956256],[107.5777802,-6.9996087],[107.5743327,-7.002846],[107.5705191,-7.009071],[107.5701522,-7.0145801],[107.5727916,-7.0162284]]]}},{"type":"Feature","properties":{"kecamatan":"Kertasari","desa":"Cibeureum"},"geometry":{"type":"Polygon","coordinates":[[[107.6952167,-7.1854394],[107.6944608,-7.1827784],[107.6951037,-7.1796479],[107.6943273,-7.1777259],[107.6922808,-7.178149],[107.6889505,-7.176006],[107.688647,-7.176544],[107.6823311,-7.1764407],[107.6807536,-7.1761267],[107.68049,-7.174754],[107.6744031,-7.1778468],[107.6683678,-7.1792236],[107.6610756,-7.1779331],[107.6584407,-7.1794489],[107.6552955,-7.1762603],[107.6534659,-7.175769],[107.6523983,-7.1737319],[107.646717,-7.172737],[107.6495156,-7.1800427],[107.6433054,-7.1872073],[107.6350529,-7.1912975],[107.6379116,-7.1914474],[107.6391199,-7.1934106],[107.6409232,-7.1908198],[107.6452868,-7.194008],[107.6462263,-7.1956451],[107.6526092,-7.1983586],[107.6555861,-7.1978952],[107.6586797,-7.1989397],[107.6605145,-7.1979452],[107.6618339,-7.1990579],[107.6632545,-7.1990503],[107.6647607,-7.2016638],[107.668311,-7.2004944],[107.6725527,-7.2015691],[107.6770355,-7.1999849],[107.6772747,-7.1984873],[107.6799963,-7.1961599],[107.6818933,-7.1961223],[107.6838786,-7.1948489],[107.685651,-7.1955593],[107.6870006,-7.1939108],[107.6886692,-7.1945311],[107.6922142,-7.1886633],[107.6937844,-7.1881534],[107.6952167,-7.1854394]]]}},{"type":"Feature","properties":{"kecamatan":"Kertasari","desa":"Cihawuk"},"geometry":{"type":"Polygon","coordinates":[[[107.7070133,-7.22842],[107.7071128,-7.2274459],[107.7099277,-7.2259622],[107.7104963,-7.22379],[107.7158053,-7.2203035],[107.7162841,-7.218726],[107.7184297,-7.2182486],[107.7215063,-7.2160697],[107.7253182,-7.2118656],[107.7244283,-7.2094564],[107.7226056,-7.20751],[107.7224257,-7.2046659],[107.7205843,-7.2033266],[107.721781,-7.2010965],[107.7211481,-7.1983744],[107.723207,-7.1957679],[107.7236556,-7.1935411],[107.7255838,-7.1916482],[107.7233346,-7.189875],[107.7184605,-7.1833891],[107.7166471,-7.1823599],[107.7160441,-7.179583],[107.715149,-7.1788137],[107.7152689,-7.1764222],[107.7112463,-7.1730032],[107.7069266,-7.1679124],[107.7069767,-7.1666689],[107.7047187,-7.1653434],[107.7047064,-7.1639058],[107.7031731,-7.1626705],[107.7037007,-7.1614194],[107.7018729,-7.1567776],[107.7010387,-7.1571549],[107.7005907,-7.1590045],[107.7006745,-7.1613315],[107.7014772,-7.1618652],[107.7008771,-7.1640548],[107.6999839,-7.1644806],[107.7008706,-7.1661046],[107.6982866,-7.1690074],[107.6976866,-7.171388],[107.6952682,-7.173386],[107.6948883,-7.1757672],[107.6959184,-7.1793413],[107.6948588,-7.1798805],[107.6944608,-7.1827784],[107.695209,-7.1854662],[107.6896159,-7.1929225],[107.6954083,-7.2035558],[107.7013494,-7.2089561],[107.7070133,-7.22842]]]}},{"type":"Feature","properties":{"kecamatan":"Kertasari","desa":"Cikembang"},"geometry":{"type":"Polygon","coordinates":[[[107.7066423,-7.2364437],[107.7083001,-7.2306249],[107.7070649,-7.22895],[107.7049604,-7.2225176],[107.7013494,-7.2089561],[107.6954083,-7.2035558],[107.6936129,-7.1993167],[107.6912392,-7.1969347],[107.6906804,-7.1943948],[107.6897569,-7.1934044],[107.6886399,-7.1945378],[107.6870006,-7.1939108],[107.685651,-7.1955593],[107.6838786,-7.1948489],[107.6818933,-7.1961223],[107.6799963,-7.1961599],[107.6772747,-7.1984873],[107.6770355,-7.1999849],[107.6737969,-7.2007002],[107.6725555,-7.2025979],[107.6721159,-7.2052226],[107.6713081,-7.2055868],[107.6707781,-7.2095452],[107.6716535,-7.2106095],[107.6707168,-7.2137774],[107.6722825,-7.2154131],[107.6731133,-7.2178625],[107.6773451,-7.2205561],[107.6793211,-7.2213263],[107.6815235,-7.2208865],[107.6867548,-7.2237714],[107.69048,-7.223069],[107.6904613,-7.2240107],[107.6929026,-7.2259328],[107.6927156,-7.226687],[107.7066423,-7.2364437]]]}},{"type":"Feature","properties":{"kecamatan":"Kertasari","desa":"Neglawangi"},"geometry":{"type":"Polygon","coordinates":[[[107.6548071,-7.2915192],[107.6553878,-7.2907689],[107.6570464,-7.2907926],[107.6576667,-7.2897735],[107.6601034,-7.2904255],[107.6619865,-7.293477],[107.6654866,-7.2945445],[107.6660552,-7.2973412],[107.6642921,-7.2974705],[107.6640245,-7.2981918],[107.6664964,-7.3009589],[107.6676026,-7.3011501],[107.6684308,-7.2991966],[107.6711602,-7.2978316],[107.67709,-7.2904704],[107.6797177,-7.2908171],[107.6801731,-7.2915648],[107.6836115,-7.2906369],[107.6865627,-7.288758],[107.687724,-7.2864319],[107.6932265,-7.2844636],[107.694615,-7.2828535],[107.6964983,-7.2823118],[107.6965401,-7.2835803],[107.6991124,-7.2841966],[107.7034083,-7.2905378],[107.7058727,-7.2922849],[107.7062803,-7.2936697],[107.7086577,-7.2959871],[107.716976,-7.2995942],[107.7179996,-7.2986818],[107.7198877,-7.29962],[107.7243706,-7.2972085],[107.7262623,-7.2980056],[107.7309797,-7.2944909],[107.7281959,-7.2922133],[107.7238848,-7.291426],[107.7222831,-7.2894919],[107.7249765,-7.2865227],[107.7269931,-7.2863502],[107.7286955,-7.2824214],[107.7311899,-7.2813471],[107.7317149,-7.2795679],[107.7368249,-7.2756617],[107.7379189,-7.27228],[107.7390321,-7.271821],[107.7372314,-7.2674756],[107.7377157,-7.2641612],[107.7341914,-7.2603132],[107.727727,-7.2588097],[107.7271033,-7.2572397],[107.7210072,-7.2549452],[107.719671,-7.2508185],[107.7115625,-7.2494866],[107.7084664,-7.2451365],[107.7063826,-7.243735],[107.7004673,-7.2457191],[107.6908714,-7.2558863],[107.6881106,-7.2568294],[107.6850968,-7.2605247],[107.6792461,-7.2640168],[107.6712872,-7.2624465],[107.6704391,-7.2634369],[107.6654218,-7.2634807],[107.6634539,-7.261439],[107.6549949,-7.261445],[107.6539079,-7.2605778],[107.6499991,-7.2601381],[107.6483756,-7.2607748],[107.6480325,-7.2625637],[107.6494618,-7.2631519],[107.6495972,-7.278692],[107.6508071,-7.2808546],[107.6515711,-7.2855542],[107.6548071,-7.2915192]]]}},{"type":"Feature","properties":{"kecamatan":"Kertasari","desa":"Resmi Tingal"},"geometry":{"type":"Polygon","coordinates":[[[107.688824,-7.1596784],[107.692297,-7.1573566],[107.6946683,-7.158435],[107.6942676,-7.1595052],[107.6959627,-7.1610388],[107.697561,-7.1613723],[107.69809,-7.1607222],[107.6993536,-7.1613343],[107.7008236,-7.160471],[107.7006052,-7.158873],[107.7016745,-7.1567996],[107.7009326,-7.1547904],[107.7019855,-7.1514589],[107.7000589,-7.1503529],[107.6999646,-7.1489791],[107.6987311,-7.1483442],[107.6996462,-7.146597],[107.6992719,-7.1441605],[107.7001585,-7.1431069],[107.6982607,-7.1404374],[107.6982825,-7.1422452],[107.6939185,-7.1422669],[107.6934447,-7.1444042],[107.6919654,-7.1462109],[107.692537,-7.1477253],[107.6902613,-7.1504586],[107.6889875,-7.1505438],[107.687241,-7.1562294],[107.6859681,-7.1568595],[107.6868327,-7.1570263],[107.6869049,-7.1579553],[107.6883943,-7.1579208],[107.688824,-7.1596784]]]}},{"type":"Feature","properties":{"kecamatan":"Kertasari","desa":"Santosa"},"geometry":{"type":"Polygon","coordinates":[[[107.6323159,-7.3018184],[107.6371205,-7.3007236],[107.6410952,-7.300945],[107.6410654,-7.2994757],[107.6443814,-7.2967233],[107.6483004,-7.2942891],[107.6523015,-7.2941321],[107.6548071,-7.2915192],[107.6515711,-7.2855542],[107.6508071,-7.2808546],[107.6495972,-7.278692],[107.6494618,-7.2631519],[107.6480325,-7.2625637],[107.6483756,-7.2607748],[107.6515925,-7.2601271],[107.6549949,-7.261445],[107.6634215,-7.2614334],[107.6651981,-7.2634246],[107.6673,-7.2636562],[107.6704391,-7.2634369],[107.6712872,-7.2624465],[107.660895,-7.258746],[107.6550921,-7.2549908],[107.6530963,-7.2547981],[107.6526455,-7.254351],[107.6537649,-7.2524391],[107.6510537,-7.2505734],[107.6513233,-7.2489718],[107.6479839,-7.2483158],[107.6464481,-7.2452242],[107.6418176,-7.2399817],[107.6347869,-7.2350009],[107.6325502,-7.2350361],[107.6341275,-7.2411382],[107.6345534,-7.2475702],[107.6339054,-7.2505993],[107.6294678,-7.2513224],[107.6222499,-7.2497464],[107.621797,-7.270418],[107.6242807,-7.275728],[107.624221,-7.2889707],[107.6249918,-7.291471],[107.6272503,-7.2942152],[107.6275856,-7.2990601],[107.630667,-7.3015971],[107.6323159,-7.3018184]]]}},{"type":"Feature","properties":{"kecamatan":"Kertasari","desa":"Sukapura"},"geometry":{"type":"Polygon","coordinates":[[[107.6955366,-7.1798858],[107.6952777,-7.1733545],[107.6976866,-7.171388],[107.6982866,-7.1690074],[107.7008706,-7.1661046],[107.6999839,-7.1644806],[107.7008771,-7.1640548],[107.7014769,-7.1618209],[107.700623,-7.1604082],[107.6993536,-7.1613343],[107.69809,-7.1607222],[107.697561,-7.1613723],[107.6959627,-7.1610388],[107.6942676,-7.1595052],[107.6946683,-7.158435],[107.692297,-7.1573566],[107.6889881,-7.1597391],[107.6883943,-7.1579208],[107.6869049,-7.1579553],[107.6865048,-7.1570157],[107.6849277,-7.1609754],[107.6856843,-7.1622569],[107.6845366,-7.1624687],[107.6838392,-7.1641289],[107.6845824,-7.1667621],[107.6832833,-7.1685426],[107.6837073,-7.1690795],[107.6825884,-7.1722606],[107.6810352,-7.1726584],[107.6807536,-7.1761267],[107.6885405,-7.1765474],[107.6889505,-7.176006],[107.6922808,-7.178149],[107.6940164,-7.1774876],[107.6955366,-7.1798858]]]}},{"type":"Feature","properties":{"kecamatan":"Kertasari","desa":"Tarumajaya"},"geometry":{"type":"Polygon","coordinates":[[[107.7084664,-7.2451365],[107.7090214,-7.2434507],[107.7062238,-7.2379811],[107.7066423,-7.2364437],[107.6927156,-7.226687],[107.6929026,-7.2259328],[107.6904613,-7.2240107],[107.69048,-7.223069],[107.6867548,-7.2237714],[107.6815235,-7.2208865],[107.6793211,-7.2213263],[107.6773451,-7.2205561],[107.6731133,-7.2178625],[107.6722825,-7.2154131],[107.6707168,-7.2137774],[107.6716535,-7.2106095],[107.6707781,-7.2095452],[107.6713081,-7.2055868],[107.6721159,-7.2052226],[107.6725555,-7.2025979],[107.6737856,-7.2007453],[107.6724553,-7.2015706],[107.6712722,-7.2007519],[107.668062,-7.2005126],[107.6647607,-7.2016638],[107.6632545,-7.1990503],[107.6618339,-7.1990579],[107.6605145,-7.1979452],[107.6586576,-7.1989398],[107.6555861,-7.1978952],[107.6526092,-7.1983586],[107.6485023,-7.1969991],[107.6409232,-7.1908198],[107.6391199,-7.1934106],[107.6379116,-7.1914474],[107.6350529,-7.1912975],[107.639183,-7.208162],[107.6360074,-7.2137987],[107.63403,-7.219909],[107.6302416,-7.2249434],[107.6325502,-7.2350361],[107.6358797,-7.2354515],[107.6381082,-7.23789],[107.6418176,-7.2399817],[107.6464481,-7.2452242],[107.6479839,-7.2483158],[107.6513233,-7.2489718],[107.6510537,-7.2505734],[107.6537649,-7.2524391],[107.6526455,-7.254351],[107.6530963,-7.2547981],[107.6550921,-7.2549908],[107.660895,-7.258746],[107.6720434,-7.2627401],[107.6789893,-7.2640645],[107.6850968,-7.2605247],[107.6881106,-7.2568294],[107.6908714,-7.2558863],[107.7008976,-7.2454365],[107.7063826,-7.243735],[107.7084664,-7.2451365]]]}},{"type":"Feature","properties":{"kecamatan":"Kutawaringin","desa":"Buninagara"},"geometry":{"type":"Polygon","coordinates":[[[107.5155169,-7.022808],[107.5157606,-7.0213049],[107.5140373,-7.0211865],[107.5123174,-7.0185808],[107.5102719,-7.01761],[107.5066186,-7.0164123],[107.5008407,-7.0160187],[107.496405,-7.0169451],[107.4915247,-7.0125427],[107.4859799,-7.014977],[107.4857462,-7.016358],[107.4870894,-7.0182655],[107.4814737,-7.0235999],[107.4817258,-7.0267833],[107.4838715,-7.0268281],[107.4848631,-7.0256001],[107.4882474,-7.0246973],[107.4910525,-7.0266266],[107.4922012,-7.0263886],[107.4941258,-7.0287716],[107.4994854,-7.0311562],[107.5000539,-7.0322197],[107.4988267,-7.0329017],[107.5011276,-7.033945],[107.5020038,-7.0319676],[107.503352,-7.0325438],[107.505506,-7.0314121],[107.5043448,-7.0304519],[107.5045604,-7.0291392],[107.5089281,-7.026415],[107.5072796,-7.0249521],[107.5087077,-7.0241458],[107.5099527,-7.0246807],[107.5102665,-7.0224983],[107.5119939,-7.0230617],[107.512186,-7.0238438],[107.5155169,-7.022808]]]}},{"type":"Feature","properties":{"kecamatan":"Kutawaringin","desa":"Cibodas"},"geometry":{"type":"Polygon","coordinates":[[[107.53173,-6.9940443],[107.5326461,-6.9901897],[107.530665,-6.9900132],[107.5280812,-6.9879679],[107.526853,-6.9878481],[107.5257367,-6.9855424],[107.5228576,-6.9861696],[107.52005,-6.9830359],[107.5118067,-6.9807038],[107.5107987,-6.9799509],[107.5103824,-6.9779882],[107.5085152,-6.9769521],[107.506755,-6.977369],[107.505837,-6.979708],[107.50414,-6.97932],[107.504954,-6.981689],[107.503427,-6.982947],[107.502538,-6.980675],[107.501227,-6.980213],[107.500526,-6.980782],[107.4979908,-6.9775471],[107.4940653,-6.9793101],[107.4878748,-6.9796754],[107.4857452,-6.9848256],[107.486002,-6.9868812],[107.4902906,-6.9903976],[107.4968109,-6.993522],[107.5003267,-6.9915646],[107.505745,-6.9919305],[107.5069476,-6.9929962],[107.5080761,-6.9923816],[107.513379,-6.99509],[107.5158604,-6.9935033],[107.5201977,-6.9938245],[107.5220709,-6.9928133],[107.52859,-6.994752],[107.53173,-6.9940443]]]}},{"type":"Feature","properties":{"kecamatan":"Kutawaringin","desa":"Cilame"},"geometry":{"type":"Polygon","coordinates":[[[107.4762297,-7.0573436],[107.4784797,-7.0573063],[107.4832964,-7.0553656],[107.4898854,-7.0504963],[107.4947798,-7.0490596],[107.496713,-7.047675],[107.4977033,-7.0458221],[107.4966842,-7.044173],[107.4980232,-7.0434715],[107.4968008,-7.041808],[107.4975786,-7.0406231],[107.4955035,-7.0398998],[107.496287,-7.0373005],[107.4941438,-7.0362024],[107.4951292,-7.0351904],[107.4972693,-7.0361379],[107.4968712,-7.0343274],[107.4986858,-7.0347369],[107.4988267,-7.0329017],[107.5000539,-7.0322197],[107.4994854,-7.0311562],[107.4941258,-7.0287716],[107.4922012,-7.0263886],[107.4910525,-7.0266266],[107.4882474,-7.0246973],[107.4848631,-7.0256001],[107.4838715,-7.0268281],[107.4817258,-7.0267833],[107.4821569,-7.0286311],[107.481003,-7.032812],[107.481924,-7.035421],[107.4802828,-7.0382717],[107.4756381,-7.0407648],[107.476197,-7.045091],[107.47549,-7.05118],[107.47703,-7.05203],[107.47681,-7.05449],[107.4776711,-7.0551986],[107.4777387,-7.0571806],[107.475547,-7.055655],[107.475647,-7.054317],[107.474326,-7.054006],[107.473614,-7.052332],[107.4731606,-7.053395],[107.4762297,-7.0573436]]]}},{"type":"Feature","properties":{"kecamatan":"Kutawaringin","desa":"Gajah Mekar"},"geometry":{"type":"Polygon","coordinates":[[[107.5328708,-6.9888579],[107.534685,-6.9881588],[107.5340306,-6.9873265],[107.5369563,-6.9827737],[107.538126,-6.9831308],[107.5385208,-6.9810795],[107.5398547,-6.9813449],[107.541602,-6.9783954],[107.5414481,-6.9759771],[107.5427192,-6.9763214],[107.541584,-6.9726261],[107.5377201,-6.9737008],[107.5367757,-6.9732495],[107.5385666,-6.9700906],[107.5407475,-6.969743],[107.5388134,-6.9645822],[107.533001,-6.9695071],[107.5282852,-6.9700552],[107.5275395,-6.9689592],[107.526138,-6.9690545],[107.5260086,-6.9701602],[107.5268653,-6.9706744],[107.5254904,-6.9745028],[107.5259283,-6.9767722],[107.5293802,-6.9798057],[107.531378,-6.979623],[107.5318656,-6.9805805],[107.5332782,-6.9809645],[107.5328708,-6.9888579]]]}},{"type":"Feature","properties":{"kecamatan":"Kutawaringin","desa":"Jatisari"},"geometry":{"type":"Polygon","coordinates":[[[107.5326461,-6.9901897],[107.5332782,-6.9809645],[107.5318656,-6.9805805],[107.531378,-6.979623],[107.5293802,-6.9798057],[107.5259283,-6.9767722],[107.5254904,-6.9745028],[107.5268653,-6.9706744],[107.5260086,-6.9701602],[107.5261219,-6.9689245],[107.5240283,-6.9681047],[107.5234742,-6.9692049],[107.5221384,-6.9691287],[107.518766,-6.963686],[107.5152406,-6.9618603],[107.51292,-6.96494],[107.51299,-6.96614],[107.5090804,-6.9707939],[107.5087845,-6.9749319],[107.50784,-6.976964],[107.5102061,-6.9778153],[107.5107987,-6.9799509],[107.5118067,-6.9807038],[107.52005,-6.9830359],[107.5228576,-6.9861696],[107.5257367,-6.9855424],[107.526853,-6.9878481],[107.5280812,-6.9879679],[107.530665,-6.9900132],[107.5326461,-6.9901897]]]}},{"type":"Feature","properties":{"kecamatan":"Kutawaringin","desa":"Jelegong"},"geometry":{"type":"Polygon","coordinates":[[[107.5221384,-6.9691287],[107.5234742,-6.9692049],[107.5240283,-6.9681047],[107.5263483,-6.9691311],[107.5298737,-6.9679287],[107.53277,-6.9641604],[107.5325985,-6.9627822],[107.5342019,-6.9606742],[107.5311979,-6.9576247],[107.533561,-6.9554354],[107.5356729,-6.9454202],[107.5358869,-6.9414502],[107.534448,-6.9388755],[107.5333379,-6.9386051],[107.5327025,-6.9398894],[107.5307577,-6.9401971],[107.5309184,-6.942013],[107.5296328,-6.9421586],[107.5251463,-6.9453101],[107.52413,-6.95192],[107.521993,-6.954473],[107.520642,-6.954435],[107.518503,-6.9562485],[107.5158051,-6.9600861],[107.5152406,-6.9618603],[107.518766,-6.963686],[107.5221384,-6.9691287]]]}},{"type":"Feature","properties":{"kecamatan":"Kutawaringin","desa":"Kopo"},"geometry":{"type":"Polygon","coordinates":[[[107.523958,-7.0103798],[107.5259646,-7.0111177],[107.527989,-7.0099033],[107.527588,-7.0077462],[107.528482,-7.0056278],[107.5297835,-7.0053243],[107.5296292,-7.0040005],[107.5305524,-7.002574],[107.5342953,-7.0023917],[107.5336394,-7.0066652],[107.534144,-7.0068091],[107.5386305,-7.0044649],[107.5409908,-7.0006643],[107.5408798,-6.9992445],[107.543307,-6.9962464],[107.5426066,-6.9942203],[107.5438556,-6.9926816],[107.5432077,-6.9916519],[107.5440445,-6.9901435],[107.5419902,-6.9898566],[107.5426482,-6.9878118],[107.5392772,-6.9864773],[107.5376586,-6.9875056],[107.5345186,-6.9867823],[107.5340306,-6.9873265],[107.534685,-6.9881588],[107.5328708,-6.9888579],[107.53173,-6.9940443],[107.5304678,-6.9945336],[107.52859,-6.994752],[107.5223112,-6.9931982],[107.5236718,-6.9957022],[107.5265319,-6.9973278],[107.5272843,-6.9968698],[107.528554,-6.9987669],[107.5257753,-7.0007211],[107.5245442,-7.0027549],[107.5249117,-7.0034515],[107.5235274,-7.0047504],[107.5238831,-7.0056909],[107.5223488,-7.0073682],[107.5246144,-7.0092249],[107.523958,-7.0103798]]]}},{"type":"Feature","properties":{"kecamatan":"Kutawaringin","desa":"Kutawaringin"},"geometry":{"type":"Polygon","coordinates":[[[107.528554,-6.9987669],[107.5272843,-6.9968698],[107.5265319,-6.9973278],[107.5236718,-6.9957022],[107.5220709,-6.9928133],[107.5201977,-6.9938245],[107.5158604,-6.9935033],[107.513379,-6.99509],[107.5117383,-6.9936948],[107.5105402,-6.9939012],[107.5080761,-6.9923816],[107.5069476,-6.9929962],[107.505745,-6.9919305],[107.5003267,-6.9915646],[107.4968109,-6.993522],[107.4922661,-6.9917558],[107.486002,-6.9868812],[107.485206,-6.98937],[107.4876778,-6.9950262],[107.48648,-6.99997],[107.4886888,-6.9987245],[107.4896987,-7.001365],[107.4913396,-7.0016593],[107.493165,-7.003755],[107.4946033,-7.0037157],[107.496848,-7.005621],[107.5009814,-7.0059344],[107.5032048,-7.0073383],[107.5135792,-7.0066931],[107.5194899,-7.0083525],[107.5215893,-7.0081816],[107.5238831,-7.0056909],[107.5235274,-7.0047504],[107.5249117,-7.0034515],[107.5245442,-7.0027549],[107.5257753,-7.0007211],[107.528554,-6.9987669]]]}},{"type":"Feature","properties":{"kecamatan":"Kutawaringin","desa":"Padasuka"},"geometry":{"type":"Polygon","coordinates":[[[107.51873,-7.0238896],[107.518673,-7.0207795],[107.5209407,-7.0212685],[107.5216139,-7.0189961],[107.5232343,-7.0208888],[107.5236917,-7.0183518],[107.5259946,-7.0174786],[107.5252145,-7.0161518],[107.5264738,-7.0156254],[107.5267695,-7.0145237],[107.5258676,-7.0134528],[107.5259646,-7.0111177],[107.523958,-7.0103798],[107.5246144,-7.0092249],[107.5239258,-7.0082085],[107.5223488,-7.0073682],[107.5215893,-7.0081816],[107.5194899,-7.0083525],[107.5135792,-7.0066931],[107.5066291,-7.0075318],[107.5100329,-7.0122206],[107.5146677,-7.0142721],[107.5147624,-7.0157445],[107.5138416,-7.0165571],[107.5155863,-7.0209392],[107.5150947,-7.0211831],[107.5157606,-7.0213049],[107.5155169,-7.022808],[107.51873,-7.0238896]]]}},{"type":"Feature","properties":{"kecamatan":"Kutawaringin","desa":"Pameuntasan"},"geometry":{"type":"Polygon","coordinates":[[[107.5345186,-6.9867823],[107.5376586,-6.9875056],[107.5392772,-6.9864773],[107.5426482,-6.9878118],[107.5419902,-6.9898566],[107.5449742,-6.9902277],[107.5451903,-6.989246],[107.5485922,-6.9884133],[107.5494945,-6.9854795],[107.5499403,-6.9875383],[107.550523,-6.9873522],[107.5511089,-6.9852078],[107.548752,-6.9846264],[107.5485697,-6.983523],[107.5507003,-6.9826788],[107.5506641,-6.9812756],[107.5527586,-6.981886],[107.5498078,-6.9753613],[107.5472693,-6.9733383],[107.5466974,-6.9718521],[107.5453866,-6.9714107],[107.541584,-6.9726261],[107.5427192,-6.9763214],[107.5414481,-6.9759771],[107.5413776,-6.9790202],[107.5398547,-6.9813449],[107.5385208,-6.9810795],[107.538126,-6.9831308],[107.5369563,-6.9827737],[107.5345186,-6.9867823]]]}},{"type":"Feature","properties":{"kecamatan":"Kutawaringin","desa":"Sukamulya"},"geometry":{"type":"Polygon","coordinates":[[[107.5155863,-7.0209392],[107.5138416,-7.0165571],[107.5147624,-7.0157445],[107.5146677,-7.0142721],[107.5100329,-7.0122206],[107.5068207,-7.0076361],[107.5032048,-7.0073383],[107.5009814,-7.0059344],[107.496848,-7.005621],[107.4946033,-7.0037157],[107.4930887,-7.0037017],[107.4912118,-7.0015736],[107.4897885,-7.0014532],[107.4886888,-6.9987245],[107.485716,-7.0001061],[107.4815952,-6.9957907],[107.4779323,-6.994612],[107.4745022,-6.995864],[107.4741266,-6.9972624],[107.4726557,-6.9979014],[107.4703842,-6.9973969],[107.4693661,-6.9984648],[107.4723222,-7.0015822],[107.4771919,-7.0048165],[107.47466,-7.00843],[107.47713,-7.01288],[107.474632,-7.0185172],[107.4815582,-7.0223262],[107.4815873,-7.0230582],[107.4870894,-7.0182655],[107.4857462,-7.016358],[107.4859799,-7.014977],[107.4915247,-7.0125427],[107.496405,-7.0169451],[107.5002406,-7.0159968],[107.5080675,-7.0167007],[107.5123174,-7.0185808],[107.5140373,-7.0211865],[107.5155863,-7.0209392]]]}},{"type":"Feature","properties":{"kecamatan":"Majalaya","desa":"Biru"},"geometry":{"type":"Polygon","coordinates":[[[107.7213544,-7.0686508],[107.7252682,-7.0649487],[107.7296191,-7.0622496],[107.730415,-7.0582116],[107.7309852,-7.0571644],[107.7325133,-7.0571933],[107.7347385,-7.0511789],[107.7353215,-7.0453502],[107.7364196,-7.0442061],[107.7316542,-7.0402191],[107.731956,-7.038704],[107.726466,-7.039365],[107.724435,-7.041033],[107.7226057,-7.0443816],[107.7219072,-7.0443141],[107.7217928,-7.0463274],[107.7192888,-7.0468703],[107.71734,-7.051681],[107.716908,-7.055232],[107.71528,-7.056487],[107.715538,-7.0579899],[107.7169058,-7.0586654],[107.7171809,-7.0638464],[107.7198853,-7.0649464],[107.7192878,-7.066516],[107.7213544,-7.0686508]]]}},{"type":"Feature","properties":{"kecamatan":"Majalaya","desa":"Bojong"},"geometry":{"type":"Polygon","coordinates":[[[107.7780304,-7.0492438],[107.7773168,-7.0473142],[107.7783116,-7.0472019],[107.7786771,-7.0453843],[107.7823062,-7.0456324],[107.7825516,-7.0449822],[107.7791124,-7.0406928],[107.7795627,-7.0310246],[107.7786446,-7.0301189],[107.7747331,-7.0310065],[107.7746468,-7.0361891],[107.7684341,-7.0336508],[107.7677518,-7.0393942],[107.7729974,-7.040577],[107.7719689,-7.0414591],[107.7716499,-7.0449552],[107.7742268,-7.0455857],[107.7747423,-7.04696],[107.7752489,-7.0451912],[107.7757685,-7.0453752],[107.7762658,-7.0472786],[107.7776478,-7.0479674],[107.7780304,-7.0492438]]]}},{"type":"Feature","properties":{"kecamatan":"Majalaya","desa":"Majakerta"},"geometry":{"type":"Polygon","coordinates":[[[107.7638545,-7.0549778],[107.7654793,-7.0541131],[107.7661301,-7.0504218],[107.7656456,-7.0480107],[107.7645044,-7.0476726],[107.7672361,-7.0453862],[107.7677518,-7.0393942],[107.7650428,-7.0389855],[107.7650499,-7.0371299],[107.7667236,-7.0370706],[107.7668038,-7.0345408],[107.7654852,-7.0334504],[107.7659963,-7.0325702],[107.7627731,-7.0305108],[107.7605544,-7.0367616],[107.7617057,-7.0384128],[107.761802,-7.043827],[107.7630897,-7.0462247],[107.7624415,-7.0467759],[107.7638545,-7.0549778]]]}},{"type":"Feature","properties":{"kecamatan":"Majalaya","desa":"Majalaya"},"geometry":{"type":"Polygon","coordinates":[[[107.7597055,-7.0524034],[107.7605829,-7.0523544],[107.760706,-7.0512489],[107.7630385,-7.0509472],[107.7624415,-7.0467759],[107.7630897,-7.0462247],[107.761802,-7.043827],[107.7617057,-7.0384128],[107.7609578,-7.036809],[107.7592245,-7.0376454],[107.7560706,-7.0372436],[107.7548744,-7.0380052],[107.7564011,-7.0381095],[107.7590906,-7.0462037],[107.7563853,-7.0464793],[107.7556782,-7.0449957],[107.7546665,-7.0471415],[107.7561658,-7.0483933],[107.7559949,-7.0498359],[107.7570533,-7.0515605],[107.7590855,-7.0509858],[107.7597055,-7.0524034]]]}},{"type":"Feature","properties":{"kecamatan":"Majalaya","desa":"Majasetra"},"geometry":{"type":"Polygon","coordinates":[[[107.7590906,-7.0462037],[107.7564011,-7.0381095],[107.7548744,-7.0380052],[107.7560706,-7.0372436],[107.7592245,-7.0376454],[107.7604461,-7.0370041],[107.7627731,-7.0305108],[107.7494823,-7.0241942],[107.7520576,-7.0324451],[107.7503259,-7.0325512],[107.7500695,-7.0342796],[107.7513102,-7.0351282],[107.7519363,-7.0372934],[107.7548783,-7.0412672],[107.7539856,-7.0449409],[107.7551884,-7.0442304],[107.7563853,-7.0464793],[107.7590906,-7.0462037]]]}},{"type":"Feature","properties":{"kecamatan":"Majalaya","desa":"Neglasari"},"geometry":{"type":"Polygon","coordinates":[[[107.7307667,-7.0861021],[107.732254,-7.084016],[107.7312169,-7.083384],[107.730925,-7.0819372],[107.7393619,-7.0752878],[107.7376337,-7.0738161],[107.7385815,-7.0729321],[107.7373768,-7.0746137],[107.7358902,-7.0753588],[107.7350739,-7.0745363],[107.7342561,-7.0752725],[107.73878,-7.0673472],[107.7357616,-7.0653552],[107.7348585,-7.0653964],[107.7328587,-7.0695175],[107.7315396,-7.0690624],[107.727313,-7.0734023],[107.7252922,-7.0729143],[107.7225747,-7.0776441],[107.7222138,-7.0801522],[107.7257425,-7.0830774],[107.7265483,-7.0811348],[107.728252,-7.0842449],[107.7307478,-7.0847591],[107.7302306,-7.0856559],[107.7307667,-7.0861021]]]}},{"type":"Feature","properties":{"kecamatan":"Majalaya","desa":"Padamulya"},"geometry":{"type":"Polygon","coordinates":[[[107.7470166,-7.0708151],[107.749698,-7.0671975],[107.7512405,-7.0677506],[107.7521169,-7.0660054],[107.7520929,-7.0616728],[107.7511108,-7.0602807],[107.752615,-7.0570296],[107.7517661,-7.0541485],[107.7520818,-7.0500516],[107.7492725,-7.0481217],[107.7490314,-7.0431007],[107.7455872,-7.041805],[107.7448357,-7.0406854],[107.7430993,-7.0441147],[107.7439038,-7.0460037],[107.7435139,-7.0470831],[107.7463051,-7.0496926],[107.7475874,-7.0530828],[107.745559,-7.0611186],[107.7464892,-7.0632156],[107.7449034,-7.0672164],[107.7436546,-7.0677574],[107.7463991,-7.0685227],[107.7462429,-7.0704914],[107.7470166,-7.0708151]]]}},{"type":"Feature","properties":{"kecamatan":"Majalaya","desa":"Padaulun"},"geometry":{"type":"Polygon","coordinates":[[[107.723537,-7.07282],[107.7273226,-7.073397],[107.7315396,-7.0690624],[107.7328587,-7.0695175],[107.7348585,-7.0653964],[107.7370826,-7.0660702],[107.7375807,-7.0634001],[107.7364416,-7.0630636],[107.738068,-7.0619313],[107.7384326,-7.0602487],[107.7407756,-7.0611809],[107.7416763,-7.0585478],[107.7433875,-7.0591414],[107.7435693,-7.0543454],[107.742118,-7.0544243],[107.742083,-7.052234],[107.740088,-7.047948],[107.7436644,-7.0497601],[107.7462989,-7.0498504],[107.7435139,-7.0470831],[107.7439038,-7.0460037],[107.7430993,-7.0441147],[107.7448357,-7.0406854],[107.7429979,-7.0361926],[107.736302,-7.0358293],[107.7336606,-7.0363541],[107.7319473,-7.0376825],[107.7316542,-7.0402191],[107.7364196,-7.0442061],[107.7353215,-7.0453502],[107.7355606,-7.0478011],[107.7346099,-7.048954],[107.7347385,-7.0511789],[107.7325133,-7.0571933],[107.7309852,-7.0571644],[107.730415,-7.0582116],[107.7296191,-7.0622496],[107.7252682,-7.0649487],[107.7211867,-7.0689269],[107.7209332,-7.0695097],[107.723537,-7.07282]]]}},{"type":"Feature","properties":{"kecamatan":"Majalaya","desa":"Sukamaju"},"geometry":{"type":"Polygon","coordinates":[[[107.7521169,-7.0660054],[107.7540281,-7.0643783],[107.7555997,-7.0644389],[107.7572509,-7.0629308],[107.7596154,-7.0627441],[107.7609344,-7.0618092],[107.7612903,-7.0594085],[107.760097,-7.0578269],[107.7617185,-7.0568587],[107.7609384,-7.0536287],[107.7594742,-7.0528795],[107.759336,-7.0511335],[107.757475,-7.051793],[107.7559949,-7.0498359],[107.7561658,-7.0483933],[107.7545755,-7.0465303],[107.7557416,-7.0458569],[107.7555822,-7.0446668],[107.7550221,-7.044229],[107.7539512,-7.0448616],[107.7548385,-7.0411402],[107.752244,-7.0378181],[107.7513102,-7.0351282],[107.7500695,-7.0342796],[107.7506204,-7.0329158],[107.7481425,-7.0316115],[107.7468589,-7.0327316],[107.7467084,-7.0355753],[107.7450357,-7.0369206],[107.7448357,-7.0406854],[107.7455872,-7.041805],[107.7490314,-7.0431007],[107.7492725,-7.0481217],[107.7520818,-7.0500516],[107.7517661,-7.0541485],[107.752634,-7.0573581],[107.7511108,-7.0602807],[107.7520929,-7.0616728],[107.7521169,-7.0660054]]]}},{"type":"Feature","properties":{"kecamatan":"Majalaya","desa":"Sukamukti"},"geometry":{"type":"Polygon","coordinates":[[[107.7424676,-7.0690594],[107.7449034,-7.0672164],[107.7464892,-7.0632156],[107.745559,-7.0611186],[107.747584,-7.0529238],[107.7462989,-7.0498504],[107.7436644,-7.0497601],[107.740088,-7.047948],[107.742083,-7.052234],[107.742118,-7.0544243],[107.7435693,-7.0543454],[107.7430523,-7.0574368],[107.7436523,-7.0582005],[107.7433875,-7.0591414],[107.7416763,-7.0585478],[107.7407756,-7.0611809],[107.7384326,-7.0602487],[107.738068,-7.0619313],[107.7364416,-7.0630636],[107.7375807,-7.0634001],[107.7370809,-7.0660716],[107.7381722,-7.0668396],[107.7388239,-7.0658931],[107.7399266,-7.0660531],[107.7400068,-7.0675191],[107.7412469,-7.0680921],[107.7405684,-7.0686069],[107.7424676,-7.0690594]]]}},{"type":"Feature","properties":{"kecamatan":"Majalaya","desa":"Wangisagara"},"geometry":{"type":"Polygon","coordinates":[[[107.7318141,-7.0839428],[107.7342574,-7.0836141],[107.7349267,-7.0813562],[107.7375307,-7.0809834],[107.7384972,-7.082148],[107.7402504,-7.0811551],[107.7409408,-7.0825568],[107.7434846,-7.0835387],[107.7443623,-7.0808045],[107.74579,-7.0801743],[107.7462407,-7.0784822],[107.748248,-7.0767319],[107.7480723,-7.0753744],[107.7501761,-7.0717478],[107.7512405,-7.0677506],[107.749698,-7.0671975],[107.7470166,-7.0708151],[107.7462429,-7.0704914],[107.7463991,-7.0685227],[107.7436546,-7.0677574],[107.7424676,-7.0690594],[107.7405684,-7.0686069],[107.7412469,-7.0680921],[107.7400068,-7.0675191],[107.7399266,-7.0660531],[107.7388239,-7.0658931],[107.7381722,-7.0668396],[107.73878,-7.0673472],[107.7342561,-7.0752725],[107.7350739,-7.0745363],[107.7358902,-7.0753588],[107.7373768,-7.0746137],[107.7385815,-7.0729321],[107.7376337,-7.0738161],[107.7393619,-7.0752878],[107.730925,-7.0819372],[107.7318141,-7.0839428]]]}},{"type":"Feature","properties":{"kecamatan":"Margaasih","desa":"Cigondewah Hilir"},"geometry":{"type":"Polygon","coordinates":[[[107.5418391,-6.9640336],[107.5431695,-6.9645089],[107.5446058,-6.9638836],[107.5459446,-6.9612969],[107.5468076,-6.9613852],[107.5477369,-6.9602528],[107.5538542,-6.9488796],[107.554456,-6.9492442],[107.5564805,-6.9479826],[107.5550552,-6.9516048],[107.5560379,-6.9525239],[107.5575294,-6.949214],[107.5591972,-6.9501845],[107.5601149,-6.9498431],[107.560787,-6.9486946],[107.5559903,-6.9420123],[107.555021,-6.94288],[107.5516378,-6.9435242],[107.551652,-6.947475],[107.548271,-6.952691],[107.546226,-6.952826],[107.5456407,-6.955487],[107.5443517,-6.9571429],[107.5443556,-6.9592853],[107.5425143,-6.9614862],[107.5418391,-6.9640336]]]}},{"type":"Feature","properties":{"kecamatan":"Margaasih","desa":"Lagadar"},"geometry":{"type":"Polygon","coordinates":[[[107.5359373,-6.9394426],[107.5378265,-6.9375831],[107.5374137,-6.9364421],[107.5391114,-6.934544],[107.5399008,-6.9288032],[107.5405683,-6.9290142],[107.541414,-6.927508],[107.541009,-6.925888],[107.5436398,-6.9264425],[107.5442715,-6.9250906],[107.5455462,-6.9267551],[107.5439053,-6.9193838],[107.5392655,-6.9186052],[107.5394216,-6.9180094],[107.5370483,-6.9173484],[107.5357539,-6.917641],[107.5356682,-6.918506],[107.5343071,-6.9184661],[107.527849,-6.9167795],[107.5266923,-6.9205478],[107.5256594,-6.9212123],[107.52472,-6.9252151],[107.52284,-6.9279],[107.5223262,-6.93558],[107.5293129,-6.938084],[107.5313963,-6.940045],[107.5327025,-6.9398894],[107.5333379,-6.9386051],[107.5359373,-6.9394426]]]}},{"type":"Feature","properties":{"kecamatan":"Margaasih","desa":"Margaasih"},"geometry":{"type":"Polygon","coordinates":[[[107.546849,-6.952952],[107.548271,-6.952691],[107.551652,-6.947475],[107.5516378,-6.9435242],[107.555021,-6.94288],[107.5559903,-6.9420123],[107.5442715,-6.9250906],[107.5436398,-6.9264425],[107.541009,-6.925888],[107.541414,-6.927508],[107.5405683,-6.9290142],[107.5399008,-6.9288032],[107.5391114,-6.934544],[107.5374171,-6.9365228],[107.539182,-6.9376661],[107.5393916,-6.9387847],[107.5426167,-6.940569],[107.5434053,-6.9393928],[107.5463128,-6.9394945],[107.5420135,-6.9494334],[107.5430027,-6.9511147],[107.5444682,-6.9512359],[107.5450025,-6.9524901],[107.546849,-6.952952]]]}},{"type":"Feature","properties":{"kecamatan":"Margaasih","desa":"Mekarrahayu"},"geometry":{"type":"Polygon","coordinates":[[[107.5598154,-6.9825562],[107.5609015,-6.9805816],[107.5606104,-6.9773736],[107.5617766,-6.9755421],[107.5611609,-6.9726976],[107.5618566,-6.9709551],[107.5617965,-6.9655571],[107.5627709,-6.9638459],[107.561467,-6.9631024],[107.5597401,-6.9663424],[107.5582882,-6.9656044],[107.558664,-6.9631369],[107.5565605,-6.9641843],[107.555909,-6.9659656],[107.5503221,-6.9658209],[107.5483716,-6.9689598],[107.547104,-6.967361],[107.5471398,-6.9647498],[107.5480544,-6.9628829],[107.5457858,-6.9615903],[107.5440278,-6.9641937],[107.5416004,-6.9637094],[107.5397578,-6.9645175],[107.539308,-6.965166],[107.5407475,-6.969743],[107.5385666,-6.9700906],[107.5368959,-6.9734679],[107.5461874,-6.9715373],[107.551292,-6.977849],[107.5555934,-6.9797596],[107.5570752,-6.9821961],[107.558793,-6.9809862],[107.5598154,-6.9825562]]]}},{"type":"Feature","properties":{"kecamatan":"Margaasih","desa":"Nanjung"},"geometry":{"type":"Polygon","coordinates":[[[107.5281272,-6.9700441],[107.5331668,-6.9694356],[107.5385775,-6.9645871],[107.539308,-6.965166],[107.5415834,-6.9639719],[107.5443556,-6.9592853],[107.5443517,-6.9571429],[107.5461919,-6.9533263],[107.5444682,-6.9512359],[107.5430027,-6.9511147],[107.5420135,-6.9494334],[107.5463128,-6.9394945],[107.5434053,-6.9393928],[107.5426167,-6.940569],[107.5393916,-6.9387847],[107.539182,-6.9376661],[107.538235,-6.9372366],[107.5352289,-6.9396169],[107.5360416,-6.9432095],[107.5335933,-6.9553216],[107.5311979,-6.9576247],[107.534206,-6.9606634],[107.5302428,-6.967592],[107.5275809,-6.9686568],[107.5281272,-6.9700441]]]}},{"type":"Feature","properties":{"kecamatan":"Margaasih","desa":"Rahayu"},"geometry":{"type":"Polygon","coordinates":[[[107.5483716,-6.9689598],[107.5503221,-6.9658209],[107.555909,-6.9659656],[107.5565605,-6.9641843],[107.558664,-6.9631369],[107.5582882,-6.9656044],[107.5597401,-6.9663424],[107.561467,-6.9631024],[107.5620694,-6.9634464],[107.5650917,-6.9594731],[107.5666677,-6.9531689],[107.560787,-6.9486946],[107.5591972,-6.9501845],[107.5575294,-6.949214],[107.5560379,-6.9525239],[107.5550552,-6.9516048],[107.5564805,-6.9479826],[107.554456,-6.9492442],[107.5538542,-6.9488796],[107.5514898,-6.9525082],[107.5506745,-6.9556476],[107.5497208,-6.9560942],[107.5471006,-6.9610429],[107.5457858,-6.9615903],[107.5480544,-6.9628829],[107.5471398,-6.9647498],[107.547104,-6.967361],[107.5483716,-6.9689598]]]}},{"type":"Feature","properties":{"kecamatan":"Margahayu","desa":"Margahayu Selatan"},"geometry":{"type":"Polygon","coordinates":[[[107.5628656,-6.9847233],[107.5637749,-6.9834813],[107.5611843,-6.979511],[107.5611657,-6.9772826],[107.5619295,-6.9776729],[107.5628428,-6.976329],[107.5678208,-6.9781296],[107.5686188,-6.9762309],[107.5695187,-6.976141],[107.5700064,-6.9771266],[107.5714147,-6.9773082],[107.572785,-6.9737543],[107.5728014,-6.9718776],[107.5718275,-6.9709245],[107.5724515,-6.9666466],[107.5716518,-6.9663898],[107.5715512,-6.9651339],[107.5648514,-6.9624542],[107.5651778,-6.9586092],[107.5620694,-6.9634464],[107.5627709,-6.9638459],[107.5617965,-6.9655571],[107.5618566,-6.9709551],[107.5611609,-6.9726976],[107.5618342,-6.9751229],[107.5606104,-6.9773736],[107.5609015,-6.9805816],[107.5600042,-6.9820456],[107.5614114,-6.981772],[107.5628656,-6.9847233]]]}},{"type":"Feature","properties":{"kecamatan":"Margahayu","desa":"Margahayu Tengah"},"geometry":{"type":"Polygon","coordinates":[[[107.5803186,-6.9656112],[107.5813861,-6.9609964],[107.5666677,-6.9531689],[107.5659649,-6.9571185],[107.5649608,-6.9585415],[107.5648514,-6.9624542],[107.5715512,-6.9651339],[107.5716518,-6.9663898],[107.5724515,-6.9666466],[107.5740065,-6.9651728],[107.5725268,-6.9612885],[107.5730393,-6.9600507],[107.574679,-6.9602832],[107.5752399,-6.9585146],[107.5770699,-6.9599124],[107.5770106,-6.963914],[107.5775898,-6.9642881],[107.5769692,-6.9652785],[107.579511,-6.9661205],[107.5803186,-6.9656112]]]}},{"type":"Feature","properties":{"kecamatan":"Margahayu","desa":"Sayati"},"geometry":{"type":"Polygon","coordinates":[[[107.5804896,-6.9802033],[107.5807426,-6.9745336],[107.5805456,-6.9735463],[107.5794944,-6.9734399],[107.579511,-6.9661205],[107.5769692,-6.9652785],[107.5775898,-6.9642881],[107.5770106,-6.963914],[107.5770699,-6.9599124],[107.5752399,-6.9585146],[107.574679,-6.9602832],[107.5730393,-6.9600507],[107.5724076,-6.9618211],[107.5740065,-6.9651728],[107.5723415,-6.9668856],[107.5718275,-6.9709245],[107.5728014,-6.9718776],[107.572785,-6.9737543],[107.5716606,-6.9753797],[107.5713474,-6.9789956],[107.5739912,-6.9804456],[107.5750356,-6.9797563],[107.5804896,-6.9802033]]]}},{"type":"Feature","properties":{"kecamatan":"Margahayu","desa":"Sukamenak"},"geometry":{"type":"Polygon","coordinates":[[[107.5888112,-6.9804923],[107.5897076,-6.9773658],[107.5879632,-6.9748896],[107.5885664,-6.9714296],[107.5875213,-6.9710797],[107.5885776,-6.9637805],[107.5875241,-6.9635118],[107.5877641,-6.9625214],[107.5813861,-6.9609964],[107.5803399,-6.9655681],[107.5793051,-6.9667862],[107.5794944,-6.9734399],[107.5805456,-6.9735463],[107.5807426,-6.9745336],[107.5804896,-6.9802033],[107.5888112,-6.9804923]]]}},{"type":"Feature","properties":{"kecamatan":"Margahayu","desa":"Kel. Sulaiman"},"geometry":{"type":"Polygon","coordinates":[[[107.5921096,-6.9851186],[107.5914677,-6.9832858],[107.5889646,-6.9819995],[107.5888703,-6.9805051],[107.5750356,-6.9797563],[107.5739912,-6.9804456],[107.5720988,-6.9797906],[107.5713474,-6.9789956],[107.5714147,-6.9773082],[107.5700064,-6.9771266],[107.5695187,-6.976141],[107.5686188,-6.9762309],[107.5678208,-6.9781296],[107.5628428,-6.976329],[107.5619295,-6.9776729],[107.5611657,-6.9772826],[107.5611843,-6.979511],[107.5637227,-6.9832726],[107.5635663,-6.9844132],[107.5628656,-6.9847233],[107.5614114,-6.981772],[107.5597774,-6.9825661],[107.5594033,-6.98198],[107.5578121,-6.9833742],[107.558792,-6.9842792],[107.56161,-6.9833178],[107.5630585,-6.985409],[107.5615711,-6.9882577],[107.5599719,-6.9895423],[107.5604047,-6.9919598],[107.5654352,-6.9900978],[107.5674221,-6.9925553],[107.5689986,-6.9927804],[107.5703199,-6.9915441],[107.5698692,-6.9900074],[107.5737359,-6.9903048],[107.5751803,-6.9913157],[107.5761179,-6.9949695],[107.5777973,-6.9958447],[107.5822926,-6.9922267],[107.5806761,-6.9875813],[107.5816235,-6.9858],[107.5845896,-6.9871907],[107.5870795,-6.9847235],[107.5897181,-6.986179],[107.5921096,-6.9851186]]]}},{"type":"Feature","properties":{"kecamatan":"Nagreg","desa":"Bojong"},"geometry":{"type":"Polygon","coordinates":[[[107.8644484,-7.0568513],[107.8676797,-7.056021],[107.8685112,-7.0570965],[107.8712684,-7.056397],[107.8751078,-7.0532233],[107.8772259,-7.0525197],[107.887692,-7.0514201],[107.8873515,-7.050068],[107.8894715,-7.0492227],[107.8894481,-7.0483003],[107.8903241,-7.0486002],[107.8894109,-7.0478631],[107.8910057,-7.0440089],[107.8900569,-7.0411761],[107.8888053,-7.0410557],[107.8881275,-7.0392338],[107.8857546,-7.0374146],[107.8866735,-7.0340704],[107.885545,-7.0333933],[107.8852877,-7.030191],[107.883799,-7.0295944],[107.8813658,-7.0306096],[107.8783028,-7.0280728],[107.8766905,-7.0246041],[107.8744206,-7.0235806],[107.8751589,-7.0226498],[107.8728911,-7.0218043],[107.8713,-7.01897],[107.8691923,-7.0175833],[107.8678816,-7.0232357],[107.8669073,-7.0226222],[107.8668848,-7.0237405],[107.8659198,-7.0227312],[107.8638192,-7.0225107],[107.8633183,-7.0248857],[107.8662067,-7.0288675],[107.866411,-7.0303288],[107.8648678,-7.0349144],[107.8655125,-7.0376737],[107.8649201,-7.0409705],[107.8639606,-7.0423523],[107.8656301,-7.0459121],[107.8655815,-7.0491424],[107.863404,-7.0541067],[107.8644484,-7.0568513]]]}},{"type":"Feature","properties":{"kecamatan":"Nagreg","desa":"Ciaro"},"geometry":{"type":"Polygon","coordinates":[[[107.908423,-7.0533312],[107.911558,-7.0539737],[107.920413,-7.0535937],[107.9276184,-7.052142],[107.925795,-7.0502512],[107.9272861,-7.0478832],[107.9304908,-7.045354],[107.9321419,-7.0450632],[107.9334723,-7.0437344],[107.9356311,-7.0437873],[107.9363066,-7.0429412],[107.9384323,-7.0437793],[107.9344605,-7.0400451],[107.9354555,-7.0356811],[107.9275926,-7.0333358],[107.9262886,-7.0335789],[107.9259538,-7.034439],[107.9239562,-7.0331388],[107.9224108,-7.0346315],[107.9198724,-7.0337618],[107.916825,-7.0363309],[107.9153613,-7.0361593],[107.9146139,-7.0378303],[107.9132484,-7.0385333],[107.9125422,-7.0435048],[107.9114242,-7.0448748],[107.9132229,-7.0448563],[107.9130683,-7.0458274],[107.9145933,-7.0456514],[107.908423,-7.0533312]]]}},{"type":"Feature","properties":{"kecamatan":"Nagreg","desa":"Ciherang"},"geometry":{"type":"Polygon","coordinates":[[[107.8972778,-7.0559444],[107.8989653,-7.0527352],[107.901493,-7.0547448],[107.908423,-7.0533312],[107.9145933,-7.0456514],[107.9130683,-7.0458274],[107.9132229,-7.0448563],[107.9114242,-7.0448748],[107.9125422,-7.0435048],[107.9129465,-7.0392495],[107.9147454,-7.0376644],[107.9147589,-7.0367967],[107.9134059,-7.0356713],[107.9123684,-7.0365657],[107.9122811,-7.0359647],[107.9100738,-7.035921],[107.9097912,-7.0353071],[107.9104293,-7.0333481],[107.9100918,-7.0232131],[107.9091758,-7.0206177],[107.9071727,-7.0182277],[107.9062719,-7.0142815],[107.9043955,-7.0174608],[107.9030499,-7.0181702],[107.9033776,-7.020029],[107.904215,-7.0205471],[107.9028848,-7.021661],[107.9025728,-7.0246903],[107.8971916,-7.0259723],[107.8978781,-7.0280967],[107.8908701,-7.0286561],[107.8895588,-7.0304752],[107.8852877,-7.030191],[107.885545,-7.0333933],[107.8866735,-7.0340704],[107.8857546,-7.0374146],[107.8881275,-7.0392338],[107.8888053,-7.0410557],[107.8900569,-7.0411761],[107.891009,-7.0438468],[107.8894109,-7.0478631],[107.8903241,-7.0486002],[107.8894481,-7.0483003],[107.8894715,-7.0492227],[107.8873515,-7.050068],[107.887692,-7.0514201],[107.8919596,-7.0505478],[107.892727,-7.052677],[107.8967276,-7.0542207],[107.8972778,-7.0559444]]]}},{"type":"Feature","properties":{"kecamatan":"Nagreg","desa":"Citaman"},"geometry":{"type":"Polygon","coordinates":[[[107.8853726,-7.0187976],[107.8852261,-7.0176609],[107.8869001,-7.0168452],[107.8906938,-7.0120767],[107.8958711,-7.0050621],[107.8962713,-7.0032276],[107.8949788,-7.0025924],[107.8945287,-7.0009855],[107.8955607,-6.9994799],[107.8888741,-6.9910894],[107.8856217,-6.9892728],[107.8808064,-6.988342],[107.8822609,-6.9892765],[107.8826825,-6.9915761],[107.8815533,-6.9983054],[107.8705732,-7.0065726],[107.8693761,-7.0094089],[107.8853726,-7.0187976]]]}},{"type":"Feature","properties":{"kecamatan":"Nagreg","desa":"Ganjar Sabar"},"geometry":{"type":"Polygon","coordinates":[[[107.8783028,-7.0280728],[107.8783179,-7.0233741],[107.8799265,-7.0236451],[107.8814907,-7.0222791],[107.8831067,-7.0228513],[107.8853726,-7.0187976],[107.8673049,-7.0081591],[107.8653586,-7.0121653],[107.8644506,-7.011769],[107.8636306,-7.0125198],[107.8690338,-7.0155659],[107.8681562,-7.0173947],[107.8713,-7.01897],[107.8728911,-7.0218043],[107.8751589,-7.0226498],[107.8744206,-7.0235806],[107.8766905,-7.0246041],[107.8783028,-7.0280728]]]}},{"type":"Feature","properties":{"kecamatan":"Nagreg","desa":"Mandalawangi"},"geometry":{"type":"Polygon","coordinates":[[[107.8615545,-7.0592437],[107.8629756,-7.0587986],[107.8644484,-7.0568513],[107.863404,-7.0541067],[107.8655815,-7.0491424],[107.8656301,-7.0459121],[107.8639606,-7.0423523],[107.8649201,-7.0409705],[107.8655125,-7.0376737],[107.8648678,-7.0349144],[107.866411,-7.0303288],[107.8662067,-7.0288675],[107.8633183,-7.0248857],[107.8638192,-7.0225107],[107.8659198,-7.0227312],[107.8668848,-7.0237405],[107.8669073,-7.0226222],[107.8678816,-7.0232357],[107.8691923,-7.0175833],[107.8681562,-7.0173947],[107.8690338,-7.0155659],[107.8658206,-7.0136183],[107.859409,-7.0118158],[107.8596733,-7.0138662],[107.8583238,-7.0142569],[107.8580028,-7.0166248],[107.8573033,-7.0168043],[107.857709,-7.0174114],[107.8560411,-7.0171825],[107.8554138,-7.0224564],[107.8542927,-7.0233566],[107.8557856,-7.0259789],[107.85503,-7.0271387],[107.8546036,-7.0319534],[107.8558884,-7.034489],[107.853106,-7.0361124],[107.8520865,-7.0396112],[107.8523864,-7.0417035],[107.8546394,-7.0424479],[107.8558168,-7.0454244],[107.8584247,-7.0486256],[107.8578465,-7.049378],[107.8540656,-7.0487633],[107.8615545,-7.0592437]]]}},{"type":"Feature","properties":{"kecamatan":"Nagreg","desa":"Nagreg"},"geometry":{"type":"Polygon","coordinates":[[[107.8950393,-7.0280507],[107.8948191,-7.0243867],[107.8927375,-7.0216894],[107.8852261,-7.0176609],[107.8853884,-7.0189422],[107.8831067,-7.0228513],[107.8814907,-7.0222791],[107.8799265,-7.0236451],[107.8783179,-7.0233741],[107.8783028,-7.0280728],[107.8813658,-7.0306096],[107.883799,-7.0295944],[107.8846904,-7.0302436],[107.8895588,-7.0304752],[107.8908701,-7.0286561],[107.8950393,-7.0280507]]]}},{"type":"Feature","properties":{"kecamatan":"Nagreg","desa":"Nagreg Kendan"},"geometry":{"type":"Polygon","coordinates":[[[107.8978781,-7.0280967],[107.8971916,-7.0259723],[107.902924,-7.0242801],[107.9028848,-7.021661],[107.904215,-7.0205471],[107.9033776,-7.020029],[107.9030499,-7.0181702],[107.9043955,-7.0174608],[107.9064453,-7.014352],[107.9057847,-7.0106986],[107.9088998,-7.0087909],[107.9078367,-7.0062159],[107.9088548,-7.0054638],[107.9070796,-7.0011809],[107.9064229,-6.9902242],[107.9048746,-6.9872427],[107.9011916,-6.986999],[107.8970775,-6.9825455],[107.8943183,-6.9822686],[107.890095,-6.9828935],[107.8808064,-6.988342],[107.8856217,-6.9892728],[107.8888741,-6.9910894],[107.8956172,-6.9996001],[107.8944969,-7.0006639],[107.8949788,-7.0025924],[107.8962713,-7.0032276],[107.8958711,-7.0050621],[107.8869001,-7.0168452],[107.8852261,-7.0176609],[107.8927375,-7.0216894],[107.8948191,-7.0243867],[107.8948731,-7.0279254],[107.8978781,-7.0280967]]]}},{"type":"Feature","properties":{"kecamatan":"Pacet","desa":"Cikawao"},"geometry":{"type":"Polygon","coordinates":[[[107.7485738,-7.1696011],[107.7505641,-7.1686679],[107.7521895,-7.1667098],[107.7506368,-7.1652468],[107.7514552,-7.1627404],[107.7448398,-7.1540744],[107.7469737,-7.1477317],[107.7451832,-7.1426761],[107.7461349,-7.1390931],[107.7450177,-7.1359891],[107.7438539,-7.1354999],[107.7437647,-7.134589],[107.7427005,-7.1347418],[107.7435462,-7.1338401],[107.7426404,-7.1326861],[107.7425812,-7.1307768],[107.741853,-7.1299442],[107.7409346,-7.1306043],[107.740069,-7.1300742],[107.7400985,-7.128353],[107.7382895,-7.1252165],[107.7389166,-7.1242831],[107.7386409,-7.1207334],[107.7374591,-7.1194781],[107.7368854,-7.1166672],[107.7386071,-7.1135035],[107.7384421,-7.1119086],[107.7368623,-7.1098559],[107.7380236,-7.1089316],[107.7384694,-7.1071895],[107.7384722,-7.1043413],[107.7378374,-7.1042287],[107.7383526,-7.1031112],[107.7375899,-7.1024985],[107.7389929,-7.1006772],[107.7417668,-7.0992391],[107.7425947,-7.0976112],[107.7427296,-7.0945764],[107.7415649,-7.0944873],[107.7438774,-7.0914353],[107.7439493,-7.0882655],[107.7448988,-7.0882496],[107.7441815,-7.0862062],[107.7446092,-7.0846936],[107.746749,-7.084265],[107.7472519,-7.0812152],[107.7460092,-7.0803069],[107.7445155,-7.0806064],[107.7434846,-7.0835387],[107.7409408,-7.0825568],[107.7403944,-7.0812224],[107.7395308,-7.0814821],[107.736698,-7.0851079],[107.7376664,-7.0883641],[107.7369137,-7.0963426],[107.7350643,-7.1002409],[107.7341748,-7.1003929],[107.7328972,-7.1078195],[107.731884,-7.1083311],[107.7315911,-7.1106798],[107.7296731,-7.110339],[107.7276474,-7.1120314],[107.7279301,-7.1136722],[107.7264332,-7.1177947],[107.7285598,-7.1200598],[107.7318843,-7.1273485],[107.7314157,-7.1312107],[107.7326506,-7.1340976],[107.7322861,-7.1358058],[107.7332892,-7.1384596],[107.7337938,-7.1464834],[107.7346754,-7.146568],[107.734509,-7.147942],[107.736697,-7.148698],[107.737671,-7.152089],[107.740603,-7.154404],[107.741079,-7.157838],[107.743186,-7.159045],[107.745439,-7.157336],[107.7478322,-7.1603731],[107.7474662,-7.1632131],[107.7454748,-7.1664237],[107.746681,-7.1693781],[107.7485738,-7.1696011]]]}},{"type":"Feature","properties":{"kecamatan":"Pacet","desa":"Cikitu"},"geometry":{"type":"Polygon","coordinates":[[[107.6770772,-7.1451378],[107.6812545,-7.1448848],[107.6815524,-7.1455664],[107.6841303,-7.1431413],[107.6838321,-7.144648],[107.6849963,-7.1453819],[107.6828472,-7.146832],[107.6840716,-7.1466877],[107.6848459,-7.1476107],[107.6835326,-7.1495212],[107.6871844,-7.1457993],[107.6932178,-7.1445815],[107.6939185,-7.1422669],[107.698311,-7.1422183],[107.698888,-7.1390387],[107.7009337,-7.137475],[107.7003919,-7.135085],[107.7010971,-7.1317839],[107.7002818,-7.1314182],[107.7014946,-7.1300626],[107.7021464,-7.1214454],[107.7008333,-7.1219108],[107.7004762,-7.1274568],[107.6981122,-7.1287688],[107.6981019,-7.1303591],[107.6965692,-7.1322343],[107.695665,-7.1329179],[107.6936308,-7.1321336],[107.6900498,-7.1355577],[107.6878973,-7.138674],[107.6881465,-7.1397353],[107.6849562,-7.1409248],[107.6834632,-7.140222],[107.6819894,-7.1423579],[107.6798617,-7.1423571],[107.6769479,-7.1436312],[107.6770772,-7.1451378]]]}},{"type":"Feature","properties":{"kecamatan":"Pacet","desa":"Cinanggela"},"geometry":{"type":"Polygon","coordinates":[[[107.633293,-7.147311],[107.6364966,-7.1518324],[107.6432033,-7.1498923],[107.6497059,-7.146941],[107.6524537,-7.1439927],[107.6530115,-7.145445],[107.6543173,-7.1448487],[107.6548313,-7.1424839],[107.656353,-7.1413657],[107.6611911,-7.1407539],[107.6639389,-7.1378587],[107.6662892,-7.1371429],[107.6695501,-7.1340142],[107.6712712,-7.133746],[107.6733005,-7.1313666],[107.6746382,-7.1312988],[107.6762672,-7.1290945],[107.6796141,-7.1270673],[107.6838825,-7.1285593],[107.6865775,-7.1277283],[107.6887325,-7.1281518],[107.6901214,-7.1250905],[107.6919704,-7.1246355],[107.692686,-7.1172259],[107.6878702,-7.1171782],[107.6687397,-7.1215041],[107.6657959,-7.1214509],[107.6627157,-7.1253403],[107.6396199,-7.1337622],[107.6398554,-7.1371818],[107.637389,-7.1431306],[107.633293,-7.147311]]]}},{"type":"Feature","properties":{"kecamatan":"Pacet","desa":"Cipeujeuh"},"geometry":{"type":"Polygon","coordinates":[[[107.709565,-7.102562],[107.7114934,-7.1009563],[107.7130578,-7.1008181],[107.7127565,-7.0998759],[107.7138847,-7.0988193],[107.7150891,-7.0989787],[107.7150679,-7.097814],[107.7163741,-7.0987072],[107.716481,-7.0973323],[107.717509,-7.0977968],[107.7213555,-7.0937622],[107.7211149,-7.0924805],[107.7201058,-7.0919478],[107.7186691,-7.0930947],[107.7146882,-7.0926461],[107.7153985,-7.0904389],[107.7143336,-7.0887254],[107.7148451,-7.0832233],[107.712955,-7.0825617],[107.71253,-7.0840167],[107.7117581,-7.0819568],[107.7095599,-7.0820686],[107.709791,-7.0842799],[107.7083247,-7.0856394],[107.7081718,-7.0869018],[107.7058465,-7.0876435],[107.7029432,-7.0867599],[107.7023545,-7.0889336],[107.7023831,-7.0897248],[107.7031763,-7.0894931],[107.7035006,-7.0905216],[107.7043842,-7.0906001],[107.7042236,-7.0962878],[107.7061616,-7.0969968],[107.7064269,-7.0946705],[107.7075965,-7.0952229],[107.7068221,-7.0987416],[107.7079943,-7.0990234],[107.7082473,-7.1008452],[107.709565,-7.102562]]]}},{"type":"Feature","properties":{"kecamatan":"Pacet","desa":"Girimulya"},"geometry":{"type":"Polygon","coordinates":[[[107.6403059,-7.1624314],[107.645207,-7.167452],[107.646717,-7.172737],[107.6523983,-7.1737319],[107.6534659,-7.175769],[107.6552955,-7.1762603],[107.6581795,-7.1794177],[107.6594137,-7.1792452],[107.66051,-7.1779594],[107.6683678,-7.1792236],[107.6744031,-7.1778468],[107.6801736,-7.1750752],[107.6810352,-7.1726584],[107.6825884,-7.1722606],[107.6837073,-7.1690795],[107.6832833,-7.1685426],[107.6845824,-7.1667621],[107.6838392,-7.1641289],[107.6845366,-7.1624687],[107.6856843,-7.1622569],[107.6849277,-7.1609754],[107.6859709,-7.1568466],[107.687241,-7.1562294],[107.6890413,-7.1504618],[107.6902613,-7.1504586],[107.692537,-7.1477253],[107.6919526,-7.1463265],[107.692851,-7.1447],[107.6871844,-7.1457993],[107.6835326,-7.1495212],[107.6848342,-7.1473938],[107.6828472,-7.146832],[107.6849963,-7.1453819],[107.6838321,-7.144648],[107.6839133,-7.1430545],[107.6815524,-7.1455664],[107.6812545,-7.1448848],[107.6772736,-7.1448372],[107.6751602,-7.1454817],[107.6754092,-7.1462555],[107.6736034,-7.1470621],[107.663213,-7.1491542],[107.6403059,-7.1624314]]]}},{"type":"Feature","properties":{"kecamatan":"Pacet","desa":"Mandalahaji"},"geometry":{"type":"Polygon","coordinates":[[[107.7183202,-7.1344052],[107.7191233,-7.1325882],[107.7169284,-7.1291034],[107.7200378,-7.1273295],[107.7191397,-7.1189542],[107.7202645,-7.1192132],[107.7201329,-7.1169202],[107.7216039,-7.1147302],[107.7210327,-7.1135127],[107.7232,-7.1133461],[107.7224119,-7.1097935],[107.7272438,-7.1111216],[107.7278289,-7.1087237],[107.7258006,-7.1061055],[107.7262167,-7.1041161],[107.7229839,-7.1010051],[107.7215567,-7.0986729],[107.7217786,-7.0977156],[107.7192419,-7.0974154],[107.7193116,-7.0958011],[107.7174575,-7.0978258],[107.716481,-7.0973323],[107.7163741,-7.0987072],[107.7149506,-7.097895],[107.7150891,-7.0989787],[107.7138847,-7.0988193],[107.7127565,-7.0998759],[107.7130578,-7.1008181],[107.7114934,-7.1009563],[107.709565,-7.102562],[107.709948,-7.1038648],[107.7076322,-7.1063198],[107.7065297,-7.1117136],[107.7052807,-7.1138831],[107.7017387,-7.1157794],[107.7029186,-7.1165919],[107.7029618,-7.1175658],[107.701544,-7.1186712],[107.7048772,-7.1198684],[107.7046889,-7.1211889],[107.7053128,-7.121194],[107.7067384,-7.1240206],[107.7079757,-7.1239287],[107.7119894,-7.1273092],[107.7183202,-7.1344052]]]}},{"type":"Feature","properties":{"kecamatan":"Pacet","desa":"Maruyung"},"geometry":{"type":"Polygon","coordinates":[[[107.6931234,-7.1197831],[107.6958765,-7.1194654],[107.6981566,-7.1174949],[107.6997219,-7.1184708],[107.7026037,-7.1182103],[107.7029259,-7.1166092],[107.7017387,-7.1157794],[107.7053995,-7.1137461],[107.7077802,-7.1075669],[107.7076322,-7.1063198],[107.7099848,-7.1037003],[107.7079943,-7.0990234],[107.7068221,-7.0987416],[107.7075236,-7.0951424],[107.7064269,-7.0946705],[107.7061616,-7.0969968],[107.7046605,-7.0968807],[107.7020446,-7.1014011],[107.7019198,-7.1042058],[107.7000088,-7.1083564],[107.7006613,-7.108808],[107.7008242,-7.1116752],[107.6988624,-7.1121224],[107.697109,-7.1162971],[107.6942739,-7.1191597],[107.693319,-7.1188917],[107.6931234,-7.1197831]]]}},{"type":"Feature","properties":{"kecamatan":"Pacet","desa":"Mekarjaya"},"geometry":{"type":"Polygon","coordinates":[[[107.6340432,-7.1268276],[107.6393207,-7.1323495],[107.6396199,-7.1337622],[107.6627157,-7.1253403],[107.6657959,-7.1214509],[107.6687397,-7.1215041],[107.6878702,-7.1171782],[107.692686,-7.1172259],[107.6920617,-7.1193478],[107.6928035,-7.1205267],[107.6932472,-7.118961],[107.6942739,-7.1191597],[107.697109,-7.1162971],[107.6988624,-7.1121224],[107.7008242,-7.1116752],[107.7006613,-7.108808],[107.7000088,-7.1083564],[107.7015888,-7.1053025],[107.7016535,-7.1024848],[107.7042872,-7.0973735],[107.704003,-7.096625],[107.70235,-7.096451],[107.701959,-7.0986],[107.6984522,-7.0994233],[107.698418,-7.101457],[107.697337,-7.102419],[107.696056,-7.10212],[107.693185,-7.103589],[107.6874966,-7.1043106],[107.6817942,-7.1077853],[107.6767215,-7.1085819],[107.6746258,-7.1104111],[107.6701203,-7.1094209],[107.6687917,-7.107934],[107.6660881,-7.1106082],[107.6629221,-7.1161159],[107.6610915,-7.1174462],[107.6533104,-7.1179284],[107.6493379,-7.1201747],[107.6417756,-7.1225133],[107.637857,-7.1254191],[107.6340432,-7.1268276]]]}},{"type":"Feature","properties":{"kecamatan":"Pacet","desa":"Mekarsari"},"geometry":{"type":"Polygon","coordinates":[[[107.669352,-7.109007],[107.6746258,-7.1104111],[107.6767215,-7.1085819],[107.6817942,-7.1077853],[107.6874966,-7.1043106],[107.693185,-7.103589],[107.696056,-7.10212],[107.697337,-7.102419],[107.698418,-7.101457],[107.6984522,-7.0994233],[107.701959,-7.0986],[107.70235,-7.096451],[107.7046826,-7.0970782],[107.7039844,-7.0934427],[107.7043842,-7.0906001],[107.7022985,-7.0895914],[107.7025337,-7.0857504],[107.6995134,-7.0844201],[107.6943989,-7.0836694],[107.6953438,-7.0876025],[107.6944887,-7.0887156],[107.6945621,-7.0908382],[107.6930959,-7.0912089],[107.6927484,-7.0894895],[107.6904721,-7.0898566],[107.6832249,-7.0999776],[107.6807784,-7.1006283],[107.6799022,-7.1017271],[107.6742764,-7.1025516],[107.6694108,-7.1075885],[107.669352,-7.109007]]]}},{"type":"Feature","properties":{"kecamatan":"Pacet","desa":"Nagrak"},"geometry":{"type":"Polygon","coordinates":[[[107.72404,-7.147701],[107.72653,-7.147763],[107.728482,-7.146741],[107.734509,-7.147942],[107.7339401,-7.144168],[107.7331663,-7.1435622],[107.7336394,-7.1422134],[107.7322861,-7.1358058],[107.7326506,-7.1340976],[107.7314157,-7.1312107],[107.7318843,-7.1273485],[107.7285598,-7.1200598],[107.7264332,-7.1177947],[107.7279301,-7.1136722],[107.7276474,-7.1120314],[107.7296731,-7.110339],[107.7315911,-7.1106798],[107.731884,-7.1083311],[107.7328972,-7.1078195],[107.7341748,-7.1003929],[107.7350643,-7.1002409],[107.7369137,-7.0963426],[107.7376664,-7.0883641],[107.736698,-7.0851079],[107.7386196,-7.0821296],[107.7375307,-7.0809834],[107.7346101,-7.0815703],[107.7342574,-7.0836141],[107.732254,-7.084016],[107.7290327,-7.0875639],[107.7276154,-7.086985],[107.7235438,-7.0923865],[107.7221684,-7.0926743],[107.7228529,-7.0935783],[107.7213555,-7.0937622],[107.7191984,-7.0961275],[107.7194769,-7.0976199],[107.7217786,-7.0977156],[107.7215567,-7.0986729],[107.7229839,-7.1010051],[107.7262167,-7.1041161],[107.7259944,-7.1065302],[107.727818,-7.1079991],[107.7272438,-7.1111216],[107.7224119,-7.1097935],[107.7232,-7.1133461],[107.7210327,-7.1135127],[107.7216039,-7.1147302],[107.7201329,-7.1169202],[107.7202645,-7.1192132],[107.7191397,-7.1189542],[107.7200519,-7.1274104],[107.7209365,-7.1273404],[107.7223235,-7.1300762],[107.7210193,-7.1307769],[107.7208043,-7.1323151],[107.7225529,-7.1370003],[107.7231392,-7.1369825],[107.721489,-7.1392372],[107.7221758,-7.1402008],[107.7207805,-7.1404415],[107.719945,-7.142799],[107.720675,-7.14457],[107.72404,-7.147701]]]}},{"type":"Feature","properties":{"kecamatan":"Pacet","desa":"Pangauban"},"geometry":{"type":"Polygon","coordinates":[[[107.6403059,-7.1624314],[107.6583389,-7.1514635],[107.663213,-7.1491542],[107.6736034,-7.1470621],[107.6754092,-7.1462555],[107.6751742,-7.1454739],[107.6770772,-7.1451378],[107.6769479,-7.1436312],[107.6798617,-7.1423571],[107.6819894,-7.1423579],[107.6832499,-7.1403291],[107.6849562,-7.1409248],[107.6881465,-7.1397353],[107.6878973,-7.138674],[107.6913942,-7.1338815],[107.6936972,-7.1321031],[107.695742,-7.132905],[107.6981019,-7.1303591],[107.6984401,-7.1283711],[107.7004365,-7.1275295],[107.7008333,-7.1219108],[107.7024543,-7.1209516],[107.7015702,-7.1184023],[107.6997219,-7.1184708],[107.6981566,-7.1174949],[107.6958765,-7.1194654],[107.6932372,-7.1195853],[107.6924559,-7.1207547],[107.6926505,-7.122426],[107.6918144,-7.1226831],[107.6919647,-7.1246492],[107.6901214,-7.1250905],[107.6887325,-7.1281518],[107.6865775,-7.1277283],[107.6838825,-7.1285593],[107.6796141,-7.1270673],[107.6762672,-7.1290945],[107.6746382,-7.1312988],[107.6733005,-7.1313666],[107.6712712,-7.133746],[107.6695501,-7.1340142],[107.6662892,-7.1371429],[107.6639389,-7.1378587],[107.6611911,-7.1407539],[107.6556462,-7.1417487],[107.6538289,-7.1451417],[107.6526105,-7.1451443],[107.6524537,-7.1439927],[107.6497059,-7.146941],[107.6432033,-7.1498923],[107.6364966,-7.1518324],[107.6403059,-7.1624314]]]}},{"type":"Feature","properties":{"kecamatan":"Pacet","desa":"Sukarame"},"geometry":{"type":"Polygon","coordinates":[[[107.7255838,-7.1916482],[107.7291902,-7.1860379],[107.7316771,-7.1851226],[107.7328028,-7.1827875],[107.7341983,-7.1820202],[107.7360487,-7.17431],[107.7397713,-7.1699235],[107.7444609,-7.1684875],[107.746681,-7.1693781],[107.745486,-7.1659073],[107.7472964,-7.1636372],[107.7479196,-7.1605806],[107.745439,-7.157336],[107.743186,-7.159045],[107.741079,-7.157838],[107.740726,-7.154602],[107.737671,-7.152089],[107.736424,-7.148512],[107.728482,-7.146741],[107.726304,-7.147803],[107.723387,-7.147448],[107.720584,-7.144447],[107.7198398,-7.1420608],[107.7207805,-7.1404415],[107.7221758,-7.1402008],[107.721489,-7.1392372],[107.7231392,-7.1369825],[107.7225529,-7.1370003],[107.7208043,-7.1323151],[107.7210193,-7.1307769],[107.7223235,-7.1300762],[107.7209365,-7.1273404],[107.719396,-7.1274661],[107.7169284,-7.1291034],[107.7191233,-7.1325882],[107.7182483,-7.1343817],[107.7119894,-7.1273092],[107.7079757,-7.1239287],[107.7067384,-7.1240206],[107.7053128,-7.121194],[107.7046889,-7.1211889],[107.7048772,-7.1198684],[107.701814,-7.1189376],[107.7024588,-7.1209037],[107.7016214,-7.123898],[107.7020233,-7.1267343],[107.7014666,-7.1301895],[107.7002818,-7.1314182],[107.7010971,-7.1317839],[107.7003919,-7.135085],[107.7009474,-7.1373992],[107.6998134,-7.1377276],[107.6982607,-7.1404374],[107.7001487,-7.1429676],[107.6992719,-7.1441605],[107.6996462,-7.146597],[107.6987311,-7.1483442],[107.6999646,-7.1489791],[107.7000589,-7.1503529],[107.7019611,-7.1513609],[107.7009225,-7.1548961],[107.7036567,-7.1612582],[107.7031731,-7.1626705],[107.7047064,-7.1639058],[107.7054327,-7.1662668],[107.7069767,-7.1666689],[107.7069266,-7.1679124],[107.7112463,-7.1730032],[107.7125032,-7.1734357],[107.7131649,-7.1752392],[107.7152689,-7.1764222],[107.715149,-7.1788137],[107.7160441,-7.179583],[107.7166471,-7.1823599],[107.7184605,-7.1833891],[107.7233346,-7.189875],[107.7255838,-7.1916482]]]}},{"type":"Feature","properties":{"kecamatan":"Pacet","desa":"Tanjungwangi"},"geometry":{"type":"Polygon","coordinates":[[[107.7153652,-7.0930114],[107.7187448,-7.0930827],[107.7201058,-7.0919478],[107.7211149,-7.0924805],[107.7213555,-7.0937622],[107.7228529,-7.0935783],[107.7221684,-7.0926743],[107.7235438,-7.0923865],[107.7255655,-7.0888886],[107.7264483,-7.0892526],[107.7264195,-7.0880956],[107.7272853,-7.0879949],[107.7276154,-7.086985],[107.7290327,-7.0875639],[107.7307667,-7.0861021],[107.7302306,-7.0856559],[107.7307478,-7.0847591],[107.728252,-7.0842449],[107.7265483,-7.0811348],[107.7257425,-7.0830774],[107.7222138,-7.0801522],[107.7225747,-7.0776441],[107.7252922,-7.0729143],[107.724317,-7.0727],[107.7178534,-7.0788888],[107.7160206,-7.0835069],[107.7148451,-7.0832233],[107.7143336,-7.0887254],[107.7153882,-7.0903943],[107.7146771,-7.0925745],[107.7153652,-7.0930114]]]}},{"type":"Feature","properties":{"kecamatan":"Pameungpeuk","desa":"Bojongkunci"},"geometry":{"type":"Polygon","coordinates":[[[107.5655269,-7.0339476],[107.5667566,-7.0328846],[107.5683737,-7.0336842],[107.5706366,-7.0335474],[107.5685968,-7.0324012],[107.5697889,-7.0311914],[107.5714752,-7.0249938],[107.5742996,-7.0220299],[107.5748156,-7.0203111],[107.5740389,-7.0181104],[107.5756313,-7.0151496],[107.5756396,-7.0123209],[107.5746708,-7.0110853],[107.5727916,-7.0162284],[107.5701522,-7.0145801],[107.5705191,-7.009071],[107.5734728,-7.0039817],[107.5697107,-7.0026791],[107.5684068,-7.0063729],[107.5660357,-7.0058858],[107.5647938,-7.0074291],[107.5650534,-7.0086672],[107.5639312,-7.0103548],[107.5639722,-7.0134749],[107.5628579,-7.0161715],[107.5628855,-7.0207823],[107.5616991,-7.0218212],[107.5622436,-7.0235669],[107.560475,-7.0270756],[107.56377,-7.0286311],[107.5636453,-7.0296879],[107.5653488,-7.0299472],[107.5654532,-7.0310248],[107.5666579,-7.0307576],[107.5667999,-7.0317132],[107.5650874,-7.033617],[107.5655269,-7.0339476]]]}},{"type":"Feature","properties":{"kecamatan":"Pameungpeuk","desa":"Bojongmanggu"},"geometry":{"type":"Polygon","coordinates":[[[107.6176265,-7.0259285],[107.6124874,-7.0258143],[107.6013934,-7.0222736],[107.601195,-7.0230497],[107.6005417,-7.0223975],[107.6003431,-7.0234069],[107.5962134,-7.0235178],[107.595949,-7.0246598],[107.5952058,-7.0245546],[107.594463,-7.0242916],[107.5950177,-7.0230252],[107.5933981,-7.0221865],[107.5929143,-7.0240619],[107.5937706,-7.0248336],[107.5926737,-7.0291069],[107.5965528,-7.0311057],[107.5967353,-7.0335095],[107.5984532,-7.0339421],[107.5987328,-7.0350394],[107.6018768,-7.0357667],[107.6029989,-7.0353023],[107.602385,-7.0329976],[107.6042208,-7.0323396],[107.6050998,-7.0334416],[107.607424,-7.0335716],[107.6071082,-7.0324345],[107.6088424,-7.0315697],[107.6093518,-7.0302347],[107.6176265,-7.0259285]]]}},{"type":"Feature","properties":{"kecamatan":"Pameungpeuk","desa":"Langonsari"},"geometry":{"type":"Polygon","coordinates":[[[107.6176265,-7.0259285],[107.6155372,-7.0224581],[107.6138027,-7.0214755],[107.6135278,-7.0182368],[107.6117023,-7.015443],[107.6083683,-7.0132489],[107.6051804,-7.0164395],[107.6008412,-7.017315],[107.600915,-7.0181354],[107.599414,-7.0175265],[107.5972556,-7.0234047],[107.6003431,-7.0234069],[107.6005417,-7.0223975],[107.601195,-7.0230497],[107.6013934,-7.0222736],[107.6124874,-7.0258143],[107.6176265,-7.0259285]]]}},{"type":"Feature","properties":{"kecamatan":"Pameungpeuk","desa":"Rancamulya"},"geometry":{"type":"Polygon","coordinates":[[[107.5836672,-7.0218675],[107.5848391,-7.0213404],[107.5857779,-7.0226765],[107.5876045,-7.0221598],[107.5887177,-7.0234691],[107.5898292,-7.0230931],[107.5904284,-7.0210572],[107.5895107,-7.0169385],[107.5954463,-7.0141272],[107.5969596,-7.0142514],[107.5963967,-7.0098396],[107.5992406,-7.0107827],[107.6002781,-7.0077535],[107.6016914,-7.0067628],[107.6017148,-7.0059868],[107.6003977,-7.0056488],[107.6005527,-7.0045998],[107.6019368,-7.0048954],[107.6041444,-6.9985171],[107.6015146,-6.9982736],[107.6009798,-6.9993417],[107.5996517,-6.997304],[107.5985697,-6.9969565],[107.5977656,-6.9989591],[107.5959671,-6.998275],[107.5949551,-7.0018548],[107.5919382,-7.0041257],[107.5892003,-7.002428],[107.5894909,-6.9998791],[107.5881075,-7.0002731],[107.5885342,-7.0015797],[107.5871578,-7.0038743],[107.5856138,-7.0047474],[107.5850094,-7.0094243],[107.5842879,-7.0102832],[107.5854289,-7.0109272],[107.5842733,-7.0140609],[107.584603,-7.0188711],[107.5825132,-7.0203638],[107.5836672,-7.0218675]]]}},{"type":"Feature","properties":{"kecamatan":"Pameungpeuk","desa":"Rancatungku"},"geometry":{"type":"Polygon","coordinates":[[[107.5688168,-7.0326839],[107.5711389,-7.0336318],[107.5720343,-7.0302687],[107.5726962,-7.030286],[107.5751318,-7.0319518],[107.5768315,-7.032045],[107.5790006,-7.034719],[107.5799655,-7.0338997],[107.5801724,-7.0349602],[107.5805356,-7.0331219],[107.5798547,-7.0320425],[107.5817769,-7.0329859],[107.5825117,-7.0308227],[107.5835497,-7.031563],[107.5832546,-7.03013],[107.5847484,-7.030215],[107.5840929,-7.0285186],[107.5850685,-7.0280488],[107.5844069,-7.0270597],[107.5833153,-7.0283315],[107.5828688,-7.027899],[107.5840423,-7.0258792],[107.5848376,-7.02605],[107.5833748,-7.0248697],[107.5841529,-7.0230456],[107.584933,-7.0230377],[107.5825132,-7.0203638],[107.584603,-7.0188711],[107.5842733,-7.0140609],[107.5854289,-7.0109272],[107.5842768,-7.0103593],[107.5849795,-7.0080056],[107.5820243,-7.008798],[107.5810684,-7.0102164],[107.5798326,-7.0105683],[107.5773177,-7.0151543],[107.5740389,-7.0181104],[107.5746187,-7.0211874],[107.5737407,-7.0233202],[107.5714752,-7.0249938],[107.5688168,-7.0326839]]]}},{"type":"Feature","properties":{"kecamatan":"Pameungpeuk","desa":"Sukasari"},"geometry":{"type":"Polygon","coordinates":[[[107.587443,-7.0319212],[107.5890926,-7.0323129],[107.5897367,-7.0314075],[107.5905849,-7.0322385],[107.5903229,-7.0330602],[107.5915691,-7.033344],[107.592043,-7.0326736],[107.5908854,-7.0312522],[107.5910049,-7.0294878],[107.5940057,-7.0294968],[107.5926737,-7.0291069],[107.5937706,-7.0248336],[107.5929143,-7.0240619],[107.5933981,-7.0221865],[107.5950177,-7.0230252],[107.594463,-7.0242916],[107.595949,-7.0246598],[107.5962134,-7.0235178],[107.5972556,-7.0234047],[107.5986192,-7.0188618],[107.5998768,-7.0174359],[107.5984846,-7.0161495],[107.5983677,-7.0142723],[107.5954463,-7.0141272],[107.5895107,-7.0169385],[107.5904284,-7.0210572],[107.5895019,-7.0233675],[107.5886721,-7.0234411],[107.5877095,-7.0221745],[107.5857779,-7.0226765],[107.5848391,-7.0213404],[107.5836672,-7.0218675],[107.5849333,-7.0230843],[107.5841529,-7.0230456],[107.5833834,-7.0249079],[107.584847,-7.0260145],[107.5840423,-7.0258792],[107.5828724,-7.0280338],[107.5834895,-7.0282349],[107.5843395,-7.0270013],[107.586298,-7.028849],[107.5865716,-7.031178],[107.5877942,-7.0308276],[107.587443,-7.0319212]]]}},{"type":"Feature","properties":{"kecamatan":"Pangalengan","desa":"Banjarsari"},"geometry":{"type":"Polygon","coordinates":[[[107.5790606,-7.2733923],[107.580402,-7.2703412],[107.5817364,-7.2691735],[107.5816898,-7.2644323],[107.5834825,-7.2617342],[107.5824522,-7.2585711],[107.5836415,-7.256007],[107.5810501,-7.2534213],[107.5850991,-7.2454378],[107.5874514,-7.2428964],[107.58811,-7.239065],[107.5903599,-7.2394698],[107.5922322,-7.2383583],[107.5938,-7.2394034],[107.5947483,-7.2415293],[107.5968485,-7.2410112],[107.6015649,-7.2423459],[107.6023191,-7.2414421],[107.6055988,-7.2448966],[107.6067839,-7.2442574],[107.6065973,-7.2431969],[107.6097124,-7.2418215],[107.6170746,-7.2358285],[107.616109,-7.2314647],[107.6168637,-7.2290446],[107.6226257,-7.2225163],[107.6237939,-7.2224904],[107.628315,-7.2193275],[107.6345284,-7.2181043],[107.6360074,-7.2137987],[107.631756,-7.2132295],[107.6189685,-7.2090599],[107.6161452,-7.2088528],[107.6132517,-7.2106972],[107.6105995,-7.2087595],[107.6093742,-7.2067691],[107.6044162,-7.2059831],[107.6041854,-7.20757],[107.5926055,-7.2079401],[107.5925593,-7.2087847],[107.5884444,-7.2093438],[107.5860877,-7.2114],[107.584282,-7.211382],[107.5843779,-7.2062264],[107.5836485,-7.2056253],[107.5801567,-7.2114402],[107.5752384,-7.2120457],[107.5739229,-7.2136748],[107.5747471,-7.2137044],[107.5747731,-7.2162261],[107.5730824,-7.2178615],[107.5717417,-7.2247523],[107.5708112,-7.2246954],[107.5702918,-7.2260014],[107.5705967,-7.228056],[107.5688545,-7.2354064],[107.5690423,-7.2379159],[107.565893,-7.245174],[107.5627603,-7.2493602],[107.5618289,-7.2568637],[107.5636694,-7.2573808],[107.566471,-7.2604781],[107.5698181,-7.2601346],[107.5735199,-7.2626015],[107.5746127,-7.2646948],[107.5745294,-7.2668423],[107.577267,-7.2672206],[107.5783204,-7.2689741],[107.5780154,-7.2715321],[107.5790606,-7.2733923]]]}},{"type":"Feature","properties":{"kecamatan":"Pangalengan","desa":"Lamajang"},"geometry":{"type":"Polygon","coordinates":[[[107.519385,-7.1584819],[107.5241303,-7.1563794],[107.5268929,-7.1572298],[107.5346733,-7.1545998],[107.5390851,-7.154982],[107.5481204,-7.1501321],[107.5490343,-7.148305],[107.5513155,-7.1469773],[107.5566909,-7.1484443],[107.5578173,-7.1477117],[107.5574447,-7.1452772],[107.555822,-7.1449252],[107.5548936,-7.1424125],[107.5535889,-7.1415518],[107.5536384,-7.1381238],[107.5528211,-7.1371681],[107.5531161,-7.132346],[107.5550765,-7.1300751],[107.5542377,-7.1286045],[107.5556766,-7.1295171],[107.5566141,-7.1289189],[107.5572209,-7.129568],[107.557211,-7.1289955],[107.5543137,-7.1261866],[107.5550393,-7.1244289],[107.5534966,-7.1244435],[107.5516407,-7.1218385],[107.5525859,-7.1207131],[107.5513003,-7.115961],[107.5527511,-7.1154113],[107.5515805,-7.1126152],[107.5533251,-7.1105339],[107.5545728,-7.1109327],[107.5547454,-7.1092407],[107.5557826,-7.1104994],[107.5545412,-7.1060469],[107.5534268,-7.1062443],[107.5537387,-7.103775],[107.5519255,-7.1022547],[107.5527232,-7.1014971],[107.5515716,-7.0989507],[107.5499186,-7.0992161],[107.5503898,-7.0999481],[107.5491491,-7.1013628],[107.5495352,-7.1027162],[107.5431903,-7.1111401],[107.543717,-7.1118344],[107.5432237,-7.1125057],[107.5419669,-7.1122256],[107.5418866,-7.1132992],[107.5405867,-7.1125029],[107.540267,-7.1139049],[107.5385016,-7.1141269],[107.5362724,-7.1161936],[107.5341036,-7.116194],[107.5339696,-7.1174314],[107.5332072,-7.1177283],[107.529373,-7.1180324],[107.529511,-7.1187537],[107.5279059,-7.1194081],[107.5280399,-7.1202682],[107.5254451,-7.1209892],[107.5268063,-7.132778],[107.5234585,-7.1404289],[107.5222513,-7.1473028],[107.5207745,-7.1504098],[107.5211082,-7.1553816],[107.519385,-7.1584819]]]}},{"type":"Feature","properties":{"kecamatan":"Pangalengan","desa":"Margaluyu"},"geometry":{"type":"Polygon","coordinates":[[[107.5462538,-7.2574861],[107.5499574,-7.2555348],[107.5519894,-7.2523107],[107.5548871,-7.2505932],[107.5619372,-7.2545487],[107.5627603,-7.2493602],[107.565893,-7.245174],[107.5690423,-7.2379159],[107.5688545,-7.2354064],[107.5705967,-7.228056],[107.5702918,-7.2260014],[107.5708112,-7.2246954],[107.5717417,-7.2247523],[107.5730824,-7.2178615],[107.5747731,-7.2162261],[107.5747278,-7.2148169],[107.5736006,-7.2141555],[107.572591,-7.21505],[107.5714511,-7.2141363],[107.5700387,-7.2166295],[107.5688175,-7.2151676],[107.5674783,-7.217392],[107.5660157,-7.2174095],[107.5656094,-7.215889],[107.5636651,-7.2174907],[107.561065,-7.2164171],[107.5604034,-7.2168349],[107.5588363,-7.2143685],[107.5602467,-7.2144555],[107.5601944,-7.2138636],[107.5582676,-7.2127261],[107.5604366,-7.2110789],[107.5626247,-7.2140676],[107.5645864,-7.2140154],[107.5632399,-7.2134641],[107.5633501,-7.2124427],[107.5618586,-7.2105217],[107.5633443,-7.209953],[107.5644993,-7.2114677],[107.5650739,-7.2110905],[107.5642497,-7.2097615],[107.5651958,-7.2094307],[107.5641104,-7.2089142],[107.5677589,-7.2084102],[107.5683712,-7.2093602],[107.5685622,-7.2076285],[107.5698309,-7.2077109],[107.5696018,-7.2068599],[107.5708956,-7.2058479],[107.5723779,-7.2075509],[107.5715962,-7.2055209],[107.5729759,-7.2045434],[107.5748581,-7.2045935],[107.5738973,-7.2042307],[107.5737147,-7.2029442],[107.5760111,-7.2030456],[107.5757975,-7.202486],[107.5734303,-7.2023419],[107.5732073,-7.2039083],[107.5696554,-7.2051483],[107.5679801,-7.2071662],[107.5649124,-7.2059043],[107.5629814,-7.2063449],[107.5616136,-7.2082202],[107.5603245,-7.2080353],[107.5601965,-7.2064501],[107.5568017,-7.2076213],[107.5562963,-7.205563],[107.5557444,-7.2065359],[107.5541855,-7.2067454],[107.5486487,-7.2002843],[107.5475576,-7.2012702],[107.5464235,-7.2056219],[107.5442037,-7.2099912],[107.5442854,-7.2129321],[107.5430732,-7.2136256],[107.544614,-7.2141831],[107.5432411,-7.2150146],[107.5436616,-7.2169992],[107.5429536,-7.2201283],[107.5420015,-7.2209337],[107.5405838,-7.219497],[107.5394304,-7.2209285],[107.5399884,-7.2206649],[107.5401679,-7.2221976],[107.5413481,-7.2225038],[107.5414548,-7.2241119],[107.5405072,-7.2278592],[107.5412182,-7.2282569],[107.5409952,-7.2338989],[107.5398171,-7.2347423],[107.5408152,-7.2351587],[107.5405437,-7.2361086],[107.5420519,-7.2360644],[107.5419004,-7.2380855],[107.5443561,-7.2400892],[107.5446372,-7.2411778],[107.543525,-7.2426701],[107.5439892,-7.2443293],[107.5458901,-7.2459864],[107.5491339,-7.2458606],[107.5499183,-7.2469621],[107.545569,-7.2542945],[107.5462538,-7.2574861]]]}},{"type":"Feature","properties":{"kecamatan":"Pangalengan","desa":"Margamekar"},"geometry":{"type":"Polygon","coordinates":[[[107.5642862,-7.2175255],[107.5656094,-7.215889],[107.5660157,-7.2174095],[107.5674783,-7.217392],[107.5688175,-7.2151676],[107.5700387,-7.2166295],[107.5714511,-7.2141363],[107.572591,-7.21505],[107.5736006,-7.2141555],[107.5747278,-7.2148169],[107.5747471,-7.2137044],[107.5739229,-7.2136748],[107.5752384,-7.2120457],[107.5801567,-7.2114402],[107.5836485,-7.2056253],[107.5818122,-7.2041649],[107.5821564,-7.2022822],[107.5802816,-7.2021313],[107.5786614,-7.2004978],[107.5772976,-7.2002832],[107.5776139,-7.1990619],[107.5768694,-7.1982341],[107.5778569,-7.1971501],[107.5805186,-7.1966294],[107.5827253,-7.1975567],[107.5829482,-7.1957119],[107.5839272,-7.195686],[107.5823348,-7.1926525],[107.5805813,-7.1924905],[107.581031,-7.189101],[107.5800726,-7.1879586],[107.5778275,-7.1879158],[107.5756325,-7.1891471],[107.5728806,-7.1867843],[107.5716564,-7.1873625],[107.5712602,-7.1860384],[107.5696255,-7.185785],[107.5694792,-7.1848141],[107.5652937,-7.1805481],[107.5642639,-7.1843658],[107.5665671,-7.1867631],[107.5673117,-7.1909481],[107.5695448,-7.191794],[107.56846,-7.1935023],[107.5683761,-7.1977517],[107.5590908,-7.2044061],[107.5581773,-7.2059721],[107.5567572,-7.2063132],[107.5568017,-7.2076213],[107.5601965,-7.2064501],[107.5603245,-7.2080353],[107.5616136,-7.2082202],[107.5629814,-7.2063449],[107.5649124,-7.2059043],[107.5679801,-7.2071662],[107.5696554,-7.2051483],[107.5732073,-7.2039083],[107.5734303,-7.2023419],[107.5760111,-7.2030456],[107.5738066,-7.2028511],[107.5738973,-7.2042307],[107.5748581,-7.2045935],[107.5729759,-7.2045434],[107.5715962,-7.2055209],[107.5723779,-7.2075509],[107.5708956,-7.2058479],[107.5696018,-7.2068599],[107.5698309,-7.2077109],[107.5685622,-7.2076285],[107.5683712,-7.2093602],[107.5677589,-7.2084102],[107.5641104,-7.2089142],[107.5651958,-7.2094307],[107.5642497,-7.2097615],[107.5650739,-7.2110905],[107.5644993,-7.2114677],[107.5633443,-7.209953],[107.5618586,-7.2105217],[107.5633501,-7.2124427],[107.5632399,-7.2134641],[107.5645864,-7.2140154],[107.5626247,-7.2140676],[107.5607442,-7.2111601],[107.5590263,-7.2116882],[107.5582676,-7.2127261],[107.5601944,-7.2138636],[107.5602467,-7.2144555],[107.5588363,-7.2143685],[107.5599971,-7.2164345],[107.5642862,-7.2175255]]]}},{"type":"Feature","properties":{"kecamatan":"Pangalengan","desa":"Margamukti"},"geometry":{"type":"Polygon","coordinates":[[[107.5814668,-7.1901203],[107.5847732,-7.191732],[107.5864057,-7.1939189],[107.5902988,-7.1950152],[107.5919698,-7.1945734],[107.5945533,-7.1981086],[107.5963697,-7.1979728],[107.5976401,-7.1994519],[107.5994773,-7.1982044],[107.5996245,-7.1969286],[107.6039198,-7.1975301],[107.6053842,-7.1989389],[107.6050966,-7.2016813],[107.6069995,-7.2019287],[107.6073381,-7.2026119],[107.612013,-7.2038743],[107.6131479,-7.2030693],[107.6212806,-7.2019883],[107.6230156,-7.2047825],[107.6264138,-7.2050417],[107.6254003,-7.2094503],[107.6281355,-7.2068355],[107.6287585,-7.2042456],[107.6300487,-7.2051391],[107.6382226,-7.2042947],[107.6350529,-7.1912975],[107.6433054,-7.1872073],[107.6495156,-7.1800427],[107.6494147,-7.1786902],[107.6469704,-7.1740476],[107.645207,-7.167452],[107.6403059,-7.1624314],[107.6364966,-7.1518324],[107.633293,-7.147311],[107.6286474,-7.1505817],[107.6245383,-7.1593805],[107.6209754,-7.1623047],[107.6162359,-7.1635605],[107.6165192,-7.1651459],[107.6095092,-7.1741333],[107.602591,-7.1777012],[107.6007971,-7.1764767],[107.6005143,-7.1781714],[107.596444,-7.179263],[107.5956758,-7.1805061],[107.5922686,-7.1805698],[107.5910683,-7.1820423],[107.5895499,-7.1824746],[107.5891035,-7.1836595],[107.5871538,-7.1836864],[107.5833749,-7.1817242],[107.5822588,-7.1819286],[107.5823703,-7.1871174],[107.581031,-7.189101],[107.5814668,-7.1901203]]]}},{"type":"Feature","properties":{"kecamatan":"Pangalengan","desa":"Margamulya"},"geometry":{"type":"Polygon","coordinates":[[[107.633293,-7.147311],[107.6299698,-7.1467467],[107.6285441,-7.1472264],[107.6273178,-7.1462908],[107.6216423,-7.1482618],[107.6191098,-7.1473317],[107.616354,-7.1476216],[107.6095799,-7.1497697],[107.6075554,-7.1481714],[107.60248,-7.148802],[107.6004989,-7.1476246],[107.5950327,-7.1464372],[107.5858092,-7.1476703],[107.5784451,-7.1453711],[107.5782963,-7.1471259],[107.5796783,-7.1500002],[107.5785603,-7.1521101],[107.576217,-7.1527725],[107.5762917,-7.1520791],[107.5721387,-7.1484308],[107.5683802,-7.1528117],[107.5689466,-7.1549041],[107.5678942,-7.1537188],[107.565609,-7.1543106],[107.5632801,-7.1536154],[107.5629395,-7.1543021],[107.5641341,-7.1547672],[107.5641941,-7.1557467],[107.5617463,-7.1541457],[107.5588311,-7.1552801],[107.5547758,-7.1544711],[107.5550158,-7.1552847],[107.553833,-7.1564504],[107.5551775,-7.1574817],[107.5548072,-7.1590963],[107.5558356,-7.1590791],[107.5557028,-7.1599865],[107.5568247,-7.1602729],[107.556039,-7.1625842],[107.5573584,-7.16516],[107.5594648,-7.1666062],[107.5588622,-7.1683406],[107.5618624,-7.1707546],[107.5644501,-7.1708664],[107.5644283,-7.1719177],[107.56585,-7.1730257],[107.5677991,-7.1724017],[107.5704329,-7.1738098],[107.5735431,-7.1736777],[107.5754727,-7.1755333],[107.5806436,-7.1761762],[107.5816354,-7.1752494],[107.5810595,-7.1741268],[107.581935,-7.1740208],[107.5829964,-7.172396],[107.5948746,-7.1734716],[107.5954361,-7.1726876],[107.59595,-7.1731326],[107.5983762,-7.172232],[107.601062,-7.1701767],[107.6036365,-7.1654356],[107.6107191,-7.1636239],[107.6162359,-7.1635605],[107.6209754,-7.1623047],[107.6245383,-7.1593805],[107.6286474,-7.1505817],[107.633293,-7.147311]]]}},{"type":"Feature","properties":{"kecamatan":"Pangalengan","desa":"Pangalengan"},"geometry":{"type":"Polygon","coordinates":[[[107.6165192,-7.1651459],[107.6162359,-7.1635605],[107.612801,-7.1633697],[107.6036365,-7.1654356],[107.6021373,-7.1689371],[107.5983762,-7.172232],[107.59595,-7.1731326],[107.5954361,-7.1726876],[107.5943237,-7.1735935],[107.5831122,-7.1723703],[107.5810595,-7.1741268],[107.5813634,-7.1757427],[107.5783925,-7.1762792],[107.5749034,-7.1752742],[107.5735431,-7.1736777],[107.5704329,-7.1738098],[107.5677991,-7.1724017],[107.56585,-7.1730257],[107.5644283,-7.1719177],[107.5644501,-7.1708664],[107.5618624,-7.1707546],[107.5588622,-7.1683406],[107.5594648,-7.1666062],[107.5573584,-7.16516],[107.5570125,-7.1636352],[107.5560283,-7.1641311],[107.5562031,-7.1662869],[107.557263,-7.167467],[107.5571484,-7.1700978],[107.5593248,-7.1714247],[107.5591465,-7.172076],[107.5630821,-7.1756305],[107.5643101,-7.1797879],[107.5671057,-7.1820052],[107.5696255,-7.185785],[107.5712602,-7.1860384],[107.5716564,-7.1873625],[107.5731233,-7.1869021],[107.5757146,-7.1891507],[107.5778275,-7.1879158],[107.5800726,-7.1879586],[107.581031,-7.189101],[107.5816413,-7.1885453],[107.5823703,-7.1871174],[107.5822588,-7.1819286],[107.5833749,-7.1817242],[107.5871538,-7.1836864],[107.5891035,-7.1836595],[107.5895499,-7.1824746],[107.5910683,-7.1820423],[107.5922686,-7.1805698],[107.5956758,-7.1805061],[107.596444,-7.179263],[107.6005143,-7.1781714],[107.6007971,-7.1764767],[107.602591,-7.1777012],[107.6095092,-7.1741333],[107.6165192,-7.1651459]]]}},{"type":"Feature","properties":{"kecamatan":"Pangalengan","desa":"Pulosari"},"geometry":{"type":"Polygon","coordinates":[[[107.5544332,-7.2068588],[107.5562963,-7.205563],[107.5562086,-7.2063124],[107.5580886,-7.2060357],[107.5590908,-7.2044061],[107.568305,-7.1978777],[107.56846,-7.1935023],[107.5695448,-7.191794],[107.5673117,-7.1909481],[107.5665671,-7.1867631],[107.5642639,-7.1843658],[107.5652937,-7.1805481],[107.5641885,-7.1796221],[107.5639197,-7.1767658],[107.5631927,-7.1769114],[107.5631943,-7.1758249],[107.561275,-7.1733888],[107.5571484,-7.1700978],[107.557263,-7.167467],[107.5562031,-7.1662869],[107.5560283,-7.1641311],[107.5568247,-7.1602729],[107.5557028,-7.1599865],[107.5558356,-7.1590791],[107.5548072,-7.1590963],[107.5551775,-7.1574817],[107.553833,-7.1564504],[107.5550158,-7.1552847],[107.5547694,-7.1542313],[107.5559071,-7.1534789],[107.5552606,-7.1517179],[107.5561475,-7.1510674],[107.5566909,-7.1484443],[107.5536439,-7.1480978],[107.5516265,-7.1469278],[107.5490343,-7.148305],[107.5481204,-7.1501321],[107.5390851,-7.154982],[107.5346733,-7.1545998],[107.5268929,-7.1572298],[107.5241303,-7.1563794],[107.519385,-7.1584819],[107.5113726,-7.1672954],[107.5130251,-7.1702917],[107.5203722,-7.1715273],[107.523443,-7.1761512],[107.5233749,-7.178382],[107.5246342,-7.178903],[107.5251167,-7.1802547],[107.5280823,-7.1810724],[107.5288659,-7.1786922],[107.5289802,-7.179277],[107.5311334,-7.1793531],[107.5335324,-7.1816085],[107.5347798,-7.1813568],[107.5362943,-7.1829973],[107.5407147,-7.1836615],[107.5426714,-7.1849055],[107.5446051,-7.1847685],[107.5452839,-7.1835328],[107.5475536,-7.1845761],[107.5484865,-7.2000442],[107.5529112,-7.2059664],[107.5544332,-7.2068588]]]}},{"type":"Feature","properties":{"kecamatan":"Pangalengan","desa":"Sukaluyu"},"geometry":{"type":"Polygon","coordinates":[[[107.4959952,-7.2541218],[107.4979086,-7.2533041],[107.5007398,-7.2501163],[107.5039806,-7.2497022],[107.507734,-7.251539],[107.5074707,-7.2541936],[107.509216,-7.253448],[107.5100647,-7.2515655],[107.5128397,-7.2514525],[107.5156432,-7.2533025],[107.5187137,-7.2541254],[107.5204105,-7.2569464],[107.5249711,-7.2558691],[107.528308,-7.2498077],[107.5301475,-7.2502544],[107.5326176,-7.249633],[107.5339314,-7.247992],[107.5408198,-7.2503165],[107.5431064,-7.2553511],[107.5462538,-7.2574861],[107.545569,-7.2542945],[107.5499183,-7.2469621],[107.5491339,-7.2458606],[107.5458901,-7.2459864],[107.5439892,-7.2443293],[107.543525,-7.2426701],[107.5446372,-7.2411778],[107.5443561,-7.2400892],[107.5419004,-7.2380855],[107.5420519,-7.2360644],[107.5405437,-7.2361086],[107.5408152,-7.2351587],[107.5397987,-7.234654],[107.5409952,-7.2338989],[107.5412182,-7.2282569],[107.5405072,-7.2278592],[107.5414548,-7.2241119],[107.5413481,-7.2225038],[107.5401679,-7.2221976],[107.5399884,-7.2206649],[107.5394304,-7.2209285],[107.5405838,-7.219497],[107.5420015,-7.2209337],[107.5427409,-7.2206221],[107.5436616,-7.2169992],[107.5432411,-7.2150146],[107.544614,-7.2141831],[107.543073,-7.2136299],[107.5446594,-7.2117392],[107.5442037,-7.2099912],[107.542623,-7.2094962],[107.537813,-7.2113902],[107.5343191,-7.2099864],[107.5272065,-7.2095361],[107.5251664,-7.2077799],[107.5197963,-7.2106942],[107.5104323,-7.210478],[107.5068143,-7.2115767],[107.5043632,-7.2138857],[107.5065669,-7.2205628],[107.5057282,-7.2213173],[107.5045976,-7.2275061],[107.5053417,-7.2290477],[107.5044387,-7.2320368],[107.5019133,-7.2353869],[107.497737,-7.2367259],[107.492669,-7.24312],[107.4919186,-7.2460011],[107.4909905,-7.2500158],[107.4941274,-7.2519268],[107.4959952,-7.2541218]]]}},{"type":"Feature","properties":{"kecamatan":"Pangalengan","desa":"Sukamanah"},"geometry":{"type":"Polygon","coordinates":[[[107.639183,-7.208162],[107.6382226,-7.2042947],[107.6300487,-7.2051391],[107.6287585,-7.2042456],[107.6281355,-7.2068355],[107.6253485,-7.2094449],[107.6264138,-7.2050417],[107.6230156,-7.2047825],[107.6212806,-7.2019883],[107.6131479,-7.2030693],[107.612013,-7.2038743],[107.6073381,-7.2026119],[107.6069995,-7.2019287],[107.6050966,-7.2016813],[107.6053842,-7.1989389],[107.6039198,-7.1975301],[107.5996245,-7.1969286],[107.5994773,-7.1982044],[107.5976401,-7.1994519],[107.5963697,-7.1979728],[107.5945533,-7.1981086],[107.5919698,-7.1945734],[107.5902988,-7.1950152],[107.5864057,-7.1939189],[107.5847732,-7.191732],[107.5814668,-7.1901203],[107.581031,-7.189101],[107.5805813,-7.1924905],[107.5823348,-7.1926525],[107.583918,-7.1957387],[107.5829482,-7.1957119],[107.5827253,-7.1975567],[107.5805186,-7.1966294],[107.5778569,-7.1971501],[107.5768694,-7.1982341],[107.5776139,-7.1990619],[107.5772976,-7.2002832],[107.5786614,-7.2004978],[107.5802816,-7.2021313],[107.5821564,-7.2022822],[107.5818122,-7.2041649],[107.5843779,-7.2062264],[107.5842809,-7.2113819],[107.5860877,-7.2114],[107.5884444,-7.2093438],[107.5925593,-7.2087847],[107.5926055,-7.2079401],[107.600768,-7.2081569],[107.6007662,-7.2075],[107.6041854,-7.20757],[107.6044162,-7.2059831],[107.6075853,-7.2061291],[107.6093742,-7.2067691],[107.6105995,-7.2087595],[107.6132517,-7.2106972],[107.6161452,-7.2088528],[107.6189685,-7.2090599],[107.631756,-7.2132295],[107.6360074,-7.2137987],[107.639183,-7.208162]]]}},{"type":"Feature","properties":{"kecamatan":"Pangalengan","desa":"Tribaktimulya"},"geometry":{"type":"Polygon","coordinates":[[[107.5793374,-7.1513949],[107.5796783,-7.1500002],[107.5782963,-7.1471259],[107.5784451,-7.1453711],[107.5737109,-7.1420194],[107.5728278,-7.1398979],[107.5674125,-7.1384336],[107.5662229,-7.1368229],[107.565087,-7.136725],[107.5635721,-7.1340676],[107.5602048,-7.1307609],[107.559145,-7.1300042],[107.5583642,-7.1306596],[107.5566789,-7.1289472],[107.5556766,-7.1295171],[107.5542829,-7.1285516],[107.5550765,-7.1300751],[107.5531689,-7.1321927],[107.5528706,-7.1350484],[107.5528211,-7.1371681],[107.5540029,-7.1402296],[107.5535234,-7.1413848],[107.5548936,-7.1424125],[107.555822,-7.1449252],[107.5574447,-7.1452772],[107.5578615,-7.1474867],[107.5563367,-7.1489287],[107.5561475,-7.1510674],[107.5551821,-7.1522444],[107.5559071,-7.1534789],[107.5547758,-7.1544711],[107.5588311,-7.1552801],[107.5617463,-7.1541457],[107.5641941,-7.1557467],[107.5641341,-7.1547672],[107.5629395,-7.1543021],[107.5632801,-7.1536154],[107.565609,-7.1543106],[107.5678942,-7.1537188],[107.5689466,-7.1549041],[107.5683802,-7.1528117],[107.5721387,-7.1484308],[107.5762917,-7.1520791],[107.576217,-7.1527725],[107.5793374,-7.1513949]]]}},{"type":"Feature","properties":{"kecamatan":"Pangalengan","desa":"Wanasuka"},"geometry":{"type":"Polygon","coordinates":[[[107.6076304,-7.30927],[107.6120868,-7.3097643],[107.6156471,-7.3088529],[107.6180277,-7.3072646],[107.6206003,-7.3069376],[107.622473,-7.304029],[107.6239886,-7.3032959],[107.6244787,-7.3018424],[107.6261405,-7.3014642],[107.6275856,-7.2990601],[107.6272503,-7.2942152],[107.6249918,-7.291471],[107.624221,-7.2889707],[107.6242807,-7.275728],[107.621797,-7.270418],[107.6222499,-7.2497464],[107.630573,-7.2514],[107.6340878,-7.2502465],[107.6340282,-7.2400862],[107.6302416,-7.2249434],[107.63403,-7.219909],[107.6345284,-7.2181043],[107.628315,-7.2193275],[107.6237939,-7.2224904],[107.6226257,-7.2225163],[107.6168637,-7.2290446],[107.616109,-7.2314647],[107.6170746,-7.2358285],[107.6097124,-7.2418215],[107.6065973,-7.2431969],[107.6067839,-7.2442574],[107.6055988,-7.2448966],[107.6023191,-7.2414421],[107.6015649,-7.2423459],[107.5968485,-7.2410112],[107.5947483,-7.2415293],[107.5938,-7.2394034],[107.5922322,-7.2383583],[107.5903599,-7.2394698],[107.58811,-7.239065],[107.5874514,-7.2428964],[107.5850991,-7.2454378],[107.5810501,-7.2534213],[107.5836415,-7.256007],[107.5824522,-7.2585711],[107.5834825,-7.2617342],[107.5816898,-7.2644323],[107.5817364,-7.2691735],[107.580402,-7.2703412],[107.5790606,-7.2733923],[107.5821552,-7.2767009],[107.584602,-7.2777198],[107.5853416,-7.2789084],[107.5872092,-7.2790999],[107.5884075,-7.2807375],[107.590928,-7.2816823],[107.5925903,-7.2805774],[107.596602,-7.283276],[107.5992276,-7.2829523],[107.6016726,-7.2863806],[107.6021327,-7.2902991],[107.603667,-7.2932003],[107.6038199,-7.2963828],[107.6019633,-7.2983257],[107.6016492,-7.3000341],[107.6039647,-7.3032222],[107.6048179,-7.3078281],[107.6076304,-7.30927]]]}},{"type":"Feature","properties":{"kecamatan":"Pangalengan","desa":"Warnasari"},"geometry":{"type":"Polygon","coordinates":[[[107.5442037,-7.2099912],[107.5464235,-7.2056219],[107.5474414,-7.2015193],[107.5486487,-7.2002843],[107.5483502,-7.1907293],[107.5473163,-7.1873703],[107.547936,-7.1871985],[107.5476615,-7.1846941],[107.5454371,-7.1835243],[107.5446051,-7.1847685],[107.5426714,-7.1849055],[107.5407147,-7.1836615],[107.5362943,-7.1829973],[107.5347798,-7.1813568],[107.5335324,-7.1816085],[107.5311334,-7.1793531],[107.5289802,-7.179277],[107.5288659,-7.1786922],[107.5280823,-7.1810724],[107.5251167,-7.1802547],[107.5246342,-7.178903],[107.5233749,-7.178382],[107.523443,-7.1761512],[107.5203722,-7.1715273],[107.5140859,-7.1707641],[107.5118838,-7.1691023],[107.5113726,-7.1672954],[107.5142902,-7.1643775],[107.5128352,-7.1627041],[107.5092044,-7.1650781],[107.506255,-7.164066],[107.50269,-7.165868],[107.4888313,-7.1773143],[107.4857659,-7.1780028],[107.4843731,-7.1797289],[107.4827196,-7.1847961],[107.4829751,-7.1877598],[107.4841836,-7.1898575],[107.494033,-7.1958776],[107.4964439,-7.1989252],[107.4976193,-7.2037011],[107.5043632,-7.2138857],[107.5084039,-7.2108411],[107.5197963,-7.2106942],[107.5251664,-7.2077799],[107.5272065,-7.2095361],[107.5343191,-7.2099864],[107.537813,-7.2113902],[107.542623,-7.2094962],[107.5442037,-7.2099912]]]}},{"type":"Feature","properties":{"kecamatan":"Paseh","desa":"Cigentur"},"geometry":{"type":"Polygon","coordinates":[[[107.8000294,-7.0375693],[107.8001563,-7.0351293],[107.8018751,-7.0344842],[107.7998124,-7.0273703],[107.7988071,-7.0176145],[107.7965286,-7.0172397],[107.796208,-7.0124317],[107.7954765,-7.0125068],[107.795278,-7.0105397],[107.7940461,-7.0094337],[107.7935209,-7.0057341],[107.7918926,-7.0049397],[107.7869681,-7.0059293],[107.7867664,-7.0089242],[107.7892495,-7.0095879],[107.788239,-7.0106757],[107.7904524,-7.0116845],[107.7893717,-7.0135549],[107.7905844,-7.0141682],[107.7922774,-7.024581],[107.7936267,-7.0247116],[107.796062,-7.0279674],[107.7968638,-7.0327248],[107.7987242,-7.03428],[107.8000294,-7.0375693]]]}},{"type":"Feature","properties":{"kecamatan":"Paseh","desa":"Cijagra"},"geometry":{"type":"Polygon","coordinates":[[[107.8026052,-7.0555152],[107.8006509,-7.0535427],[107.7992065,-7.0537052],[107.7987821,-7.0512633],[107.7977519,-7.0509892],[107.7973755,-7.0497716],[107.7952892,-7.0500202],[107.7958267,-7.0483764],[107.7949322,-7.0468637],[107.7939192,-7.0460301],[107.792378,-7.0463979],[107.7914119,-7.0430891],[107.7882848,-7.0392761],[107.7879908,-7.0377335],[107.7891522,-7.0370763],[107.7885464,-7.035012],[107.7875013,-7.033897],[107.7846638,-7.0335816],[107.7850341,-7.0274522],[107.7839754,-7.0268727],[107.7833377,-7.0230563],[107.7785201,-7.0239351],[107.7784554,-7.0231107],[107.7765868,-7.0232503],[107.7773519,-7.0267863],[107.780392,-7.0263229],[107.7816085,-7.0372946],[107.7835719,-7.0380815],[107.7847669,-7.0409397],[107.7879037,-7.0435222],[107.7877934,-7.0468057],[107.7896927,-7.0482789],[107.7898794,-7.051094],[107.7915065,-7.0526621],[107.7930483,-7.052782],[107.7947273,-7.0553944],[107.8026052,-7.0555152]]]}},{"type":"Feature","properties":{"kecamatan":"Paseh","desa":"Cipaku"},"geometry":{"type":"Polygon","coordinates":[[[107.7913153,-7.0708255],[107.7916749,-7.0676304],[107.7933738,-7.0669092],[107.794677,-7.0643989],[107.7899238,-7.0577195],[107.7893803,-7.0557361],[107.7820389,-7.0548609],[107.7776615,-7.0514723],[107.7776478,-7.0479674],[107.7764199,-7.0475026],[107.7745694,-7.048252],[107.7719035,-7.0468333],[107.7698638,-7.0476028],[107.7706483,-7.0483711],[107.7696872,-7.0505801],[107.7706835,-7.0503082],[107.7735907,-7.0532378],[107.7748083,-7.0559624],[107.774702,-7.0576076],[107.7771303,-7.0601501],[107.7776141,-7.0634296],[107.7793721,-7.0659638],[107.78354,-7.0652599],[107.7866091,-7.0689777],[107.7882633,-7.0684775],[107.7885443,-7.0704048],[107.7899503,-7.0711837],[107.7913153,-7.0708255]]]}},{"type":"Feature","properties":{"kecamatan":"Paseh","desa":"Cipedes"},"geometry":{"type":"Polygon","coordinates":[[[107.8045714,-7.0546888],[107.8012654,-7.0390553],[107.7987242,-7.03428],[107.7968638,-7.0327248],[107.796062,-7.0279674],[107.7936267,-7.0247116],[107.7922774,-7.024581],[107.7905844,-7.0141682],[107.7893717,-7.0135549],[107.7904524,-7.0116845],[107.788239,-7.0106757],[107.7892495,-7.0095879],[107.7867664,-7.0089242],[107.7869681,-7.0059293],[107.7783196,-7.0078765],[107.7793076,-7.0100247],[107.7808649,-7.0098013],[107.7825028,-7.0128345],[107.7870981,-7.0152363],[107.7877513,-7.0196527],[107.7889088,-7.0211519],[107.7905973,-7.026802],[107.7902985,-7.0286972],[107.7925975,-7.0312424],[107.7923752,-7.0333406],[107.7947412,-7.0362901],[107.7958434,-7.040099],[107.7953415,-7.0417128],[107.7939554,-7.0414192],[107.7923216,-7.0441473],[107.791444,-7.0439889],[107.7922634,-7.0462492],[107.7939192,-7.0460301],[107.7949322,-7.0468637],[107.7958267,-7.0483764],[107.7952892,-7.0500202],[107.797583,-7.0499527],[107.7977519,-7.0509892],[107.7987821,-7.0512633],[107.7992065,-7.0537052],[107.8006509,-7.0535427],[107.8030189,-7.0548853],[107.8035673,-7.0536572],[107.8045714,-7.0546888]]]}},{"type":"Feature","properties":{"kecamatan":"Paseh","desa":"Drawati"},"geometry":{"type":"Polygon","coordinates":[[[107.8099498,-7.1039037],[107.8101774,-7.1003166],[107.8112966,-7.0977507],[107.8176499,-7.0977179],[107.81968,-7.0956478],[107.8267785,-7.0943401],[107.827205,-7.0918771],[107.8303402,-7.0922102],[107.8309589,-7.0908539],[107.8338428,-7.0899296],[107.8369279,-7.0851526],[107.836757,-7.0820212],[107.8353168,-7.079898],[107.835625,-7.078277],[107.8352061,-7.0775247],[107.8287131,-7.0775069],[107.8278126,-7.0763068],[107.8298499,-7.0762382],[107.8275446,-7.0760587],[107.8222463,-7.0717855],[107.8166961,-7.0710224],[107.8120995,-7.0692228],[107.8102067,-7.0689863],[107.8093642,-7.0696999],[107.8070785,-7.0654095],[107.807247,-7.0626677],[107.8061361,-7.0581523],[107.8050448,-7.0578679],[107.8056886,-7.0564545],[107.8043932,-7.0539426],[107.8031329,-7.0537701],[107.8030724,-7.0548682],[107.8023015,-7.0546573],[107.8026052,-7.0555152],[107.7984119,-7.0556667],[107.7932328,-7.0553713],[107.7907156,-7.05429],[107.7910064,-7.0547302],[107.7893803,-7.0557361],[107.7899238,-7.0577195],[107.794677,-7.0643989],[107.7933738,-7.0669092],[107.7916749,-7.0676304],[107.7912077,-7.0706537],[107.7922755,-7.077792],[107.7957925,-7.0806273],[107.7982284,-7.0852602],[107.7996407,-7.0856811],[107.8014295,-7.0925086],[107.8036831,-7.0935832],[107.8048893,-7.0967291],[107.808084,-7.0992859],[107.8099498,-7.1039037]]]}},{"type":"Feature","properties":{"kecamatan":"Paseh","desa":"Karangtunggal"},"geometry":{"type":"Polygon","coordinates":[[[107.822742,-7.07201],[107.8242665,-7.0656465],[107.8214438,-7.0630537],[107.8207504,-7.0607737],[107.8190211,-7.0597203],[107.8190392,-7.058758],[107.81692,-7.0575397],[107.8132701,-7.0572277],[107.8124421,-7.0579366],[107.8112797,-7.0559425],[107.8096614,-7.0557952],[107.8104294,-7.0543645],[107.8092752,-7.052453],[107.8072398,-7.0525361],[107.8051228,-7.0486357],[107.8064016,-7.0465394],[107.805165,-7.0453193],[107.8054581,-7.0428471],[107.8042976,-7.0422546],[107.8037901,-7.0389457],[107.8016673,-7.0373737],[107.8010977,-7.0350881],[107.8001563,-7.0351293],[107.8001265,-7.0375191],[107.8012654,-7.0390553],[107.802352,-7.0450168],[107.8033808,-7.0468034],[107.8035096,-7.0480823],[107.8028983,-7.0480772],[107.8041917,-7.0508554],[107.804655,-7.055497],[107.8056886,-7.0564545],[107.8050448,-7.0578679],[107.8061361,-7.0581523],[107.807247,-7.0626677],[107.8070785,-7.0654095],[107.8093642,-7.0696999],[107.8102067,-7.0689863],[107.8120995,-7.0692228],[107.8166961,-7.0710224],[107.8183525,-7.0707572],[107.8195705,-7.0717299],[107.822742,-7.07201]]]}},{"type":"Feature","properties":{"kecamatan":"Paseh","desa":"Loa"},"geometry":{"type":"Polygon","coordinates":[[[107.8096742,-7.1391934],[107.8114916,-7.1366311],[107.8107739,-7.1325801],[107.8119136,-7.1282297],[107.8102259,-7.1234561],[107.8104223,-7.1206718],[107.8078625,-7.1167962],[107.8082407,-7.1138785],[107.8105824,-7.1109494],[107.8109585,-7.1090616],[107.8094084,-7.1013772],[107.8060777,-7.0971196],[107.8048893,-7.0967291],[107.8038154,-7.093728],[107.8014295,-7.0925086],[107.7996407,-7.0856811],[107.7982284,-7.0852602],[107.7957925,-7.0806273],[107.7923964,-7.0780955],[107.7914438,-7.0745307],[107.7916124,-7.0711728],[107.7885443,-7.0704048],[107.7882633,-7.0684775],[107.7866091,-7.0689777],[107.78354,-7.0652599],[107.7793721,-7.0659638],[107.7799319,-7.0692801],[107.7793011,-7.069376],[107.7795069,-7.0713758],[107.7783174,-7.0720919],[107.7802284,-7.0739317],[107.7812172,-7.0732026],[107.7820189,-7.0743302],[107.7828925,-7.0739473],[107.7828524,-7.0760322],[107.7838701,-7.0757344],[107.7847805,-7.0793711],[107.7862761,-7.0803935],[107.786257,-7.0819824],[107.787138,-7.082617],[107.7868131,-7.0840811],[107.7833557,-7.0815263],[107.7798235,-7.0842173],[107.7801332,-7.0865126],[107.7856066,-7.0901991],[107.7836752,-7.0912876],[107.783535,-7.0930614],[107.7857128,-7.0954073],[107.7887762,-7.0958061],[107.7879742,-7.0992208],[107.789358,-7.099674],[107.7913595,-7.1021125],[107.792959,-7.1065331],[107.795897,-7.108348],[107.7971775,-7.111939],[107.7976508,-7.1190653],[107.7989313,-7.1239646],[107.8047215,-7.1359624],[107.8096742,-7.1391934]]]}},{"type":"Feature","properties":{"kecamatan":"Paseh","desa":"Mekarpawitan"},"geometry":{"type":"Polygon","coordinates":[[[107.7945929,-7.0553376],[107.7930483,-7.052782],[107.7915065,-7.0526621],[107.7897683,-7.0509154],[107.7898453,-7.048596],[107.7877934,-7.0468057],[107.7879037,-7.0435222],[107.7847669,-7.0409397],[107.7835719,-7.0380815],[107.7816304,-7.0373434],[107.7809347,-7.0292678],[107.7786446,-7.0301189],[107.7795627,-7.0310246],[107.7791124,-7.0406928],[107.7825516,-7.0449822],[107.7823062,-7.0456324],[107.7788781,-7.0453086],[107.7781889,-7.0460268],[107.7783116,-7.0472019],[107.7773168,-7.0473142],[107.7781419,-7.0484763],[107.7776615,-7.0514723],[107.7821223,-7.054891],[107.7893282,-7.0557609],[107.7912494,-7.0542076],[107.7945929,-7.0553376]]]}},{"type":"Feature","properties":{"kecamatan":"Paseh","desa":"Sindangsari"},"geometry":{"type":"Polygon","coordinates":[[[107.7735669,-7.0865009],[107.7755016,-7.0850509],[107.7797526,-7.0841343],[107.7833738,-7.0815191],[107.7867397,-7.0840549],[107.7871216,-7.0834304],[107.7862761,-7.0803935],[107.7847805,-7.0793711],[107.7846291,-7.0770113],[107.7837831,-7.0756058],[107.7828524,-7.0760322],[107.7828925,-7.0739473],[107.7820189,-7.0743302],[107.7812172,-7.0732026],[107.7802284,-7.0739317],[107.7783174,-7.0720919],[107.7795069,-7.0713758],[107.7793011,-7.069376],[107.7799319,-7.0692801],[107.7793721,-7.0659638],[107.7776141,-7.0634296],[107.7771996,-7.0603398],[107.7757719,-7.05819],[107.7749299,-7.0594178],[107.7747133,-7.0623637],[107.7719619,-7.0622833],[107.7686403,-7.0609961],[107.7676642,-7.0619172],[107.770155,-7.0655],[107.7719444,-7.0657905],[107.7718057,-7.0699761],[107.7711354,-7.070238],[107.7722178,-7.0770996],[107.771688,-7.0801088],[107.7750529,-7.0808865],[107.7746054,-7.0821451],[107.7732251,-7.0828037],[107.7739977,-7.0853424],[107.7735669,-7.0865009]]]}},{"type":"Feature","properties":{"kecamatan":"Paseh","desa":"Sukamanah"},"geometry":{"type":"Polygon","coordinates":[[[107.7763232,-7.0479547],[107.7757685,-7.0453752],[107.7752489,-7.0451912],[107.7747423,-7.04696],[107.7742268,-7.0455857],[107.7716499,-7.0449552],[107.7719689,-7.0414591],[107.7729974,-7.040577],[107.7677518,-7.0393942],[107.7672361,-7.0453862],[107.7645044,-7.0476726],[107.7683277,-7.0482081],[107.7719035,-7.0468333],[107.7745694,-7.048252],[107.7763232,-7.0479547]]]}},{"type":"Feature","properties":{"kecamatan":"Paseh","desa":"Sukamantri"},"geometry":{"type":"Polygon","coordinates":[[[107.7747133,-7.0623637],[107.775645,-7.0582937],[107.774702,-7.0576076],[107.7748083,-7.0559624],[107.7735907,-7.0532378],[107.7706835,-7.0503082],[107.7696872,-7.0505801],[107.7706483,-7.0483711],[107.7656826,-7.0479426],[107.766145,-7.0510716],[107.7654793,-7.0541131],[107.7638545,-7.0549778],[107.7633388,-7.0594009],[107.7719619,-7.0622833],[107.7747133,-7.0623637]]]}},{"type":"Feature","properties":{"kecamatan":"Paseh","desa":"Tangsimekar"},"geometry":{"type":"Polygon","coordinates":[[[107.7923216,-7.0441473],[107.7939554,-7.0414192],[107.7953415,-7.0417128],[107.7958434,-7.040099],[107.7947412,-7.0362901],[107.7923752,-7.0333406],[107.7925975,-7.0312424],[107.7902985,-7.0286972],[107.7905973,-7.026802],[107.7889088,-7.0211519],[107.7877513,-7.0196527],[107.7870981,-7.0152363],[107.7825028,-7.0128345],[107.7808649,-7.0098013],[107.7793076,-7.0100247],[107.7814916,-7.0128575],[107.7809917,-7.0178208],[107.7825415,-7.0229269],[107.7836338,-7.0237574],[107.7839754,-7.0268727],[107.7850341,-7.0274522],[107.7846638,-7.0335816],[107.7875013,-7.033897],[107.7885175,-7.0349691],[107.7891522,-7.0370763],[107.7880403,-7.0376137],[107.7881974,-7.0390686],[107.791444,-7.0439889],[107.7923216,-7.0441473]]]}},{"type":"Feature","properties":{"kecamatan":"Pasirjambu","desa":"Cibodas"},"geometry":{"type":"Polygon","coordinates":[[[107.5171391,-7.1137984],[107.5188398,-7.109518],[107.5188076,-7.1064269],[107.5213229,-7.1029905],[107.523389,-7.096444],[107.5230529,-7.0942406],[107.520075,-7.090108],[107.5149032,-7.0891123],[107.5094463,-7.0910345],[107.5052456,-7.0890871],[107.5020664,-7.0897262],[107.5008516,-7.0883408],[107.4989046,-7.0902067],[107.4980887,-7.0898868],[107.4977244,-7.0882635],[107.4947792,-7.088092],[107.4859043,-7.0900642],[107.4846242,-7.0854968],[107.4836722,-7.0851712],[107.4835656,-7.0877827],[107.4842984,-7.0885105],[107.4825964,-7.0891688],[107.4819787,-7.0904885],[107.4830127,-7.0904758],[107.4827509,-7.0925432],[107.4835877,-7.0932561],[107.4826299,-7.0960948],[107.4834761,-7.0972058],[107.4824875,-7.0983266],[107.4846729,-7.1007539],[107.4847407,-7.102694],[107.4856373,-7.1038262],[107.4864577,-7.1034703],[107.4867366,-7.1045951],[107.4878609,-7.1046644],[107.4878038,-7.1060743],[107.4894851,-7.1075466],[107.4887083,-7.1086734],[107.4898203,-7.1084511],[107.4901551,-7.1101709],[107.4920075,-7.1100892],[107.4935808,-7.1124098],[107.4948348,-7.1114609],[107.4957735,-7.1132827],[107.4976089,-7.1127228],[107.4983442,-7.1149953],[107.5000102,-7.1149767],[107.4999845,-7.1164116],[107.5018439,-7.1163071],[107.5038912,-7.1173361],[107.5059671,-7.1169731],[107.5066808,-7.1176627],[107.5073082,-7.1161184],[107.5086344,-7.1166995],[107.5108486,-7.1137442],[107.5132752,-7.1157762],[107.5143855,-7.1132027],[107.5171391,-7.1137984]]]}},{"type":"Feature","properties":{"kecamatan":"Pasirjambu","desa":"Cikoneng"},"geometry":{"type":"Polygon","coordinates":[[[107.4683544,-7.076386],[107.4695987,-7.0770271],[107.4702971,-7.0765586],[107.4704492,-7.0775262],[107.4712541,-7.0763056],[107.4721221,-7.0774124],[107.4732594,-7.0774625],[107.4726802,-7.0783814],[107.4738416,-7.0786873],[107.4736945,-7.0793863],[107.4750631,-7.0797102],[107.4760534,-7.0789051],[107.476837,-7.0797546],[107.4784727,-7.0791009],[107.4793238,-7.0799099],[107.4798269,-7.078262],[107.4809004,-7.0779704],[107.4834309,-7.0784524],[107.4832966,-7.0802136],[107.4854113,-7.0795628],[107.4865264,-7.0736667],[107.4890143,-7.0710363],[107.4896657,-7.0683371],[107.4909724,-7.0670121],[107.4895776,-7.0658024],[107.4901862,-7.0641158],[107.4936049,-7.0626882],[107.4928921,-7.0614484],[107.4956912,-7.0615911],[107.4951848,-7.0604847],[107.4963483,-7.0594939],[107.4962235,-7.0561392],[107.4973799,-7.056209],[107.4976936,-7.0547081],[107.4990958,-7.0548139],[107.4974412,-7.0529103],[107.4983829,-7.0509631],[107.4968837,-7.0504413],[107.4977003,-7.049216],[107.496713,-7.047675],[107.4947798,-7.0490596],[107.4898854,-7.0504963],[107.4835427,-7.0552299],[107.48029,-7.0563744],[107.4807505,-7.059838],[107.4789952,-7.063141],[107.4757567,-7.0645521],[107.4763662,-7.0680899],[107.4739365,-7.0700761],[107.4728658,-7.0698773],[107.4698411,-7.0736154],[107.4697944,-7.074925],[107.4680797,-7.0758649],[107.4683544,-7.076386]]]}},{"type":"Feature","properties":{"kecamatan":"Pasirjambu","desa":"Cisondari"},"geometry":{"type":"Polygon","coordinates":[[[107.4859705,-7.1509287],[107.4878475,-7.1485193],[107.4923088,-7.1458274],[107.4924076,-7.1419758],[107.4944838,-7.1401422],[107.4936206,-7.1374118],[107.49651,-7.1358517],[107.4990709,-7.1357585],[107.501132,-7.1346052],[107.5015812,-7.1331719],[107.5037172,-7.1326456],[107.5061326,-7.1255802],[107.5045018,-7.1241479],[107.5047532,-7.1232484],[107.502888,-7.1226635],[107.5032846,-7.1203344],[107.5008995,-7.1185136],[107.5017019,-7.1182775],[107.5008573,-7.1164995],[107.4999845,-7.1164116],[107.5000102,-7.1149767],[107.4983442,-7.1149953],[107.4976089,-7.1127228],[107.4957735,-7.1132827],[107.4948348,-7.1114609],[107.4935808,-7.1124098],[107.4920075,-7.1100892],[107.4901551,-7.1101709],[107.4898203,-7.1084511],[107.4887083,-7.1086734],[107.4894851,-7.1075466],[107.4878038,-7.1060743],[107.4878609,-7.1046644],[107.4867366,-7.1045951],[107.4864577,-7.1034703],[107.4856373,-7.1038262],[107.4847407,-7.102694],[107.4846729,-7.1007539],[107.4828377,-7.0993613],[107.4825012,-7.0982045],[107.4834761,-7.0972058],[107.4826361,-7.0959226],[107.4835877,-7.0932561],[107.4827509,-7.0925432],[107.4830127,-7.0904758],[107.4819787,-7.0904885],[107.4825964,-7.0891688],[107.4843084,-7.0883634],[107.4835656,-7.0877827],[107.4841233,-7.0859851],[107.4831189,-7.0852572],[107.4832457,-7.0830191],[107.4800153,-7.0899945],[107.4771042,-7.0921244],[107.4784656,-7.0930975],[107.4771395,-7.0943595],[107.4786879,-7.0963603],[107.4790931,-7.0987231],[107.4800478,-7.0988308],[107.4808815,-7.101728],[107.4804115,-7.1040728],[107.4791911,-7.1049757],[107.479088,-7.1070385],[107.4762718,-7.1120727],[107.4760551,-7.1201254],[107.4750325,-7.1247947],[107.4760786,-7.1256832],[107.4754783,-7.1276956],[107.4771421,-7.1286944],[107.4765085,-7.1294546],[107.4767605,-7.1344532],[107.4754974,-7.1350086],[107.4755263,-7.1382398],[107.474199,-7.1420946],[107.4753066,-7.1444962],[107.4736007,-7.146407],[107.478249,-7.1456384],[107.481647,-7.1490542],[107.4859705,-7.1509287]]]}},{"type":"Feature","properties":{"kecamatan":"Pasirjambu","desa":"Cukanggenteng"},"geometry":{"type":"Polygon","coordinates":[[[107.5145177,-7.0895918],[107.5147728,-7.088532],[107.5108648,-7.0833942],[107.5072187,-7.0820885],[107.506693,-7.0803415],[107.503081,-7.0782535],[107.5024417,-7.0765561],[107.5014472,-7.0770284],[107.4998312,-7.0755299],[107.4977961,-7.0755867],[107.4975227,-7.074216],[107.4962299,-7.0729731],[107.4955302,-7.0731898],[107.495587,-7.0713148],[107.4965815,-7.070317],[107.4963044,-7.0689321],[107.492941,-7.0668015],[107.4922946,-7.0645893],[107.4915878,-7.0643691],[107.4920636,-7.0628653],[107.4905813,-7.0637024],[107.4895776,-7.0658024],[107.4909724,-7.0670121],[107.4857738,-7.0756076],[107.4863231,-7.0770573],[107.4854891,-7.0794304],[107.4842097,-7.0797912],[107.483907,-7.0807879],[107.4841142,-7.0817128],[107.4849354,-7.0817431],[107.4847953,-7.0832886],[107.4830829,-7.0839087],[107.4831189,-7.0852572],[107.4845038,-7.0853588],[107.4851916,-7.0867908],[107.4848232,-7.087858],[107.4854951,-7.088124],[107.4856724,-7.089863],[107.4947792,-7.088092],[107.4977244,-7.0882635],[107.4980887,-7.0898868],[107.4989046,-7.0902067],[107.5008516,-7.0883408],[107.5020664,-7.0897262],[107.5052456,-7.0890871],[107.5094463,-7.0910345],[107.5131605,-7.0894482],[107.5145177,-7.0895918]]]}},{"type":"Feature","properties":{"kecamatan":"Pasirjambu","desa":"Margamulya"},"geometry":{"type":"Polygon","coordinates":[[[107.4532887,-7.1401935],[107.4616214,-7.1373436],[107.4621038,-7.1362275],[107.4608703,-7.1316108],[107.4617114,-7.1297263],[107.4618899,-7.1238943],[107.4587562,-7.1194149],[107.463182,-7.1161241],[107.4642599,-7.1128797],[107.4635996,-7.1124728],[107.4654341,-7.1118911],[107.4677791,-7.1076045],[107.4681845,-7.1062827],[107.4665472,-7.1037048],[107.461999,-7.1047445],[107.460517,-7.104403],[107.4583549,-7.1053576],[107.4561775,-7.1081328],[107.4551394,-7.1077996],[107.4537594,-7.1097657],[107.4515108,-7.1108424],[107.4499165,-7.1133735],[107.4508851,-7.1143329],[107.4501246,-7.1170354],[107.4516849,-7.1191765],[107.4512321,-7.1225426],[107.4520539,-7.1248755],[107.450396,-7.131868],[107.4495717,-7.1327509],[107.4511421,-7.1376937],[107.4532887,-7.1401935]]]}},{"type":"Feature","properties":{"kecamatan":"Pasirjambu","desa":"Mekarmaju"},"geometry":{"type":"Polygon","coordinates":[[[107.4720551,-7.0929567],[107.4740086,-7.0897247],[107.4746466,-7.0860758],[107.4757776,-7.0858131],[107.4746013,-7.0848043],[107.4687395,-7.0847196],[107.466798,-7.0842062],[107.4658495,-7.082734],[107.4623506,-7.0819866],[107.4628006,-7.0831609],[107.4615832,-7.0833],[107.46061,-7.0847769],[107.4567409,-7.0861189],[107.456616,-7.087154],[107.4608506,-7.0873744],[107.4607227,-7.0886325],[107.4623229,-7.0890251],[107.4632248,-7.0883196],[107.4649254,-7.0890221],[107.4665881,-7.0891441],[107.4666327,-7.0884689],[107.4694523,-7.0890281],[107.4695743,-7.0917199],[107.4703417,-7.0912261],[107.4704963,-7.0929631],[107.4720551,-7.0929567]]]}},{"type":"Feature","properties":{"kecamatan":"Pasirjambu","desa":"Mekarsari"},"geometry":{"type":"Polygon","coordinates":[[[107.4772475,-7.1758713],[107.4831437,-7.1762503],[107.4851331,-7.1785387],[107.4888313,-7.1773143],[107.50269,-7.165868],[107.506255,-7.164066],[107.5092044,-7.1650781],[107.5128352,-7.1627041],[107.5142902,-7.1643775],[107.5170748,-7.1603269],[107.519385,-7.1584819],[107.5211082,-7.1553816],[107.5207745,-7.1504098],[107.5222513,-7.1473028],[107.5234585,-7.1404289],[107.525961,-7.1357859],[107.5268473,-7.1315249],[107.5245519,-7.1294766],[107.5235254,-7.1266932],[107.5205874,-7.1252401],[107.517897,-7.1249449],[107.5171099,-7.1238933],[107.5171391,-7.1137984],[107.5143855,-7.1132027],[107.5132752,-7.1157762],[107.5108486,-7.1137442],[107.5086344,-7.1166995],[107.5073082,-7.1161184],[107.5066808,-7.1176627],[107.5059671,-7.1169731],[107.5038912,-7.1173361],[107.5008573,-7.1164995],[107.5017019,-7.1182775],[107.5008995,-7.1185136],[107.5032846,-7.1203344],[107.502888,-7.1226635],[107.5040551,-7.1226419],[107.5038002,-7.1232443],[107.5047532,-7.1232484],[107.5045018,-7.1241479],[107.5060982,-7.1254326],[107.5044076,-7.1311354],[107.5037172,-7.1326456],[107.5015812,-7.1331719],[107.501132,-7.1346052],[107.4936206,-7.1374118],[107.4944838,-7.1401422],[107.4924076,-7.1419758],[107.4923088,-7.1458274],[107.4878475,-7.1485193],[107.4859705,-7.1509287],[107.481647,-7.1490542],[107.478249,-7.1456384],[107.4736007,-7.146407],[107.4744867,-7.1508317],[107.473448,-7.1522402],[107.4752678,-7.1527679],[107.4754806,-7.1544572],[107.4742796,-7.1547484],[107.4748346,-7.1563998],[107.4730421,-7.1585517],[107.4725612,-7.1621292],[107.4706271,-7.166076],[107.4737609,-7.1684866],[107.4742258,-7.1731971],[107.4772475,-7.1758713]]]}},{"type":"Feature","properties":{"kecamatan":"Pasirjambu","desa":"Pasirjambu"},"geometry":{"type":"Polygon","coordinates":[[[107.4795672,-7.1030413],[107.4808828,-7.1017028],[107.4800478,-7.0988308],[107.4790931,-7.0987231],[107.4786879,-7.0963603],[107.4771395,-7.0943595],[107.4784656,-7.0930975],[107.4771042,-7.0921244],[107.4800153,-7.0899945],[107.4828091,-7.0833859],[107.4844304,-7.0837616],[107.4849647,-7.0818481],[107.4841142,-7.0817128],[107.4842097,-7.0797912],[107.4832966,-7.0802136],[107.4834309,-7.0784524],[107.4809004,-7.0779704],[107.4798269,-7.078262],[107.4793673,-7.0798918],[107.4784727,-7.0791009],[107.4794331,-7.0803689],[107.4781575,-7.0809792],[107.4784692,-7.0823792],[107.4758692,-7.0840264],[107.4763384,-7.0847451],[107.4757391,-7.0858806],[107.4746182,-7.0861334],[107.4727514,-7.0920747],[107.4701122,-7.0944694],[107.4704589,-7.0956732],[107.4718601,-7.09657],[107.471069,-7.0974404],[107.4712305,-7.0988856],[107.4726439,-7.0978705],[107.4743,-7.0986129],[107.4736718,-7.1002167],[107.4752328,-7.1009281],[107.4753335,-7.1019847],[107.47766,-7.1014975],[107.4795672,-7.1030413]]]}},{"type":"Feature","properties":{"kecamatan":"Pasirjambu","desa":"Sugihmukti"},"geometry":{"type":"Polygon","coordinates":[[[107.3833196,-7.2512337],[107.3844794,-7.251231],[107.3848557,-7.2500696],[107.3868177,-7.2505069],[107.3904528,-7.2455985],[107.3952761,-7.2448972],[107.3991026,-7.2483249],[107.4033446,-7.2468903],[107.4065273,-7.2471682],[107.4105689,-7.2501552],[107.4124904,-7.2502915],[107.4152689,-7.2519508],[107.4167775,-7.2517257],[107.4192127,-7.2550289],[107.4205313,-7.2555537],[107.42052,-7.2569462],[107.4213688,-7.2571318],[107.426604,-7.2553328],[107.4277433,-7.2537464],[107.4379781,-7.2519418],[107.437943,-7.250579],[107.4408741,-7.245629],[107.4404879,-7.2440888],[107.4420658,-7.2425586],[107.4445642,-7.2428808],[107.4490656,-7.2457768],[107.4524085,-7.2468979],[107.456251,-7.2504612],[107.465459,-7.2496151],[107.467134,-7.2487554],[107.4656648,-7.2357061],[107.4573474,-7.229138],[107.4579515,-7.2259758],[107.4574362,-7.2172404],[107.4551604,-7.2041784],[107.4560383,-7.1960037],[107.4541815,-7.1935701],[107.4539792,-7.1918081],[107.4555969,-7.1854185],[107.4596885,-7.1799781],[107.4610233,-7.1773249],[107.4610993,-7.1748543],[107.457871,-7.1736197],[107.4589711,-7.1685719],[107.458938,-7.164252],[107.4550913,-7.1480617],[107.4545886,-7.1422364],[107.4511421,-7.1376937],[107.4497512,-7.133813],[107.4520539,-7.1248755],[107.4512321,-7.1225426],[107.4516849,-7.1191765],[107.4501246,-7.1170354],[107.4508851,-7.1143329],[107.4499165,-7.1133735],[107.4477192,-7.114241],[107.4476593,-7.1149821],[107.4469011,-7.1147146],[107.4430064,-7.117928],[107.4427484,-7.1191051],[107.4418197,-7.1186739],[107.4377974,-7.1225237],[107.4383973,-7.1252789],[107.4373093,-7.1262481],[107.4377407,-7.1274124],[107.4369724,-7.1299548],[107.4357637,-7.1290216],[107.4333632,-7.130528],[107.432679,-7.1331706],[107.4313124,-7.1333256],[107.4302669,-7.1350055],[107.4308735,-7.137376],[107.4274598,-7.1401164],[107.4277112,-7.1414627],[107.4286086,-7.1425825],[107.4291201,-7.142202],[107.4296844,-7.143647],[107.4307894,-7.1434379],[107.4310154,-7.1443083],[107.4320477,-7.1443806],[107.4319869,-7.1457798],[107.4329198,-7.1467697],[107.4321229,-7.1479822],[107.428875,-7.147046],[107.426199,-7.148719],[107.423636,-7.151322],[107.421487,-7.155964],[107.418145,-7.159682],[107.411801,-7.158749],[107.401394,-7.159897],[107.3997102,-7.1613414],[107.391983,-7.1823306],[107.3911096,-7.1955355],[107.3842378,-7.2001742],[107.3825833,-7.2024901],[107.3820758,-7.2087371],[107.3848227,-7.2131076],[107.3843359,-7.2252912],[107.3817207,-7.2309386],[107.3783036,-7.2346984],[107.3782553,-7.2364549],[107.3764359,-7.2391813],[107.37847,-7.2395758],[107.3793394,-7.2405473],[107.3813011,-7.2461341],[107.3812891,-7.2496238],[107.3833196,-7.2512337]]]}},{"type":"Feature","properties":{"kecamatan":"Pasirjambu","desa":"Tenjolaya"},"geometry":{"type":"Polygon","coordinates":[[[107.4932215,-7.258655],[107.4959952,-7.2541218],[107.4941274,-7.2519268],[107.4909905,-7.2500158],[107.492669,-7.24312],[107.497737,-7.2367259],[107.5007066,-7.2360974],[107.5034064,-7.2338024],[107.5051482,-7.2300894],[107.5045976,-7.2275061],[107.5065171,-7.2198745],[107.5043632,-7.2138857],[107.4976193,-7.2037011],[107.4964439,-7.1989252],[107.494033,-7.1958776],[107.4841836,-7.1898575],[107.4829751,-7.1877598],[107.4827196,-7.1847961],[107.4851331,-7.1785387],[107.4831437,-7.1762503],[107.4772475,-7.1758713],[107.4742258,-7.1731971],[107.4737609,-7.1684866],[107.4706271,-7.166076],[107.4725612,-7.1621292],[107.4730421,-7.1585517],[107.4748346,-7.1563998],[107.4742796,-7.1547484],[107.4754806,-7.1544572],[107.4752678,-7.1527679],[107.473448,-7.1522402],[107.4744867,-7.1508317],[107.4736007,-7.146407],[107.4753066,-7.1444962],[107.474199,-7.1420946],[107.4755263,-7.1382398],[107.4754974,-7.1350086],[107.4767605,-7.1344532],[107.4765085,-7.1294546],[107.4771421,-7.1286944],[107.4754783,-7.1276956],[107.4760786,-7.1256832],[107.4750325,-7.1247947],[107.47516,-7.1228469],[107.4760551,-7.1201254],[107.4762718,-7.1120727],[107.480661,-7.1025988],[107.4806702,-7.1017855],[107.4795672,-7.1030413],[107.47766,-7.1014975],[107.4753335,-7.1019847],[107.4752328,-7.1009281],[107.4736718,-7.1002167],[107.4743,-7.0986129],[107.4726439,-7.0978705],[107.4688113,-7.1024214],[107.4665817,-7.1037189],[107.4681845,-7.1062827],[107.4658053,-7.1114449],[107.4635996,-7.1124728],[107.4642599,-7.1128797],[107.463182,-7.1161241],[107.4587847,-7.1192115],[107.4618899,-7.1238943],[107.4617114,-7.1297263],[107.4608703,-7.131474],[107.4621707,-7.1352119],[107.4616214,-7.1373436],[107.4532887,-7.1401935],[107.4545886,-7.1422364],[107.4550913,-7.1480617],[107.458938,-7.164252],[107.4589711,-7.1685719],[107.457871,-7.1736197],[107.4610993,-7.1748543],[107.4610233,-7.1773249],[107.4596885,-7.1799781],[107.4555969,-7.1854185],[107.4539792,-7.1918081],[107.4541815,-7.1935701],[107.4560383,-7.1960037],[107.4551604,-7.2041784],[107.4574362,-7.2172404],[107.4579515,-7.2259758],[107.4573474,-7.229138],[107.4656648,-7.2357061],[107.467134,-7.2487554],[107.4689526,-7.2491551],[107.4711314,-7.2518069],[107.4760283,-7.2548674],[107.4809637,-7.2514534],[107.4835588,-7.2522008],[107.4879222,-7.2559586],[107.4932215,-7.258655]]]}},{"type":"Feature","properties":{"kecamatan":"Rancabali","desa":"Alamendah"},"geometry":{"type":"Polygon","coordinates":[[[107.3997102,-7.1613414],[107.401394,-7.159897],[107.411801,-7.158749],[107.418145,-7.159682],[107.421487,-7.155964],[107.423636,-7.151322],[107.426199,-7.148719],[107.428875,-7.147046],[107.4321229,-7.1479822],[107.4326872,-7.1473129],[107.432032,-7.1443544],[107.4310154,-7.1443083],[107.4307894,-7.1434379],[107.4296844,-7.143647],[107.4291201,-7.142202],[107.4286086,-7.1425825],[107.4277112,-7.1414627],[107.4274598,-7.1401164],[107.4308735,-7.137376],[107.4302669,-7.1350055],[107.4313124,-7.1333256],[107.432679,-7.1331706],[107.4333632,-7.130528],[107.4357637,-7.1290216],[107.4369895,-7.1299239],[107.4377407,-7.1274124],[107.4373093,-7.1262481],[107.4383973,-7.1252789],[107.4377523,-7.1226017],[107.4390403,-7.1208333],[107.4379204,-7.1189195],[107.4380598,-7.1164543],[107.4366345,-7.1173839],[107.4358306,-7.1168652],[107.4365645,-7.1156774],[107.435964,-7.1145614],[107.4350196,-7.1158105],[107.4323204,-7.1127397],[107.4315647,-7.113442],[107.4307332,-7.1124096],[107.4301152,-7.1132969],[107.4286892,-7.1111709],[107.4261808,-7.1100456],[107.424361,-7.1127135],[107.4237519,-7.116662],[107.4225055,-7.1177315],[107.4231369,-7.1187861],[107.4213812,-7.1211472],[107.4213166,-7.1228695],[107.4163549,-7.1248985],[107.4154435,-7.1244211],[107.4107893,-7.1268226],[107.4061691,-7.1263311],[107.3947441,-7.1271561],[107.3930964,-7.1301235],[107.3934662,-7.1314053],[107.3961189,-7.1335945],[107.3963377,-7.1365326],[107.3960072,-7.1373563],[107.3929587,-7.1374898],[107.3915306,-7.1401644],[107.3957057,-7.1410481],[107.3951808,-7.1413945],[107.3960216,-7.1428726],[107.3961438,-7.1464791],[107.3980781,-7.1519405],[107.3978768,-7.1555859],[107.3997102,-7.1613414]]]}},{"type":"Feature","properties":{"kecamatan":"Rancabali","desa":"Cipelah"},"geometry":{"type":"Polygon","coordinates":[[[107.251448,-7.2013082],[107.2546779,-7.2003126],[107.2568619,-7.20137],[107.2608463,-7.2007282],[107.2652599,-7.2022079],[107.266793,-7.2042501],[107.2678933,-7.2035405],[107.269959,-7.2049939],[107.2702389,-7.2043739],[107.2723115,-7.2050837],[107.2755612,-7.2048804],[107.2782996,-7.2074252],[107.2821601,-7.2063402],[107.2866343,-7.2095797],[107.286509,-7.213238],[107.2871837,-7.2139099],[107.2915245,-7.213228],[107.2954642,-7.2089786],[107.2983157,-7.2074883],[107.2987603,-7.2035646],[107.2994713,-7.2028546],[107.3064123,-7.2040613],[107.3055184,-7.1941639],[107.3060418,-7.1936672],[107.3086329,-7.1919778],[107.3114978,-7.192468],[107.3187727,-7.1905316],[107.3175916,-7.1877454],[107.3170402,-7.1811199],[107.3187146,-7.1781554],[107.3170117,-7.1773238],[107.315705,-7.1742407],[107.3168074,-7.1729557],[107.3168354,-7.1708603],[107.3178115,-7.1703325],[107.3156179,-7.164751],[107.3229812,-7.1559261],[107.3262632,-7.1552942],[107.321995,-7.151395],[107.3055929,-7.1473612],[107.3054084,-7.1497862],[107.3043073,-7.1503694],[107.3047943,-7.1514068],[107.3026717,-7.153381],[107.3034417,-7.1550714],[107.3031598,-7.1575717],[107.3022594,-7.1582586],[107.3037066,-7.1610489],[107.304913,-7.161789],[107.3046446,-7.1635414],[107.3032673,-7.1658989],[107.3020754,-7.1663407],[107.3012827,-7.1685764],[107.2985518,-7.165505],[107.2968409,-7.1654188],[107.2938745,-7.1699991],[107.2917185,-7.1703124],[107.2898152,-7.1723542],[107.2829015,-7.1744084],[107.2802597,-7.1771084],[107.2774444,-7.1783322],[107.2758651,-7.180628],[107.2746907,-7.1798298],[107.2753574,-7.1773318],[107.274775,-7.1786002],[107.2733065,-7.1792672],[107.2741385,-7.1774282],[107.2730992,-7.1776955],[107.2735147,-7.1772877],[107.2722654,-7.1752884],[107.27329,-7.1708274],[107.2722335,-7.1692902],[107.2644563,-7.1788418],[107.2635167,-7.1781785],[107.262041,-7.1794522],[107.2623676,-7.18142],[107.2615727,-7.1825431],[107.2622495,-7.1833112],[107.2594246,-7.1838269],[107.2577667,-7.1866984],[107.2582267,-7.187962],[107.2568016,-7.1886194],[107.2572818,-7.1907682],[107.2535788,-7.1932254],[107.254342,-7.195069],[107.2531901,-7.1957435],[107.2527646,-7.1978133],[107.2510378,-7.199768],[107.251448,-7.2013082]]]}},{"type":"Feature","properties":{"kecamatan":"Rancabali","desa":"Indragiri"},"geometry":{"type":"Polygon","coordinates":[[[107.3055929,-7.1473612],[107.321995,-7.151395],[107.3244957,-7.1531076],[107.3270523,-7.1562822],[107.3285365,-7.1562173],[107.3303859,-7.1582639],[107.3367556,-7.1617862],[107.3464293,-7.1615315],[107.3475659,-7.1579798],[107.3475967,-7.148617],[107.3469858,-7.147838],[107.3432783,-7.1469888],[107.3427823,-7.1463415],[107.3434437,-7.1457222],[107.3413984,-7.1440889],[107.3425777,-7.1428637],[107.3458733,-7.1417876],[107.3441218,-7.1377157],[107.3510548,-7.1341847],[107.358013,-7.1350394],[107.359955,-7.1336522],[107.3630236,-7.1331282],[107.3663303,-7.1285378],[107.3637326,-7.1266967],[107.3642931,-7.1241157],[107.3661131,-7.121772],[107.3676843,-7.1217666],[107.3699335,-7.1181857],[107.3722999,-7.1166389],[107.372289,-7.1125652],[107.370903,-7.1099101],[107.3698047,-7.1010779],[107.3667673,-7.0984725],[107.3655598,-7.095762],[107.3636357,-7.0959216],[107.3636583,-7.09331],[107.3589819,-7.0902561],[107.3586694,-7.0933944],[107.356851,-7.0967858],[107.3547057,-7.0982392],[107.3504921,-7.0978205],[107.3483165,-7.0992683],[107.3473389,-7.0984147],[107.3447827,-7.0986536],[107.3388092,-7.0969202],[107.3375892,-7.0973556],[107.337141,-7.0958079],[107.3336569,-7.098505],[107.3305933,-7.098224],[107.3265605,-7.105867],[107.3207388,-7.1071843],[107.3196111,-7.106505],[107.320284,-7.1087372],[107.3198706,-7.1121865],[107.3165661,-7.1132771],[107.3144857,-7.1152971],[107.3125259,-7.1211737],[107.3102848,-7.1243089],[107.3101859,-7.124945],[107.3117991,-7.1259608],[107.3135692,-7.1263064],[107.3136107,-7.1271609],[107.3105446,-7.1299743],[107.3108572,-7.1334621],[107.3097179,-7.134485],[107.309979,-7.1363684],[107.3084225,-7.1385772],[107.3092354,-7.139936],[107.3088478,-7.1439065],[107.3069133,-7.1451737],[107.3055929,-7.1473612]]]}},{"type":"Feature","properties":{"kecamatan":"Rancabali","desa":"Patengan"},"geometry":{"type":"Polygon","coordinates":[[[107.3630342,-7.1820481],[107.3714552,-7.1777731],[107.3752583,-7.1742315],[107.3825763,-7.1751245],[107.3849826,-7.1744295],[107.3914961,-7.1755205],[107.3950308,-7.1745878],[107.3997102,-7.1613414],[107.3978768,-7.1555859],[107.3980781,-7.1519405],[107.3961438,-7.1464791],[107.3960216,-7.1428726],[107.3951808,-7.1413945],[107.3957057,-7.1410481],[107.3915306,-7.1401644],[107.3929587,-7.1374898],[107.3960687,-7.1373282],[107.3965064,-7.1358286],[107.3961189,-7.1335945],[107.3934662,-7.1314053],[107.3930964,-7.1301235],[107.3945883,-7.1264034],[107.3935833,-7.1244422],[107.3897624,-7.1237925],[107.3871637,-7.1217501],[107.3874296,-7.11718],[107.385572,-7.1118891],[107.3934087,-7.1041498],[107.3923604,-7.0991649],[107.389453,-7.099312],[107.3857557,-7.0975171],[107.3848964,-7.0958407],[107.3810672,-7.0929379],[107.376194,-7.092213],[107.376985,-7.093086],[107.376481,-7.095176],[107.377185,-7.096989],[107.37291,-7.100012],[107.3705901,-7.1034498],[107.370903,-7.1099101],[107.372289,-7.1125652],[107.3722999,-7.1166389],[107.3699335,-7.1181857],[107.3676843,-7.1217666],[107.3661131,-7.121772],[107.3642931,-7.1241157],[107.3636541,-7.1264501],[107.3663303,-7.1285378],[107.3656045,-7.1302417],[107.3630236,-7.1331282],[107.359955,-7.1336522],[107.3585623,-7.1349553],[107.351733,-7.134053],[107.3454754,-7.1367937],[107.3440209,-7.1379147],[107.3458733,-7.1417876],[107.3425777,-7.1428637],[107.3413984,-7.1440889],[107.3434437,-7.1457222],[107.3427823,-7.1463415],[107.3432783,-7.1469888],[107.3469858,-7.147838],[107.3475967,-7.148617],[107.3475659,-7.1579798],[107.3464293,-7.1615315],[107.3479323,-7.1652139],[107.3511092,-7.167985],[107.3522117,-7.1716037],[107.3555352,-7.1748965],[107.3557966,-7.1762232],[107.3581017,-7.1753504],[107.3580859,-7.1786443],[107.3609582,-7.1795259],[107.3630342,-7.1820481]]]}},{"type":"Feature","properties":{"kecamatan":"Rancabali","desa":"Sukaresmi"},"geometry":{"type":"Polygon","coordinates":[[[107.3764359,-7.2391813],[107.3782553,-7.2364549],[107.3783036,-7.2346984],[107.3817207,-7.2309386],[107.3843359,-7.2252912],[107.3848227,-7.2131076],[107.3820758,-7.2087371],[107.3825833,-7.2024901],[107.3842378,-7.2001742],[107.3911096,-7.1955355],[107.391983,-7.1823306],[107.3950308,-7.1745878],[107.3914961,-7.1755205],[107.3849826,-7.1744295],[107.3825763,-7.1751245],[107.3752583,-7.1742315],[107.3714552,-7.1777731],[107.3630342,-7.1820481],[107.3609582,-7.1795259],[107.3580859,-7.1786443],[107.3581017,-7.1753504],[107.3556987,-7.1761095],[107.3555352,-7.1748965],[107.3522117,-7.1716037],[107.3511092,-7.167985],[107.3479323,-7.1652139],[107.3464293,-7.1615315],[107.3367556,-7.1617862],[107.3303859,-7.1582639],[107.3285365,-7.1562173],[107.3270523,-7.1562822],[107.3262632,-7.1552942],[107.3229812,-7.1559261],[107.3156179,-7.164751],[107.3178115,-7.1703325],[107.3168354,-7.1708603],[107.3168074,-7.1729557],[107.315705,-7.1742407],[107.3170117,-7.1773238],[107.3187146,-7.1781554],[107.317058,-7.18096],[107.3175916,-7.1877454],[107.3197091,-7.1913156],[107.3217032,-7.1984902],[107.3248107,-7.2000204],[107.3278017,-7.2040519],[107.3322443,-7.2077],[107.333733,-7.2071963],[107.3367463,-7.2035103],[107.3429801,-7.2043746],[107.3464562,-7.2081881],[107.3473999,-7.2107576],[107.3498441,-7.2110753],[107.3519434,-7.2161862],[107.3556674,-7.2175441],[107.3566017,-7.220063],[107.3540371,-7.2213803],[107.3516125,-7.2254279],[107.3510111,-7.23018],[107.3533221,-7.2355134],[107.3556611,-7.235765],[107.3569972,-7.236997],[107.3589618,-7.2364243],[107.3648355,-7.238857],[107.3764359,-7.2391813]]]}},{"type":"Feature","properties":{"kecamatan":"Rancaekek","desa":"Bojongloa"},"geometry":{"type":"Polygon","coordinates":[[[107.7481034,-6.9967864],[107.751895,-6.993768],[107.7543005,-6.9948371],[107.7534564,-6.9929744],[107.75549,-6.9918533],[107.7562289,-6.9924953],[107.7549776,-6.9939808],[107.7566878,-6.9933524],[107.7560894,-6.9948393],[107.7577062,-6.9948554],[107.7568253,-6.9956674],[107.757022,-6.996828],[107.7577722,-6.9972496],[107.757853,-6.9961147],[107.758955,-6.995824],[107.7642292,-6.9834779],[107.7674305,-6.9712313],[107.768166,-6.9702111],[107.7691051,-6.9707494],[107.7717362,-6.9648618],[107.7705748,-6.9642325],[107.7722803,-6.9590937],[107.7690035,-6.9577864],[107.7704243,-6.954882],[107.7658082,-6.9532402],[107.7639797,-6.951543],[107.7639403,-6.9543943],[107.7618008,-6.9535147],[107.761944,-6.9578065],[107.762359,-6.9587167],[107.7630968,-6.9579182],[107.7636148,-6.9589931],[107.7656025,-6.9586517],[107.7624306,-6.9680377],[107.7600503,-6.9787176],[107.7593618,-6.9796457],[107.7562575,-6.9786498],[107.7543765,-6.9827285],[107.751856,-6.9820425],[107.750832,-6.983727],[107.7495795,-6.9834951],[107.7481297,-6.9893755],[107.7481034,-6.9967864]]]}},{"type":"Feature","properties":{"kecamatan":"Rancaekek","desa":"Bojongsalam"},"geometry":{"type":"Polygon","coordinates":[[[107.8251163,-6.9901088],[107.8222599,-6.988936],[107.8221942,-6.9871621],[107.8179268,-6.9871491],[107.817562,-6.986239],[107.8139785,-6.9859238],[107.810737,-6.988074],[107.8092424,-6.9874343],[107.8114489,-6.9812148],[107.8102017,-6.9828364],[107.8049517,-6.9807478],[107.803512,-6.9812089],[107.8028922,-6.9828717],[107.8015898,-6.9828744],[107.8021938,-6.984454],[107.800891,-6.9848209],[107.8026356,-6.9866739],[107.802181,-6.9872057],[107.803199,-6.987498],[107.8019205,-6.9914759],[107.7994999,-6.9932214],[107.7996868,-6.995155],[107.8141403,-6.9931621],[107.8145282,-6.9908882],[107.8171591,-6.9895321],[107.8182485,-6.9899146],[107.8190156,-6.9917888],[107.8241473,-6.9913493],[107.8251163,-6.9901088]]]}},{"type":"Feature","properties":{"kecamatan":"Rancaekek","desa":"Cangkuang"},"geometry":{"type":"Polygon","coordinates":[[[107.7872161,-6.9857588],[107.79482,-6.9865532],[107.7949597,-6.9844538],[107.7998246,-6.9841825],[107.8004151,-6.9810405],[107.8020876,-6.9816308],[107.8043117,-6.9784203],[107.8053976,-6.9720186],[107.8081547,-6.9696978],[107.8078281,-6.9657968],[107.8009599,-6.9647808],[107.7994111,-6.9663468],[107.7991472,-6.9679406],[107.7979354,-6.9678307],[107.7975257,-6.9709481],[107.794895,-6.9708212],[107.7944492,-6.9731867],[107.7910849,-6.972783],[107.790766,-6.9746672],[107.7879257,-6.9771812],[107.7893861,-6.9790556],[107.7894331,-6.980334],[107.7870402,-6.983359],[107.7872161,-6.9857588]]]}},{"type":"Feature","properties":{"kecamatan":"Rancaekek","desa":"Haurpugur"},"geometry":{"type":"Polygon","coordinates":[[[107.7679212,-6.9969005],[107.7690216,-6.9969924],[107.7705272,-6.9992364],[107.7724779,-6.9990527],[107.7740375,-7.0023353],[107.7754968,-7.002469],[107.7762217,-7.0037222],[107.777301,-7.003136],[107.78126,-7.003589],[107.783429,-7.002564],[107.782927,-7.001781],[107.78457,-7.000858],[107.785085,-6.999473],[107.78609,-7.00028],[107.786991,-6.999023],[107.787634,-6.999619],[107.788346,-6.998943],[107.791719,-6.998736],[107.795427,-6.994126],[107.797673,-6.994102],[107.8019205,-6.9914759],[107.8031946,-6.9874472],[107.802181,-6.9872057],[107.8026356,-6.9866739],[107.800891,-6.9848209],[107.8021938,-6.984454],[107.8015898,-6.9828744],[107.8028922,-6.9828717],[107.803512,-6.9812089],[107.8049429,-6.9812365],[107.8049221,-6.9802785],[107.8069236,-6.9803269],[107.8060808,-6.9792968],[107.8065187,-6.9782548],[107.8069754,-6.9785379],[107.8065559,-6.9772553],[107.8072627,-6.9763867],[107.8047115,-6.9764064],[107.8043117,-6.9784203],[107.8020876,-6.9816308],[107.8004151,-6.9810405],[107.7998246,-6.9841825],[107.7949597,-6.9844538],[107.79482,-6.9865532],[107.7872161,-6.9857588],[107.7869749,-6.9890517],[107.7837676,-6.9887393],[107.7821773,-6.993214],[107.7780866,-6.9933529],[107.7759641,-6.9955601],[107.7730353,-6.9961368],[107.7727505,-6.9969774],[107.7717457,-6.9966831],[107.771715,-6.995858],[107.7682538,-6.9951699],[107.7679212,-6.9969005]]]}},{"type":"Feature","properties":{"kecamatan":"Rancaekek","desa":"Jelegong"},"geometry":{"type":"Polygon","coordinates":[[[107.75996,-6.998052],[107.7631143,-6.9960011],[107.7628138,-6.9951624],[107.7681907,-6.9859317],[107.7664305,-6.9847596],[107.7670059,-6.9834615],[107.7696383,-6.9825244],[107.7701183,-6.9813249],[107.7734285,-6.9812992],[107.7734859,-6.9807173],[107.7776833,-6.979705],[107.7785729,-6.9764547],[107.7797705,-6.976615],[107.7793651,-6.9742101],[107.7785426,-6.9738785],[107.7783789,-6.9708527],[107.7800238,-6.9678599],[107.7798704,-6.9626814],[107.7811477,-6.9621471],[107.7812381,-6.9602855],[107.7824945,-6.9604383],[107.7822264,-6.9563573],[107.7812061,-6.9560611],[107.7813603,-6.9551253],[107.7790331,-6.954809],[107.7780505,-6.957321],[107.7736397,-6.9557101],[107.7705748,-6.9642325],[107.7717362,-6.9648618],[107.7691051,-6.9707494],[107.768166,-6.9702111],[107.7674305,-6.9712313],[107.7642292,-6.9834779],[107.7591762,-6.994662],[107.758955,-6.995824],[107.7596672,-6.9960422],[107.759003,-6.996839],[107.75996,-6.998052]]]}},{"type":"Feature","properties":{"kecamatan":"Rancaekek","desa":"Linggar"},"geometry":{"type":"Polygon","coordinates":[[[107.7663121,-6.989715],[107.7670049,-6.9903005],[107.7677675,-6.9888156],[107.7694805,-6.9909043],[107.7718255,-6.9911316],[107.7720271,-6.9898215],[107.7731349,-6.9889992],[107.7758241,-6.9890236],[107.776951,-6.985615],[107.778408,-6.984125],[107.7790728,-6.9810345],[107.782359,-6.9812496],[107.7834232,-6.9750618],[107.7843481,-6.9750457],[107.7834878,-6.9747447],[107.7835673,-6.9734218],[107.7845757,-6.9728743],[107.784765,-6.9706043],[107.7916033,-6.9701279],[107.7974398,-6.9709916],[107.7979354,-6.9678307],[107.7991472,-6.9679406],[107.7994111,-6.9663468],[107.8009599,-6.9647808],[107.7823781,-6.9587687],[107.7824945,-6.9604383],[107.7812381,-6.9602855],[107.7811477,-6.9621471],[107.7798704,-6.9626814],[107.7800238,-6.9678599],[107.7791761,-6.970348],[107.7784522,-6.9702997],[107.778501,-6.9736961],[107.7793651,-6.9742101],[107.7797705,-6.976615],[107.7785729,-6.9764547],[107.7776833,-6.979705],[107.7734859,-6.9807173],[107.7734285,-6.9812992],[107.7701183,-6.9813249],[107.7696383,-6.9825244],[107.7670059,-6.9834615],[107.7664305,-6.9847596],[107.7681907,-6.9859317],[107.7663121,-6.989715]]]}},{"type":"Feature","properties":{"kecamatan":"Rancaekek","desa":"Nanjung Mekar"},"geometry":{"type":"Polygon","coordinates":[[[107.8270912,-6.9692302],[107.8269008,-6.9675884],[107.8259975,-6.9669866],[107.8078281,-6.9657968],[107.8081547,-6.9696978],[107.8053976,-6.9720186],[107.8047115,-6.9764064],[107.8072627,-6.9763867],[107.8065559,-6.9772553],[107.8070905,-6.9785795],[107.8088559,-6.9769666],[107.8097836,-6.9771877],[107.8119091,-6.9742597],[107.8132053,-6.9741477],[107.8125282,-6.9725367],[107.8143916,-6.9722438],[107.8146037,-6.9707419],[107.8170081,-6.9708789],[107.817226,-6.970118],[107.8184461,-6.9705851],[107.8220231,-6.9693512],[107.823949,-6.9704615],[107.8267059,-6.9706498],[107.8270912,-6.9692302]]]}},{"type":"Feature","properties":{"kecamatan":"Rancaekek","desa":"Kel. Rancaekek Kencana"},"geometry":{"type":"Polygon","coordinates":[[[107.755275,-6.9819214],[107.7562575,-6.9786498],[107.7593618,-6.9796457],[107.7600503,-6.9787176],[107.7619232,-6.9702348],[107.760186,-6.9698936],[107.7610856,-6.9667177],[107.7548193,-6.9650876],[107.7535635,-6.9670865],[107.7555786,-6.9670242],[107.7547827,-6.9690976],[107.7576064,-6.9696351],[107.7566025,-6.9728791],[107.7571288,-6.9735582],[107.7563393,-6.9731413],[107.7532973,-6.975161],[107.7523588,-6.9780673],[107.7509077,-6.9793751],[107.7551823,-6.9802809],[107.7546811,-6.981767],[107.755275,-6.9819214]]]}},{"type":"Feature","properties":{"kecamatan":"Rancaekek","desa":"Rancaekek Kulon"},"geometry":{"type":"Polygon","coordinates":[[[107.7319437,-6.9824746],[107.7335366,-6.9827822],[107.7345684,-6.9811366],[107.738947,-6.981868],[107.741184,-6.98312],[107.7456204,-6.9813881],[107.7480151,-6.9713046],[107.7493386,-6.9708986],[107.7490838,-6.9686552],[107.7503851,-6.9630071],[107.754095,-6.9641968],[107.7583799,-6.9571803],[107.7538758,-6.9582701],[107.750697,-6.9577075],[107.7483969,-6.9590297],[107.74868,-6.9607905],[107.7473651,-6.9625431],[107.7429347,-6.9636662],[107.742546,-6.964473],[107.7416717,-6.9639382],[107.7408529,-6.9646366],[107.7369864,-6.9643626],[107.7319437,-6.9824746]]]}},{"type":"Feature","properties":{"kecamatan":"Rancaekek","desa":"Rancaekek Wetan"},"geometry":{"type":"Polygon","coordinates":[[[107.7480344,-6.9828596],[107.750832,-6.983727],[107.751856,-6.9820425],[107.7543765,-6.9827285],[107.7551823,-6.9802809],[107.7509077,-6.9793751],[107.7523588,-6.9780673],[107.7532973,-6.975161],[107.7563393,-6.9731413],[107.7571288,-6.9735582],[107.7566025,-6.9728791],[107.7576064,-6.9696351],[107.7547827,-6.9690976],[107.7555786,-6.9670242],[107.7535635,-6.9670865],[107.7548193,-6.9650876],[107.7610856,-6.9667177],[107.760186,-6.9698936],[107.7619232,-6.9702348],[107.7656025,-6.9586517],[107.7636148,-6.9589931],[107.7630968,-6.9579182],[107.762359,-6.9587167],[107.7616798,-6.9534306],[107.7599071,-6.9527881],[107.7588198,-6.9552471],[107.752881,-6.955236],[107.7511588,-6.9570174],[107.7511056,-6.9578364],[107.7537997,-6.9582685],[107.7583799,-6.9571803],[107.754095,-6.9641968],[107.7503851,-6.9630071],[107.7490838,-6.9686552],[107.7493386,-6.9708986],[107.7480151,-6.9713046],[107.7456204,-6.9813881],[107.7469288,-6.9804164],[107.7480344,-6.9828596]]]}},{"type":"Feature","properties":{"kecamatan":"Rancaekek","desa":"Sangiang"},"geometry":{"type":"Polygon","coordinates":[[[107.777004,-7.006445],[107.7783196,-7.0078765],[107.7918926,-7.0049397],[107.7931298,-7.0057316],[107.797505,-7.005584],[107.7988452,-7.0077477],[107.8002925,-7.0068806],[107.8005518,-7.0051707],[107.8022964,-7.0044298],[107.8030577,-6.9961253],[107.8039122,-6.9961625],[107.8040775,-6.9946551],[107.7996868,-6.995155],[107.7994999,-6.9932214],[107.795427,-6.994126],[107.791719,-6.998736],[107.788346,-6.998943],[107.787634,-6.999619],[107.786991,-6.999023],[107.78609,-7.00028],[107.785085,-6.999473],[107.78457,-7.000858],[107.782927,-7.001781],[107.783429,-7.002564],[107.78126,-7.003589],[107.777206,-7.00316],[107.7766159,-7.0036008],[107.777004,-7.006445]]]}},{"type":"Feature","properties":{"kecamatan":"Rancaekek","desa":"Sukamanah"},"geometry":{"type":"Polygon","coordinates":[[[107.7033413,-6.984268],[107.7070655,-6.9865565],[107.7063521,-6.984463],[107.7088344,-6.9843152],[107.7098442,-6.9861626],[107.7124411,-6.9846669],[107.7133178,-6.9881123],[107.7173178,-6.9906837],[107.718858,-6.9903353],[107.7195476,-6.9917665],[107.7208436,-6.9914144],[107.7205875,-6.9930544],[107.7216388,-6.9932923],[107.7227426,-6.9917435],[107.7237007,-6.9918993],[107.7229585,-6.9926834],[107.7236793,-6.9933422],[107.7229744,-6.9947068],[107.724719,-6.9947745],[107.7244495,-6.9957503],[107.7266423,-6.9964601],[107.727314,-6.9960223],[107.7269185,-6.9940843],[107.7276334,-6.9935597],[107.7284845,-6.9936819],[107.7278487,-6.9949878],[107.7305757,-6.9951947],[107.7318195,-6.9963894],[107.7323331,-6.9957028],[107.7311388,-6.9952113],[107.731076,-6.9941046],[107.7321527,-6.992987],[107.7329147,-6.9950086],[107.7341646,-6.9949767],[107.7346008,-6.9926382],[107.7352249,-6.9937694],[107.7373183,-6.9937621],[107.7379913,-6.9928188],[107.7380166,-6.9938075],[107.7390313,-6.9931839],[107.7388986,-6.9959038],[107.7402947,-6.9960384],[107.7419327,-6.9983125],[107.744751,-6.9999097],[107.7452027,-6.9971688],[107.747785,-6.9963],[107.7481297,-6.9893755],[107.7495795,-6.9834951],[107.7480344,-6.9828596],[107.7469288,-6.9804164],[107.7460925,-6.9814302],[107.741184,-6.98312],[107.738947,-6.981868],[107.7345684,-6.9811366],[107.7335366,-6.9827822],[107.7319437,-6.9824746],[107.7306466,-6.9852797],[107.722964,-6.988299],[107.7206483,-6.9873754],[107.721528,-6.9834231],[107.7153518,-6.9814922],[107.706164,-6.9805481],[107.7051898,-6.9833087],[107.7033609,-6.9828334],[107.7033413,-6.984268]]]}},{"type":"Feature","properties":{"kecamatan":"Rancaekek","desa":"Sukamulya"},"geometry":{"type":"Polygon","coordinates":[[[107.763085,-6.994788],[107.7637563,-6.995458],[107.7641478,-6.9941612],[107.764815,-6.995116],[107.7652078,-6.9939741],[107.7664143,-6.9947217],[107.766198,-6.9930742],[107.7684592,-6.9924054],[107.7682538,-6.9951699],[107.771715,-6.995858],[107.7717457,-6.9966831],[107.7727505,-6.9969774],[107.7730353,-6.9961368],[107.7759641,-6.9955601],[107.7780866,-6.9933529],[107.7821773,-6.993214],[107.7837676,-6.9887393],[107.7869749,-6.9890517],[107.7870402,-6.983359],[107.7894331,-6.980334],[107.7893194,-6.978934],[107.7880766,-6.9779771],[107.7882112,-6.9764685],[107.7890567,-6.9767345],[107.790766,-6.9746672],[107.7910849,-6.972783],[107.7944492,-6.9731867],[107.794895,-6.9708212],[107.7893957,-6.9700786],[107.784765,-6.9706043],[107.7845757,-6.9728743],[107.7835673,-6.9734218],[107.7834878,-6.9747447],[107.7843481,-6.9750457],[107.7834232,-6.9750618],[107.782359,-6.9812496],[107.7790728,-6.9810345],[107.7761101,-6.9887723],[107.77457,-6.989427],[107.7731349,-6.9889992],[107.7720271,-6.9898215],[107.7718255,-6.9911316],[107.7694805,-6.9909043],[107.7677675,-6.9888156],[107.7670049,-6.9903005],[107.7661895,-6.9895033],[107.763085,-6.994788]]]}},{"type":"Feature","properties":{"kecamatan":"Rancaekek","desa":"Tegal Sumedang"},"geometry":{"type":"Polygon","coordinates":[[[107.706282,-6.9805689],[107.7153518,-6.9814922],[107.721528,-6.9834231],[107.7206483,-6.9873754],[107.722964,-6.988299],[107.7306466,-6.9852797],[107.7369864,-6.9643626],[107.7357048,-6.9645738],[107.7314012,-6.9702887],[107.7257483,-6.9702496],[107.7235764,-6.969712],[107.7218787,-6.9681595],[107.7217412,-6.9687127],[107.7192957,-6.9686486],[107.7188102,-6.9724666],[107.7149707,-6.9705479],[107.713071,-6.9714163],[107.7126656,-6.9706057],[107.7123082,-6.9719198],[107.7107414,-6.9725025],[107.7087785,-6.9751995],[107.7101093,-6.9776391],[107.707626,-6.9768074],[107.7078706,-6.978153],[107.7064011,-6.9780226],[107.706282,-6.9805689]]]}},{"type":"Feature","properties":{"kecamatan":"Solokanjeruk","desa":"Bojongemas"},"geometry":{"type":"Polygon","coordinates":[[[107.7376075,-7.012207],[107.7375497,-7.0113668],[107.7369265,-7.0114715],[107.7370106,-7.0093522],[107.7382188,-7.0081853],[107.7376618,-7.0070679],[107.7386376,-7.0051185],[107.737247,-7.0059098],[107.7342063,-7.0050821],[107.7345409,-7.0033619],[107.7379736,-7.0033767],[107.7377501,-7.0006894],[107.7351457,-6.9994468],[107.7352946,-6.9976583],[107.7331377,-6.997766],[107.7341646,-6.9949767],[107.7328781,-6.9949973],[107.7325554,-6.9929136],[107.731076,-6.9941046],[107.7323088,-6.9962969],[107.7305757,-6.9951947],[107.7278487,-6.9949878],[107.7281851,-6.9934402],[107.7269185,-6.9940843],[107.7271514,-6.9962459],[107.7244495,-6.9957503],[107.724719,-6.9947745],[107.7228617,-6.9944217],[107.7237007,-6.9918993],[107.7227426,-6.9917435],[107.7216388,-6.9932923],[107.7205875,-6.9930544],[107.7208436,-6.9914144],[107.7195476,-6.9917665],[107.718858,-6.9903353],[107.7173178,-6.9906837],[107.7132732,-6.9880726],[107.7124411,-6.9846669],[107.7098442,-6.9861626],[107.7088344,-6.9843152],[107.7063521,-6.984463],[107.7070655,-6.9865565],[107.7057005,-6.9852472],[107.7052112,-6.9856433],[107.7062945,-6.9874863],[107.7019199,-6.9884087],[107.7027801,-6.9891036],[107.7042559,-6.98884],[107.7041245,-6.9895149],[107.706193,-6.991213],[107.70633,-6.9923051],[107.7050758,-6.9926692],[107.7064754,-6.9949505],[107.7051554,-6.9963214],[107.7062262,-6.9975745],[107.7102094,-6.997175],[107.7144762,-6.9956511],[107.7155966,-6.996555],[107.7159048,-6.9958109],[107.7168918,-6.9959279],[107.7171001,-6.9973213],[107.7189166,-6.9971145],[107.7188869,-6.9979276],[107.7177195,-6.9983213],[107.7200052,-7.0008447],[107.7197892,-7.0021955],[107.7211195,-7.0024745],[107.718732,-7.0032123],[107.7201965,-7.0053319],[107.7193729,-7.0060977],[107.7198854,-7.0073319],[107.7235029,-7.0063652],[107.7230725,-7.0043754],[107.7246844,-7.0042326],[107.7251672,-7.0077806],[107.7312126,-7.0073968],[107.7307168,-7.0090052],[107.729888,-7.0093004],[107.7296856,-7.011229],[107.7376075,-7.012207]]]}},{"type":"Feature","properties":{"kecamatan":"Solokanjeruk","desa":"Cibodas"},"geometry":{"type":"Polygon","coordinates":[[[107.7658162,-7.0324666],[107.7648217,-7.0296878],[107.7630945,-7.0295219],[107.7634248,-7.0280069],[107.7645327,-7.0282442],[107.7650565,-7.0271339],[107.7645647,-7.023234],[107.7635308,-7.0228313],[107.7633914,-7.0215728],[107.7644599,-7.0194996],[107.7647049,-7.0165959],[107.7666575,-7.0163983],[107.7665361,-7.0148104],[107.7656456,-7.0142117],[107.7675229,-7.0105371],[107.7665751,-7.0083121],[107.7669654,-7.0076443],[107.7657698,-7.0077794],[107.7649793,-7.0068222],[107.7660053,-7.0051044],[107.7673389,-7.0051347],[107.7690333,-7.0006523],[107.7703784,-7.0004763],[107.7703704,-6.9986602],[107.7696104,-6.9986186],[107.7687318,-6.9967596],[107.7678728,-6.9968002],[107.768705,-6.9933646],[107.7681496,-6.9923838],[107.7673493,-6.9932106],[107.766198,-6.9930742],[107.7664143,-6.9947217],[107.7652078,-6.9939741],[107.764815,-6.995116],[107.7641478,-6.9941612],[107.7637563,-6.995458],[107.7629941,-6.994814],[107.7630539,-6.9960712],[107.7613643,-6.9966038],[107.7616311,-6.9973833],[107.7604216,-6.9974198],[107.7597935,-6.9984477],[107.7603255,-7.0002217],[107.7612026,-7.0003566],[107.7613269,-7.001858],[107.759681,-7.0031138],[107.7595002,-7.0065073],[107.7588328,-7.0062217],[107.7587633,-7.0073022],[107.7569528,-7.0079136],[107.7582653,-7.0094983],[107.7575687,-7.0099055],[107.7571273,-7.0144394],[107.758414,-7.0146558],[107.7580917,-7.0213585],[107.7578132,-7.0243775],[107.7556766,-7.0260158],[107.7556492,-7.0267879],[107.7658162,-7.0324666]]]}},{"type":"Feature","properties":{"kecamatan":"Solokanjeruk","desa":"Langensari"},"geometry":{"type":"Polygon","coordinates":[[[107.7556492,-7.0267879],[107.7570748,-7.0243645],[107.7578132,-7.0243775],[107.7580917,-7.0213585],[107.758414,-7.0146558],[107.7571273,-7.0144394],[107.7575687,-7.0099055],[107.7582653,-7.0094983],[107.7569528,-7.0079136],[107.7587633,-7.0073022],[107.7588328,-7.0062217],[107.7595002,-7.0065073],[107.759681,-7.0031138],[107.7613011,-7.0019323],[107.7613463,-7.0009173],[107.7596773,-6.9990561],[107.760074,-6.998073],[107.759001,-6.996811],[107.7596625,-6.9959332],[107.757883,-6.9960916],[107.7576308,-6.9972338],[107.7568198,-6.9957105],[107.7577062,-6.9948554],[107.7559692,-6.9946563],[107.7567441,-6.9933917],[107.7549177,-6.9938956],[107.7562289,-6.9924953],[107.755685,-6.9918469],[107.7534564,-6.9929744],[107.7543005,-6.9948371],[107.751895,-6.993768],[107.747877,-6.9974301],[107.7495361,-6.9974558],[107.7505764,-6.9994877],[107.7498402,-7.0022873],[107.7513798,-7.0020197],[107.7520828,-7.0037025],[107.7510806,-7.008447],[107.7520894,-7.0116259],[107.7530789,-7.0124542],[107.7530331,-7.0145539],[107.7513384,-7.0195789],[107.7513412,-7.0248623],[107.7556492,-7.0267879]]]}},{"type":"Feature","properties":{"kecamatan":"Solokanjeruk","desa":"Padamukti"},"geometry":{"type":"Polygon","coordinates":[[[107.767276,-7.0223264],[107.7681558,-7.0211199],[107.7690089,-7.0212461],[107.7685865,-7.022194],[107.7692504,-7.0225606],[107.7738177,-7.02271],[107.7763864,-7.0218034],[107.7783217,-7.0132496],[107.7773931,-7.0129182],[107.7776449,-7.01219],[107.7793537,-7.012167],[107.7793566,-7.0096601],[107.7776922,-7.0064796],[107.777004,-7.006445],[107.7766159,-7.0036008],[107.7754968,-7.002469],[107.7740375,-7.0023353],[107.7720277,-6.9987742],[107.7705272,-6.9992364],[107.7703784,-7.0004763],[107.7690333,-7.0006523],[107.7673389,-7.0051347],[107.7660053,-7.0051044],[107.764905,-7.007061],[107.7669654,-7.0076443],[107.7665751,-7.0083121],[107.7675229,-7.0105371],[107.7656456,-7.0142117],[107.7665361,-7.0148104],[107.7666575,-7.0163983],[107.7647049,-7.0165959],[107.7643636,-7.0191071],[107.7672561,-7.0198405],[107.767276,-7.0223264]]]}},{"type":"Feature","properties":{"kecamatan":"Solokanjeruk","desa":"Panyadap"},"geometry":{"type":"Polygon","coordinates":[[[107.7657863,-7.0393584],[107.7677518,-7.0393942],[107.7684341,-7.0336508],[107.7746468,-7.0361891],[107.7747331,-7.0310065],[107.7809347,-7.0292678],[107.780392,-7.0263229],[107.7773519,-7.0267863],[107.776562,-7.0235971],[107.7825527,-7.0232884],[107.7825409,-7.0213961],[107.7809917,-7.0178208],[107.7814916,-7.0128575],[107.7796596,-7.0105853],[107.7793029,-7.0123105],[107.7776449,-7.01219],[107.7773931,-7.0129182],[107.7783217,-7.0132496],[107.7763864,-7.0218034],[107.7738177,-7.02271],[107.7692504,-7.0225606],[107.7687257,-7.021181],[107.767276,-7.0223264],[107.7672561,-7.0198405],[107.7644599,-7.0194996],[107.7636061,-7.0207071],[107.763347,-7.0224843],[107.7645647,-7.023234],[107.7650565,-7.0271339],[107.7645327,-7.0282442],[107.7634248,-7.0280069],[107.7630945,-7.0295219],[107.7648217,-7.0296878],[107.7660522,-7.0326999],[107.7654852,-7.0334504],[107.7668038,-7.0345408],[107.7667236,-7.0370706],[107.7650466,-7.037145],[107.7650428,-7.0389855],[107.7657863,-7.0393584]]]}},{"type":"Feature","properties":{"kecamatan":"Solokanjeruk","desa":"Rancakasumba"},"geometry":{"type":"Polygon","coordinates":[[[107.7520576,-7.0324451],[107.7494823,-7.0241942],[107.7427224,-7.0214677],[107.7423248,-7.0163119],[107.7395821,-7.0169391],[107.737546,-7.0121],[107.7296856,-7.011229],[107.729888,-7.0093004],[107.7307168,-7.0090052],[107.7312126,-7.0073968],[107.7251672,-7.0077806],[107.7246844,-7.0042326],[107.7230725,-7.0043754],[107.7235029,-7.0063652],[107.7221227,-7.0066455],[107.7220045,-7.0089592],[107.72094,-7.0092161],[107.7215935,-7.0102509],[107.7208603,-7.010305],[107.7208519,-7.0111345],[107.7216197,-7.0107931],[107.7221401,-7.0116393],[107.7202643,-7.0140733],[107.7215956,-7.0147112],[107.7235297,-7.0129662],[107.7268501,-7.0188513],[107.7266821,-7.0216351],[107.7298331,-7.0240786],[107.7362201,-7.0235766],[107.7394825,-7.0246075],[107.7410409,-7.0259411],[107.7404253,-7.0277205],[107.7426804,-7.0298389],[107.7444755,-7.0289218],[107.7469985,-7.0302066],[107.7478071,-7.0316701],[107.7520576,-7.0324451]]]}},{"type":"Feature","properties":{"kecamatan":"Solokanjeruk","desa":"Solokanjeruk"},"geometry":{"type":"Polygon","coordinates":[[[107.7513412,-7.0248623],[107.7513384,-7.0195789],[107.7517492,-7.0177893],[107.7525626,-7.0173633],[107.7530789,-7.0124542],[107.7512496,-7.0094199],[107.7512148,-7.0057277],[107.7520828,-7.0037025],[107.7513798,-7.0020197],[107.7498402,-7.0022873],[107.7505764,-6.9994877],[107.7495361,-6.9974558],[107.7478796,-6.9974631],[107.7480672,-6.9967423],[107.7468897,-6.9965443],[107.7452027,-6.9971688],[107.744751,-6.9999097],[107.7435077,-6.9995984],[107.740426,-6.996142],[107.7388986,-6.9959038],[107.7390313,-6.9931839],[107.7380166,-6.9938075],[107.7379913,-6.9928188],[107.7373183,-6.9937621],[107.7352249,-6.9937694],[107.7346008,-6.9926382],[107.7329254,-6.9973998],[107.7352946,-6.9976583],[107.7351457,-6.9994468],[107.7377501,-7.0006894],[107.7379736,-7.0033767],[107.7345409,-7.0033619],[107.7342063,-7.0050821],[107.737247,-7.0059098],[107.7386376,-7.0051185],[107.7376618,-7.0070679],[107.7382188,-7.0081853],[107.7370106,-7.0093522],[107.7369009,-7.0106024],[107.7387157,-7.0153263],[107.7399177,-7.0171285],[107.7423248,-7.0163119],[107.7427224,-7.0214677],[107.7513412,-7.0248623]]]}},{"type":"Feature","properties":{"kecamatan":"Soreang","desa":"Cingcin"},"geometry":{"type":"Polygon","coordinates":[[[107.5298252,-7.029664],[107.5357707,-7.0317915],[107.5420572,-7.0322483],[107.5453977,-7.033896],[107.5461411,-7.0327182],[107.5456804,-7.0311842],[107.5476857,-7.0286741],[107.5477309,-7.0269451],[107.5468886,-7.0267933],[107.5474321,-7.0229727],[107.5465468,-7.0223614],[107.5477007,-7.0210252],[107.5473142,-7.0175088],[107.5463911,-7.0171933],[107.534393,-7.022488],[107.5347913,-7.0232146],[107.533768,-7.025846],[107.5311955,-7.0258713],[107.5298835,-7.0275502],[107.5298252,-7.029664]]]}},{"type":"Feature","properties":{"kecamatan":"Soreang","desa":"Karamatmulya"},"geometry":{"type":"Polygon","coordinates":[[[107.5041644,-7.0492875],[107.5080869,-7.0495236],[107.5098049,-7.0478348],[107.5111954,-7.0478993],[107.5141924,-7.046183],[107.5146505,-7.0452915],[107.5141781,-7.0440268],[107.5156932,-7.0424667],[107.5144661,-7.0403859],[107.5167573,-7.0378461],[107.5190145,-7.0286392],[107.5149258,-7.0278565],[107.515202,-7.025484],[107.512357,-7.028295],[107.5131986,-7.0288956],[107.5129522,-7.0300997],[107.5121071,-7.0335412],[107.5108564,-7.0345369],[107.5119699,-7.034337],[107.511613,-7.0361501],[107.508789,-7.0368353],[107.5076013,-7.0362358],[107.504936,-7.0387472],[107.5044493,-7.0381258],[107.5023258,-7.0469865],[107.5041644,-7.0492875]]]}},{"type":"Feature","properties":{"kecamatan":"Soreang","desa":"Pamekaran"},"geometry":{"type":"Polygon","coordinates":[[[107.514911,-7.027041],[107.520928,-7.028225],[107.5239086,-7.0267846],[107.5298532,-7.0294984],[107.5298835,-7.0275502],[107.5311955,-7.0258713],[107.533768,-7.025846],[107.5347605,-7.021422],[107.5365322,-7.0198286],[107.5358318,-7.0191385],[107.5344107,-7.0205644],[107.5333404,-7.0193972],[107.5319793,-7.0194748],[107.5307658,-7.0205313],[107.5294666,-7.0187753],[107.5268402,-7.0181889],[107.5263329,-7.0191322],[107.5250295,-7.0180792],[107.5235985,-7.0184804],[107.523045,-7.0209186],[107.5222364,-7.0204657],[107.5220969,-7.0190892],[107.5213212,-7.0190321],[107.5210655,-7.0211735],[107.518673,-7.0207795],[107.5190961,-7.0236179],[107.515202,-7.025484],[107.514911,-7.027041]]]}},{"type":"Feature","properties":{"kecamatan":"Soreang","desa":"Panyirapan"},"geometry":{"type":"Polygon","coordinates":[[[107.5145556,-7.0454379],[107.5151192,-7.0444693],[107.517053,-7.0443803],[107.5193564,-7.04275],[107.5190004,-7.043238],[107.5222558,-7.0447041],[107.5225747,-7.0463649],[107.5254716,-7.0479802],[107.5309102,-7.0429124],[107.5326953,-7.0436868],[107.5339389,-7.0430489],[107.5342391,-7.042196],[107.5332274,-7.0419209],[107.5341589,-7.0408251],[107.5302693,-7.0370029],[107.5272325,-7.0359624],[107.5246644,-7.0365843],[107.5234112,-7.0354128],[107.5208204,-7.0375092],[107.516712,-7.0376646],[107.5156547,-7.0397661],[107.5144661,-7.0403859],[107.5156932,-7.0424667],[107.5141781,-7.0440268],[107.5145556,-7.0454379]]]}},{"type":"Feature","properties":{"kecamatan":"Soreang","desa":"Parungserab"},"geometry":{"type":"Polygon","coordinates":[[[107.5307658,-7.0205313],[107.5319793,-7.0194748],[107.5330287,-7.0197889],[107.5342213,-7.0175438],[107.5378142,-7.0174487],[107.5385978,-7.0158599],[107.5348319,-7.0137163],[107.5360772,-7.0099355],[107.5369398,-7.0102686],[107.538031,-7.008568],[107.538517,-7.004658],[107.5352206,-7.0067946],[107.5336394,-7.0066652],[107.5342953,-7.0023917],[107.5330461,-7.0021383],[107.5301209,-7.0028487],[107.5297835,-7.0053243],[107.5284441,-7.0056914],[107.527588,-7.0077462],[107.5280297,-7.0098346],[107.5259867,-7.0108068],[107.5258676,-7.0134528],[107.5267339,-7.0151237],[107.5251904,-7.0163131],[107.5260158,-7.0174091],[107.5250295,-7.0180792],[107.5256699,-7.0189381],[107.5263329,-7.0191322],[107.5268402,-7.0181889],[107.5294666,-7.0187753],[107.5307658,-7.0205313]]]}},{"type":"Feature","properties":{"kecamatan":"Soreang","desa":"Sadu"},"geometry":{"type":"Polygon","coordinates":[[[107.497437,-7.045238],[107.4998102,-7.0451714],[107.5007092,-7.0465719],[107.5023258,-7.0469865],[107.5044493,-7.0381258],[107.504936,-7.0387472],[107.5076013,-7.0362358],[107.508789,-7.0368353],[107.511613,-7.0361501],[107.5119699,-7.034337],[107.5108564,-7.0345369],[107.5121071,-7.0335412],[107.5129522,-7.0300997],[107.5131986,-7.0288956],[107.512357,-7.028295],[107.51481,-7.0256144],[107.51802,-7.023776],[107.5145586,-7.0226522],[107.512186,-7.0238438],[107.5119939,-7.0230617],[107.5102665,-7.0224983],[107.5099527,-7.0246807],[107.5087077,-7.0241458],[107.5072796,-7.0249521],[107.5089281,-7.026415],[107.5045604,-7.0291392],[107.5043448,-7.0304519],[107.5055265,-7.0307807],[107.5054154,-7.0315116],[107.503352,-7.0325438],[107.5020038,-7.0319676],[107.5012795,-7.0339239],[107.4990659,-7.0331731],[107.498532,-7.0348694],[107.4969375,-7.0342366],[107.497212,-7.0361669],[107.494504,-7.0355309],[107.4942894,-7.036589],[107.496287,-7.0373005],[107.4954717,-7.0398553],[107.4975786,-7.0406231],[107.4968008,-7.041808],[107.4980232,-7.0434715],[107.4966815,-7.0442103],[107.497437,-7.045238]]]}},{"type":"Feature","properties":{"kecamatan":"Soreang","desa":"Sekarwangi"},"geometry":{"type":"Polygon","coordinates":[[[107.534393,-7.022488],[107.547969,-7.016505],[107.542743,-7.01015],[107.538283,-7.006902],[107.5369398,-7.0102686],[107.5360772,-7.0099355],[107.5348319,-7.0137163],[107.5385978,-7.0158599],[107.5383972,-7.0166694],[107.5378142,-7.0174487],[107.5356906,-7.017984],[107.5344176,-7.0174725],[107.533442,-7.0183172],[107.532905,-7.019368],[107.5344107,-7.0205644],[107.5358318,-7.0191385],[107.5365322,-7.0198286],[107.534393,-7.022488]]]}},{"type":"Feature","properties":{"kecamatan":"Soreang","desa":"Soreang"},"geometry":{"type":"Polygon","coordinates":[[[107.5458727,-7.0346681],[107.5420572,-7.0322483],[107.5357707,-7.0317915],[107.5305918,-7.0302725],[107.5239086,-7.0267846],[107.520928,-7.028225],[107.514911,-7.027041],[107.5149258,-7.0278565],[107.5190145,-7.0286392],[107.5166398,-7.0375044],[107.5208204,-7.0375092],[107.5234572,-7.0354033],[107.5246795,-7.0365875],[107.5272571,-7.0359688],[107.5309127,-7.0374764],[107.5330362,-7.0403942],[107.5341319,-7.0407643],[107.5332217,-7.0419942],[107.534351,-7.042597],[107.5350856,-7.0414023],[107.5362569,-7.0412462],[107.5367463,-7.039772],[107.5405063,-7.0377344],[107.5428167,-7.0351596],[107.5435338,-7.0356344],[107.5449288,-7.0342394],[107.5458727,-7.0346681]]]}},{"type":"Feature","properties":{"kecamatan":"Soreang","desa":"Sukajadi"},"geometry":{"type":"Polygon","coordinates":[[[107.5102159,-7.0829435],[107.514998,-7.0786355],[107.5129504,-7.0781808],[107.5134392,-7.0709835],[107.5096045,-7.0671108],[107.5089453,-7.0647623],[107.5051465,-7.0616525],[107.506727,-7.0601052],[107.506971,-7.0584222],[107.5076046,-7.0584222],[107.5062982,-7.0563777],[107.5073168,-7.0544718],[107.510689,-7.052077],[107.512244,-7.0489599],[107.5103225,-7.0477527],[107.5080603,-7.0495331],[107.5041644,-7.0492875],[107.5023258,-7.0469865],[107.5007092,-7.0465719],[107.5004213,-7.0455749],[107.4979906,-7.0449657],[107.4965398,-7.0471167],[107.4977003,-7.049216],[107.4968688,-7.0503395],[107.4982576,-7.0506105],[107.4974266,-7.0528573],[107.4990958,-7.0548139],[107.4976936,-7.0547081],[107.4973799,-7.056209],[107.4962235,-7.0561392],[107.4963483,-7.0594939],[107.4951848,-7.0604847],[107.4956912,-7.0615911],[107.4928694,-7.0614603],[107.4937081,-7.0625191],[107.4920636,-7.0628653],[107.4915878,-7.0643691],[107.4922946,-7.0645893],[107.492941,-7.0668015],[107.4963044,-7.0689321],[107.4965815,-7.070317],[107.495587,-7.0713148],[107.4954663,-7.0730903],[107.4975227,-7.074216],[107.4977961,-7.0755867],[107.4998312,-7.0755299],[107.5014472,-7.0770284],[107.5022108,-7.0764034],[107.503081,-7.0782535],[107.506693,-7.0803415],[107.5072187,-7.0820885],[107.5102159,-7.0829435]]]}},{"type":"Feature","properties":{"kecamatan":"Soreang","desa":"Sukanagara"},"geometry":{"type":"Polygon","coordinates":[[[107.513776,-7.0786934],[107.514998,-7.0786355],[107.5166016,-7.0763313],[107.5165064,-7.0707158],[107.5192095,-7.0641045],[107.5185849,-7.0624032],[107.5197187,-7.0556407],[107.5248491,-7.0479465],[107.5225747,-7.0463649],[107.5222558,-7.0447041],[107.5190004,-7.043238],[107.5193564,-7.04275],[107.517053,-7.0443803],[107.5151192,-7.0444693],[107.5141924,-7.046183],[107.510945,-7.047951],[107.5121698,-7.0492055],[107.510689,-7.052077],[107.5073168,-7.0544718],[107.5062982,-7.0563777],[107.5076046,-7.0584222],[107.506971,-7.0584222],[107.506727,-7.0601052],[107.5051503,-7.0616088],[107.5089453,-7.0647623],[107.5096045,-7.0671108],[107.5133286,-7.070755],[107.5129374,-7.0779955],[107.513776,-7.0786934]]]}}]}