{"type": "FeatureCollection", "features": [{"type": "Feature", "properties": {"name": "Arjasari"}, "geometry": {"type": "Polygon", "coordinates": [[[107.6201204, -7.1207075], [107.6217242, -7.1194927], [107.6230876, -7.1173702], [107.6245776, -7.1163662], [107.6253041, -7.1162663], [107.627639, -7.1143594], [107.6283538, -7.1130741], [107.6308035, -7.1101907], [107.6301068, -7.101491], [107.6298898, -7.1010991], [107.628746, -7.1006282], [107.627887, -7.099445], [107.6249824, -7.0977229], [107.622727, -7.0906689], [107.6218463, -7.0890002], [107.620859, -7.0885138], [107.6202984, -7.0873148], [107.6197705, -7.0871928], [107.6172219, -7.0833579], [107.6165161, -7.081734], [107.6161798, -7.081388], [107.6139452, -7.0811824], [107.6135009, -7.0803655], [107.6137388, -7.0785996], [107.6133571, -7.077025], [107.6129755, -7.076927], [107.6130747, -7.0761874], [107.6123084, -7.075472], [107.6107939, -7.0747741], [107.6110354, -7.0741005], [107.6101629, -7.0705727], [107.6091266, -7.0698314], [107.6074212, -7.0672802], [107.6064442, -7.0667668], [107.6056331, -7.0646323], [107.6033228, -7.0624306], [107.6028526, -7.061505], [107.6018772, -7.0584423], [107.6018658, -7.0561069], [107.6015202, -7.0560782], [107.6010737, -7.0533686], [107.6003863, -7.0524679], [107.5990499, -7.052036], [107.5985578, -7.0504606], [107.5979053, -7.051177], [107.5973427, -7.0511868], [107.5957387, -7.0499869], [107.5953374, -7.0493005], [107.5954318, -7.0484311], [107.5946341, -7.0478973], [107.5938218, -7.0466101], [107.593956, -7.0452296], [107.5936897, -7.0445536], [107.5920127, -7.0443338], [107.5920377, -7.0420627], [107.591684, -7.041224], [107.5921722, -7.0411195], [107.5912831, -7.0399319], [107.5916025, -7.0388282], [107.591003, -7.0379144], [107.5916553, -7.0353077], [107.591175, -7.0340776], [107.5921882, -7.0341479], [107.5926626, -7.0336382], [107.5916907, -7.0318855], [107.5908854, -7.0312522], [107.5910049, -7.0294878], [107.5946963, -7.0295918], [107.5950322, -7.0305962], [107.5959322, -7.0311207], [107.5965528, -7.0311057], [107.5967353, -7.0335095], [107.5979215, -7.0335847], [107.5984532, -7.0339421], [107.5984056, -7.0347171], [107.5988031, -7.0347409], [107.5987328, -7.0350394], [107.6009908, -7.0352529], [107.6008709, -7.0356112], [107.6014234, -7.0358023], [107.6029989, -7.0353023], [107.6025314, -7.0343504], [107.602385, -7.0329976], [107.6037599, -7.0329979], [107.6039148, -7.0323907], [107.6042208, -7.0323396], [107.6051199, -7.0328705], [107.6050998, -7.0334416], [107.6071295, -7.0332901], [107.607424, -7.0335716], [107.6078347, -7.033372], [107.6071082, -7.0324345], [107.6079434, -7.0315834], [107.6088424, -7.0315697], [107.6093518, -7.0302347], [107.6111649, -7.0291386], [107.6137411, -7.0284816], [107.6153017, -7.0269524], [107.6176265, -7.0259285], [107.6186126, -7.0259269], [107.622047, -7.027781], [107.624067, -7.026896], [107.626125, -7.027224], [107.62883, -7.02679], [107.630059, -7.027108], [107.630954, -7.027944], [107.630732, -7.029231], [107.633356, -7.029375], [107.6346788, -7.029878], [107.6378575, -7.0317187], [107.64121, -7.0348267], [107.6419242, -7.0350361], [107.6429507, -7.0347025], [107.6432239, -7.0363882], [107.6443309, -7.0366674], [107.6454907, -7.0377068], [107.6457963, -7.0390452], [107.6465327, -7.0401887], [107.6492404, -7.0418529], [107.6571239, -7.04362], [107.6592815, -7.043658], [107.6608888, -7.0428526], [107.6624326, -7.0441883], [107.6637626, -7.044658], [107.6643203, -7.0452358], [107.6665006, -7.0455958], [107.6671582, -7.0447504], [107.6675211, -7.0448303], [107.669071, -7.046808], [107.6710204, -7.0472359], [107.6722253, -7.0479801], [107.6748567, -7.0480475], [107.6762876, -7.0487443], [107.6775613, -7.0488437], [107.6808455, -7.0482348], [107.6814215, -7.0484273], [107.6827227, -7.0479031], [107.686046, -7.049824], [107.6862126, -7.0511494], [107.685359, -7.055531], [107.6863814, -7.0571923], [107.6851929, -7.058417], [107.6855256, -7.059613], [107.6861684, -7.0601566], [107.6851252, -7.0619737], [107.6853773, -7.062428], [107.6848247, -7.0632057], [107.6853154, -7.06366], [107.6847756, -7.0643861], [107.6850619, -7.0646626], [107.6847595, -7.0651884], [107.6855133, -7.066673], [107.6868016, -7.0679831], [107.6866793, -7.0684382], [107.6876974, -7.0691995], [107.6885613, -7.0691997], [107.6881841, -7.0696847], [107.6884189, -7.0715754], [107.6881538, -7.0719148], [107.688429, -7.0720706], [107.6878948, -7.0725658], [107.687271, -7.0744329], [107.687437, -7.075571], [107.686251, -7.0763049], [107.6860561, -7.0777647], [107.6855674, -7.07826], [107.685364, -7.079098], [107.6845014, -7.0798261], [107.6847193, -7.0806577], [107.6841725, -7.0815428], [107.6840401, -7.0830336], [107.6832191, -7.0833558], [107.6826502, -7.0841704], [107.6814816, -7.0843187], [107.680606, -7.0851732], [107.680436, -7.0849176], [107.6789902, -7.0857191], [107.6786322, -7.0864116], [107.6789214, -7.0864943], [107.6786987, -7.0872074], [107.6789851, -7.0873973], [107.6786523, -7.0879982], [107.6782249, -7.0884961], [107.675911, -7.0895693], [107.6755773, -7.0899967], [107.6753399, -7.0916638], [107.6735934, -7.0928699], [107.6729067, -7.0938566], [107.6698781, -7.0955078], [107.6694177, -7.0966507], [107.6680597, -7.0984065], [107.6675246, -7.0986907], [107.6669014, -7.0985389], [107.66642, -7.0991035], [107.6654046, -7.0994082], [107.6652273, -7.1008318], [107.6645466, -7.1010808], [107.6644139, -7.1019482], [107.6634611, -7.1037827], [107.663791, -7.1039183], [107.6634493, -7.1048527], [107.6638183, -7.105544], [107.6638243, -7.1072675], [107.6616404, -7.1074296], [107.6597846, -7.1060017], [107.6573127, -7.1049244], [107.6553193, -7.1050091], [107.6540073, -7.1055548], [107.6526948, -7.1065832], [107.6495129, -7.1104163], [107.6485349, -7.1111746], [107.6465647, -7.1121725], [107.6420375, -7.1130277], [107.640202, -7.1143292], [107.635837, -7.1160545], [107.634022, -7.117902], [107.6294066, -7.1261053], [107.6259303, -7.1249642], [107.6201204, -7.1207075]]]}}, {"type": "Feature", "properties": {"name": "Baleendah"}, "geometry": {"type": "Polygon", "coordinates": [[[107.6640855, -7.0450344], [107.6624326, -7.0441883], [107.6608888, -7.0428526], [107.6592815, -7.043658], [107.6571239, -7.04362], [107.6510001, -7.0424247], [107.6479384, -7.0412028], [107.6462676, -7.0398674], [107.6453221, -7.0375225], [107.6443309, -7.0366674], [107.6432239, -7.0363882], [107.6429507, -7.0347025], [107.6419242, -7.0350361], [107.64121, -7.0348267], [107.6378575, -7.0317187], [107.6346788, -7.029878], [107.633356, -7.029375], [107.630732, -7.029231], [107.630954, -7.027944], [107.630059, -7.027108], [107.62883, -7.02679], [107.626125, -7.027224], [107.624067, -7.026896], [107.622047, -7.027781], [107.6186126, -7.0259269], [107.6176265, -7.0259285], [107.6173274, -7.0248272], [107.6155372, -7.0224581], [107.6148215, -7.0217807], [107.6138027, -7.0214755], [107.6135798, -7.0201759], [107.6138821, -7.0193297], [107.6135397, -7.0189714], [107.6135278, -7.0182368], [107.6129674, -7.0178974], [107.6117023, -7.015443], [107.610179, -7.0149457], [107.6102545, -7.0142012], [107.6083683, -7.0132489], [107.6076934, -7.0143729], [107.6057501, -7.0161345], [107.6029984, -7.0172855], [107.6008412, -7.017315], [107.6010354, -7.0180581], [107.6005408, -7.0180822], [107.5984846, -7.0161495], [107.5983677, -7.0142723], [107.5969596, -7.0142514], [107.5968362, -7.0128575], [107.5962711, -7.0115277], [107.5963967, -7.0098396], [107.598139, -7.0103081], [107.5981472, -7.0109071], [107.5984426, -7.0106397], [107.5992406, -7.0107827], [107.5993977, -7.0095556], [107.5998501, -7.0093206], [107.6002781, -7.0077535], [107.6007315, -7.0077784], [107.6007867, -7.0073803], [107.6016914, -7.0067628], [107.6017148, -7.0059868], [107.6003977, -7.0056488], [107.6005527, -7.0045998], [107.6019368, -7.0048954], [107.6026269, -7.0035387], [107.6029539, -7.0017553], [107.6041444, -6.9985171], [107.6015146, -6.9982736], [107.6009798, -6.9993417], [107.6010548, -6.9990442], [107.5996517, -6.997304], [107.5991355, -6.9969742], [107.5989201, -6.9973706], [107.5985697, -6.9969565], [107.5977656, -6.9989591], [107.5959671, -6.998275], [107.5949551, -7.0018548], [107.5944438, -7.0019161], [107.5932946, -7.0037121], [107.5915999, -7.0040849], [107.5915881, -7.0035096], [107.5892003, -7.002428], [107.5895734, -7.0013328], [107.5892742, -7.001033], [107.5894909, -6.9998791], [107.5888859, -6.9998946], [107.5886927, -7.0004977], [107.5881075, -7.0002731], [107.5881883, -6.9993417], [107.5888977, -6.9988221], [107.5889199, -6.9981319], [107.589288, -6.9976707], [107.588711, -6.9960717], [107.5896705, -6.9948162], [107.5891492, -6.9947258], [107.5885667, -6.9937879], [107.5884255, -6.992626], [107.5868511, -6.992982], [107.5865177, -6.9927895], [107.5867733, -6.9901136], [107.5858951, -6.9890702], [107.5860053, -6.9886536], [107.5850429, -6.9885919], [107.5848735, -6.9882366], [107.584325, -6.9885958], [107.5836445, -6.988162], [107.5826085, -6.9880399], [107.5824049, -6.9871348], [107.5806643, -6.987357], [107.5808948, -6.9866119], [107.5816235, -6.9858], [107.5823389, -6.9856923], [107.5841701, -6.9870954], [107.5849249, -6.9871509], [107.585653, -6.986771], [107.5866324, -6.98512], [107.5872689, -6.9846718], [107.5878799, -6.9848011], [107.5897181, -6.986179], [107.592023, -6.9852464], [107.5920692, -6.9842987], [107.5916579, -6.9834832], [107.5889197, -6.9819151], [107.5888112, -6.9804923], [107.5891757, -6.9792147], [107.5896765, -6.9788124], [107.5905678, -6.9792271], [107.5915068, -6.9807752], [107.5920813, -6.9809821], [107.5935668, -6.9805545], [107.5965434, -6.9785773], [107.5988994, -6.9785764], [107.6004392, -6.9781182], [107.6008496, -6.9787921], [107.599691, -6.9823697], [107.5999555, -6.9829364], [107.6036844, -6.9800958], [107.604507, -6.980013], [107.6065825, -6.9808524], [107.6075112, -6.9808204], [107.6082558, -6.9802916], [107.609656, -6.978332], [107.612514, -6.978201], [107.61464, -6.975963], [107.615301, -6.975654], [107.615965, -6.975766], [107.617315, -6.97709], [107.61771, -6.9780729], [107.617796, -6.980074], [107.619107, -6.981821], [107.61887, -6.982484], [107.61688, -6.983852], [107.61657, -6.984772], [107.616691, -6.98569], [107.618817, -6.986315], [107.619176, -6.986843], [107.619189, -6.987736], [107.619722, -6.988114], [107.622421, -6.987627], [107.623558, -6.987861], [107.625884, -6.990856], [107.6268887, -6.9914165], [107.6291016, -6.9915452], [107.6306763, -6.9908461], [107.6309953, -6.9902461], [107.6324505, -6.9899894], [107.633731, -6.991441], [107.6343162, -6.9928699], [107.6337776, -6.9933007], [107.6328362, -6.9932568], [107.6315357, -6.9938353], [107.631807, -6.9962488], [107.6332471, -6.9971664], [107.63363, -6.9977448], [107.6333069, -6.9998672], [107.6351977, -7.0004097], [107.6361711, -7.0016265], [107.6380739, -7.0025839], [107.6410857, -7.0058113], [107.6403357, -7.0064735], [107.6397054, -7.0062302], [107.6393903, -7.0064656], [107.6382752, -7.008344], [107.6396254, -7.0094398], [107.642031, -7.006647], [107.6436826, -7.0066997], [107.644273, -7.0070012], [107.6445456, -7.0087256], [107.6448828, -7.0088304], [107.6457661, -7.008248], [107.6461296, -7.0084181], [107.6464493, -7.0103601], [107.6467885, -7.010537], [107.6476525, -7.0085817], [107.6490578, -7.0082689], [107.6491606, -7.0086621], [107.6479312, -7.0115317], [107.6490579, -7.012092], [107.648813, -7.0126641], [107.6505907, -7.0133601], [107.6515885, -7.0146169], [107.6517164, -7.014383], [107.651149, -7.0137084], [107.651278, -7.013037], [107.6521348, -7.0115618], [107.6529649, -7.0110908], [107.6538142, -7.0076718], [107.6551612, -7.0079815], [107.6567427, -7.0067451], [107.6587945, -7.0060621], [107.6591876, -7.0025847], [107.6619, -7.00138], [107.6649226, -7.0032198], [107.6656525, -7.0030628], [107.667199, -7.0012855], [107.6677021, -7.0013886], [107.6688834, -7.0026047], [107.67037, -7.0021925], [107.6707567, -7.0013692], [107.6694481, -6.9998782], [107.6706128, -6.9990283], [107.6707226, -6.9993144], [107.6714814, -6.9990697], [107.6729566, -6.9959089], [107.676816, -6.994648], [107.678493, -6.995978], [107.678822, -6.994376], [107.680157, -6.994831], [107.680655, -6.994259], [107.681071, -6.994352], [107.682922, -6.997739], [107.68402, -6.997647], [107.6845, -6.998038], [107.684671, -6.998843], [107.6843839, -7.0012297], [107.6846703, -7.0026686], [107.6848908, -7.0035728], [107.6853512, -7.0035284], [107.6854996, -7.0043643], [107.6859375, -7.0044371], [107.685459, -7.006884], [107.6849896, -7.0076288], [107.6813437, -7.0089566], [107.6815083, -7.0085892], [107.6803773, -7.008163], [107.6790364, -7.00905], [107.678894, -7.0113511], [107.6793771, -7.02248], [107.6792545, -7.0244568], [107.6790092, -7.024428], [107.6788552, -7.0250821], [107.6793146, -7.0254188], [107.6793533, -7.0260192], [107.6787398, -7.0274294], [107.6792978, -7.0273692], [107.679483, -7.0276891], [107.6798237, -7.0321631], [107.6790761, -7.0401635], [107.677716, -7.0426673], [107.6782289, -7.0445847], [107.6808455, -7.0482348], [107.6771179, -7.0488452], [107.6748567, -7.0480475], [107.6725761, -7.0480504], [107.6710204, -7.0472359], [107.669071, -7.046808], [107.6675211, -7.0448303], [107.6671582, -7.0447504], [107.6665006, -7.0455958], [107.6640855, -7.0450344]]]}}, {"type": "Feature", "properties": {"name": "Banjaran"}, "geometry": {"type": "Polygon", "coordinates": [[[107.5743155, -7.0731113], [107.5732326, -7.0736163], [107.5715613, -7.0723753], [107.5711337, -7.0724422], [107.5700598, -7.0714364], [107.5699608, -7.0705415], [107.5688097, -7.0705697], [107.5686199, -7.0698477], [107.5678083, -7.0699512], [107.5677728, -7.0690573], [107.5657511, -7.069077], [107.5656346, -7.0699242], [107.5616582, -7.0696469], [107.5604253, -7.0698503], [107.5594234, -7.0680396], [107.557714, -7.0683088], [107.5571625, -7.0687309], [107.5567704, -7.0674509], [107.5576525, -7.0652941], [107.5576755, -7.0638091], [107.5567582, -7.0629563], [107.5573024, -7.0618086], [107.5570692, -7.0615507], [107.5575268, -7.0610983], [107.5579911, -7.059696], [107.5580052, -7.0582902], [107.5576398, -7.0580231], [107.5576878, -7.0566844], [107.5570396, -7.0565542], [107.5567343, -7.0556146], [107.5570315, -7.0549092], [107.556817, -7.053398], [107.5588017, -7.0506464], [107.5605155, -7.0491053], [107.560923, -7.0457237], [107.5614651, -7.0439002], [107.565487, -7.043999], [107.5699189, -7.0446752], [107.5699878, -7.0441873], [107.5696425, -7.0439138], [107.572027, -7.0440796], [107.5720663, -7.0436676], [107.5738952, -7.0437392], [107.5740117, -7.0423028], [107.5759124, -7.0424122], [107.5758408, -7.0430279], [107.5760416, -7.0429861], [107.5766893, -7.0416993], [107.5763876, -7.0414959], [107.576378, -7.0406605], [107.5770527, -7.0393593], [107.579071, -7.0395596], [107.5775452, -7.0375453], [107.5776877, -7.034804], [107.5788085, -7.0351624], [107.5793994, -7.0341037], [107.5799655, -7.0338997], [107.5800281, -7.0348319], [107.580409, -7.0349015], [107.5804547, -7.032778], [107.5796977, -7.0322155], [107.5801845, -7.0319546], [107.5810973, -7.0321289], [107.5810301, -7.0329613], [107.5817769, -7.0329859], [107.5818219, -7.0320316], [107.5825117, -7.0308227], [107.5835497, -7.031563], [107.5832546, -7.03013], [107.5847484, -7.030215], [107.5840929, -7.0285186], [107.5843771, -7.0279934], [107.5850685, -7.0280488], [107.586298, -7.028849], [107.5860681, -7.0305749], [107.5868091, -7.0303005], [107.5865716, -7.031178], [107.5869703, -7.0312078], [107.5874301, -7.0305138], [107.5877942, -7.0308276], [107.587443, -7.0319212], [107.5885171, -7.0317247], [107.5890926, -7.0323129], [107.5893174, -7.0315389], [107.5898193, -7.031425], [107.5905849, -7.0322385], [107.5903229, -7.0330602], [107.590805, -7.0332565], [107.5913194, -7.0330458], [107.5915691, -7.033344], [107.5917207, -7.0327214], [107.592043, -7.0326736], [107.5926626, -7.0336382], [107.5921882, -7.0341479], [107.591175, -7.0340776], [107.5916553, -7.0353077], [107.591003, -7.0379144], [107.5916025, -7.0388282], [107.5912831, -7.0399319], [107.5921722, -7.0411195], [107.591684, -7.041224], [107.5920377, -7.0420627], [107.5920127, -7.0443338], [107.5936897, -7.0445536], [107.593956, -7.0452296], [107.5938218, -7.0466101], [107.5946341, -7.0478973], [107.5954318, -7.0484311], [107.5953374, -7.0493005], [107.5957387, -7.0499869], [107.5973427, -7.0511868], [107.5979053, -7.051177], [107.5985578, -7.0504606], [107.5990499, -7.052036], [107.6003863, -7.0524679], [107.6010737, -7.0533686], [107.6015202, -7.0560782], [107.6018658, -7.0561069], [107.6018772, -7.0584423], [107.6028526, -7.061505], [107.6033228, -7.0624306], [107.6056331, -7.0646323], [107.6064442, -7.0667668], [107.6074212, -7.0672802], [107.6091266, -7.0698314], [107.6101629, -7.0705727], [107.6110354, -7.0741005], [107.6107939, -7.0747741], [107.6123084, -7.075472], [107.6130747, -7.0761874], [107.6129755, -7.076927], [107.6133571, -7.077025], [107.6137388, -7.0785996], [107.6135009, -7.0803655], [107.6139452, -7.0811824], [107.6161798, -7.081388], [107.6197705, -7.0871928], [107.6202984, -7.0873148], [107.620859, -7.0885138], [107.6218463, -7.0890002], [107.622727, -7.0906689], [107.6249824, -7.0977229], [107.627887, -7.099445], [107.628746, -7.1006282], [107.6298898, -7.1010991], [107.6304523, -7.104531], [107.6308035, -7.1101907], [107.6283538, -7.1130741], [107.627639, -7.1143594], [107.6253041, -7.1162663], [107.6245776, -7.1163662], [107.6230876, -7.1173702], [107.6217242, -7.1194927], [107.6196557, -7.1210688], [107.6087841, -7.1178774], [107.6077201, -7.1163878], [107.6062037, -7.1155356], [107.6048646, -7.1136602], [107.6039145, -7.1132675], [107.6032568, -7.1125108], [107.6016565, -7.1090265], [107.6014327, -7.1075425], [107.6007294, -7.1074422], [107.5988147, -7.1062877], [107.5987254, -7.1056541], [107.5980447, -7.1057553], [107.5978677, -7.1049242], [107.5972835, -7.1046331], [107.596504, -7.102605], [107.5959579, -7.1024193], [107.593362, -7.0993061], [107.591917, -7.0987518], [107.5909822, -7.097787], [107.5901019, -7.0974506], [107.5879109, -7.095001], [107.5865133, -7.0942572], [107.5855287, -7.0926069], [107.5857006, -7.091784], [107.5839533, -7.0901798], [107.583141, -7.0888334], [107.5827608, -7.0877266], [107.5829193, -7.0871758], [107.5816316, -7.0858829], [107.5813433, -7.0851522], [107.5809911, -7.0853066], [107.5807173, -7.0839631], [107.5793056, -7.0824347], [107.5784859, -7.0803053], [107.5778357, -7.0801236], [107.5776524, -7.079004], [107.5763928, -7.0767115], [107.5765356, -7.0762277], [107.5761391, -7.0748537], [107.5754892, -7.0744681], [107.5749768, -7.0732378], [107.5743155, -7.0731113]]]}}, {"type": "Feature", "properties": {"name": "Bojongsoang"}, "geometry": {"type": "Polygon", "coordinates": [[[107.664446, -6.9671256], [107.6664804, -6.9674171], [107.6709717, -6.9672029], [107.6938442, -6.9694991], [107.699775, -6.9688567], [107.7046501, -6.9672431], [107.7047595, -6.9697432], [107.7091563, -6.9712526], [107.7098151, -6.9733719], [107.7097829, -6.9744451], [107.7087785, -6.9751995], [107.7087055, -6.9757098], [107.7096301, -6.9763059], [107.710177, -6.977502], [107.7086231, -6.9775817], [107.7080414, -6.9767827], [107.707626, -6.9768074], [107.7075227, -6.9776083], [107.7078706, -6.978153], [107.7074461, -6.9784308], [107.7067347, -6.9778205], [107.7064011, -6.9780226], [107.7063148, -6.9804625], [107.705818, -6.9807765], [107.7056452, -6.9816249], [107.7051121, -6.9821176], [107.7051898, -6.9833087], [107.7033514, -6.9828507], [107.7033413, -6.984268], [107.7046437, -6.9845455], [107.7057005, -6.9852472], [107.7052112, -6.9856433], [107.7062945, -6.9874863], [107.7042127, -6.9881805], [107.7032985, -6.9880229], [107.7019199, -6.9884087], [107.701757, -6.986959], [107.701302, -6.986788], [107.699946, -6.987721], [107.698922, -6.989173], [107.69842, -6.989291], [107.697954, -6.988754], [107.698188, -6.987452], [107.69724, -6.987216], [107.696144, -6.987984], [107.6949072, -6.9880534], [107.694927, -6.989485], [107.693022, -6.988965], [107.692656, -6.990799], [107.692156, -6.991149], [107.691681, -6.990853], [107.691419, -6.989023], [107.690819, -6.988679], [107.689687, -6.989881], [107.6884972, -6.9898102], [107.6890979, -6.9914885], [107.6883575, -6.9920607], [107.6871889, -6.9919724], [107.687062, -6.990146], [107.684362, -6.990615], [107.68364, -6.991101], [107.682597, -6.992601], [107.6809835, -6.9932308], [107.68035, -6.994773], [107.678745, -6.994444], [107.678619, -6.99592], [107.678029, -6.995769], [107.676816, -6.994648], [107.6729566, -6.9959089], [107.6714814, -6.9990697], [107.6707226, -6.9993144], [107.6706128, -6.9990283], [107.6694481, -6.9998782], [107.6707567, -7.0013692], [107.67037, -7.0021925], [107.6688834, -7.0026047], [107.6677021, -7.0013886], [107.667199, -7.0012855], [107.6653319, -7.0032476], [107.6645379, -7.0030811], [107.6619, -7.00138], [107.6596277, -7.0023491], [107.6591876, -7.0025847], [107.6587945, -7.0060621], [107.6567427, -7.0067451], [107.6551612, -7.0079815], [107.6538142, -7.0076718], [107.6529649, -7.0110908], [107.6521348, -7.0115618], [107.651278, -7.013037], [107.651149, -7.0137084], [107.6517164, -7.014383], [107.6515885, -7.0146169], [107.6505907, -7.0133601], [107.648813, -7.0126641], [107.6490579, -7.012092], [107.6479312, -7.0115317], [107.6491606, -7.0086621], [107.6490578, -7.0082689], [107.6476525, -7.0085817], [107.6467885, -7.010537], [107.6464493, -7.0103601], [107.6461296, -7.0084181], [107.6457661, -7.008248], [107.6448828, -7.0088304], [107.6445456, -7.0087256], [107.644273, -7.0070012], [107.6436826, -7.0066997], [107.642031, -7.006647], [107.6396254, -7.0094398], [107.6382752, -7.008344], [107.6393903, -7.0064656], [107.6397054, -7.0062302], [107.6403357, -7.0064735], [107.6410857, -7.0058113], [107.6380739, -7.0025839], [107.6361711, -7.0016265], [107.6351977, -7.0004097], [107.6333069, -6.9998672], [107.63363, -6.9977448], [107.6332471, -6.9971664], [107.631807, -6.9962488], [107.6315357, -6.9938353], [107.6328362, -6.9932568], [107.6337776, -6.9933007], [107.6343162, -6.9928699], [107.633731, -6.991441], [107.6324505, -6.9899894], [107.6309953, -6.9902461], [107.6310261, -6.9886618], [107.631529, -6.9871766], [107.6307692, -6.9846582], [107.6301146, -6.9843534], [107.6296641, -6.9826737], [107.6303831, -6.9812464], [107.6339898, -6.9781173], [107.6342959, -6.9766458], [107.6330587, -6.9753197], [107.632855, -6.9742491], [107.6346151, -6.9726857], [107.6355841, -6.9727886], [107.6358393, -6.9717357], [107.6355753, -6.9697037], [107.636516, -6.9674688], [107.6367653, -6.9661735], [107.636523, -6.9652796], [107.6411451, -6.965692], [107.6467488, -6.9645558], [107.6499134, -6.9644844], [107.660621, -6.96615], [107.664446, -6.9671256]]]}}, {"type": "Feature", "properties": {"name": "Cangkuang"}, "geometry": {"type": "Polygon", "coordinates": [[[107.5573024, -7.0618086], [107.5567582, -7.0629563], [107.5576755, -7.0638091], [107.5576525, -7.0652941], [107.5567704, -7.0674509], [107.557259, -7.0687809], [107.5567868, -7.0692752], [107.5559065, -7.0681491], [107.5555698, -7.068545], [107.5537908, -7.0691473], [107.5535108, -7.0693819], [107.5529334, -7.0725411], [107.5511981, -7.0736933], [107.5506888, -7.0726771], [107.5490576, -7.072175], [107.548577, -7.074124], [107.5469331, -7.0732903], [107.5458229, -7.0730988], [107.5433533, -7.0731147], [107.5429079, -7.0734109], [107.543151, -7.075037], [107.5427262, -7.0769117], [107.541335, -7.077862], [107.5389586, -7.0805947], [107.5349288, -7.0815719], [107.5340122, -7.0815074], [107.531151, -7.085156], [107.530972, -7.086741], [107.5312012, -7.0877858], [107.5288943, -7.0890712], [107.5267487, -7.0890771], [107.524913, -7.09251], [107.5230529, -7.0942406], [107.520075, -7.090108], [107.5149032, -7.0891123], [107.5147728, -7.088532], [107.5118232, -7.0851002], [107.5108648, -7.0833942], [107.5102159, -7.0829435], [107.514998, -7.0786355], [107.5165826, -7.0763884], [107.5163541, -7.0735902], [107.5169728, -7.071896], [107.5165064, -7.0707158], [107.516861, -7.0704374], [107.5173083, -7.068234], [107.5182006, -7.0666089], [107.5180816, -7.0662043], [107.5187776, -7.065776], [107.5185456, -7.0651693], [107.5192095, -7.0641045], [107.5185849, -7.0624032], [107.519501, -7.0572374], [107.5191869, -7.0572231], [107.5204444, -7.0537883], [107.5212653, -7.0525034], [107.5219832, -7.0524091], [107.5227704, -7.0516765], [107.5230499, -7.0511888], [107.5229369, -7.0504035], [107.5237221, -7.0498087], [107.5246739, -7.0481312], [107.5255016, -7.047973], [107.5264881, -7.0465384], [107.5289019, -7.045006], [107.5292542, -7.0441613], [107.5303011, -7.0437821], [107.5309102, -7.0429124], [107.5326953, -7.0436868], [107.5338883, -7.0430875], [107.5350856, -7.0414023], [107.5362569, -7.0412462], [107.5363787, -7.0401467], [107.5367463, -7.039772], [107.5378908, -7.0387738], [107.5381716, -7.0388618], [107.5401228, -7.0376554], [107.5405063, -7.0377344], [107.5420505, -7.0359472], [107.5424955, -7.0360305], [107.5428167, -7.0351596], [107.5434595, -7.0352715], [107.5435338, -7.0356344], [107.5442179, -7.0352715], [107.5441347, -7.0347718], [107.5449288, -7.0342394], [107.545753, -7.03468], [107.5467249, -7.0346797], [107.5495481, -7.0338739], [107.5496231, -7.0333594], [107.5508831, -7.0323377], [107.5511831, -7.0311764], [107.5522509, -7.0294825], [107.5527489, -7.0295324], [107.5527802, -7.0286786], [107.5533939, -7.0288713], [107.5535127, -7.0284924], [107.555205, -7.0288839], [107.5551612, -7.0313833], [107.5559528, -7.031445], [107.5563358, -7.0299079], [107.5573276, -7.0332927], [107.5589324, -7.0311965], [107.5587807, -7.0297804], [107.5594525, -7.0293731], [107.5596275, -7.0274172], [107.560475, -7.0270756], [107.5604601, -7.0272978], [107.5613689, -7.0274368], [107.56377, -7.0286311], [107.5636453, -7.0296879], [107.5653488, -7.0299472], [107.5650206, -7.030742], [107.5654532, -7.0310248], [107.5666579, -7.0307576], [107.5667999, -7.0317132], [107.5664501, -7.0317683], [107.5663678, -7.0324852], [107.5650874, -7.033617], [107.5655269, -7.0339476], [107.566045, -7.0340297], [107.5667566, -7.0328846], [107.5668709, -7.0333775], [107.5683737, -7.0336842], [107.568658, -7.0333954], [107.5703878, -7.0337833], [107.5711389, -7.0336318], [107.5720343, -7.0302687], [107.5746793, -7.0311046], [107.5744846, -7.0316107], [107.5751318, -7.0319518], [107.5768315, -7.032045], [107.5772776, -7.0332798], [107.5786549, -7.0340947], [107.5790006, -7.034719], [107.5785288, -7.0352128], [107.5777209, -7.0347502], [107.5775122, -7.0369717], [107.5777366, -7.0380052], [107.579071, -7.0395596], [107.5770527, -7.0393593], [107.576378, -7.0406605], [107.5763876, -7.0414959], [107.5766893, -7.0416993], [107.5760011, -7.0430198], [107.5759124, -7.0424122], [107.5740117, -7.0423028], [107.5738952, -7.0437392], [107.5720663, -7.0436676], [107.572027, -7.0440796], [107.5696425, -7.0439138], [107.5699878, -7.0441873], [107.5699189, -7.0446752], [107.565487, -7.043999], [107.5614651, -7.0439002], [107.560923, -7.0457237], [107.5605155, -7.0491053], [107.5588017, -7.0506464], [107.556817, -7.053398], [107.5570315, -7.0549092], [107.5567343, -7.0556146], [107.5570396, -7.0565542], [107.5576878, -7.0566844], [107.5576398, -7.0580231], [107.5580052, -7.0582902], [107.5577409, -7.0606165], [107.5570692, -7.0615507], [107.5573024, -7.0618086]]]}}, {"type": "Feature", "properties": {"name": "Cicalengka"}, "geometry": {"type": "Polygon", "coordinates": [[[107.8404733, -7.0013279], [107.8386245, -7.0002177], [107.8376797, -6.9988791], [107.8358907, -6.9981163], [107.83569, -6.9973376], [107.834121, -6.996903], [107.8338615, -6.9959717], [107.8331005, -6.995435], [107.8325961, -6.994486], [107.8330324, -6.9939722], [107.8328874, -6.9932114], [107.8320214, -6.9929966], [107.8311322, -6.9922145], [107.8290762, -6.9912557], [107.8272789, -6.9890642], [107.8261788, -6.9887172], [107.8251163, -6.9901088], [107.8238739, -6.9893655], [107.8222599, -6.988936], [107.8221942, -6.9871621], [107.8206664, -6.9872637], [107.819636, -6.9866927], [107.819476, -6.9872339], [107.8179268, -6.9871491], [107.817659, -6.986271], [107.8155376, -6.9862731], [107.815186, -6.9859036], [107.8146096, -6.9861158], [107.8139785, -6.9859238], [107.811289, -6.987425], [107.810737, -6.988074], [107.8089796, -6.9872987], [107.8100686, -6.985536], [107.8114489, -6.9812148], [107.8111692, -6.9810546], [107.8102017, -6.9828364], [107.8072355, -6.9815371], [107.8063717, -6.9816201], [107.8049517, -6.9807478], [107.8048639, -6.9803076], [107.8061756, -6.9802357], [107.8065813, -6.9805517], [107.8069036, -6.9803518], [107.8060788, -6.9793554], [107.80646, -6.9790802], [107.8064642, -6.9783024], [107.8071462, -6.9785583], [107.8088559, -6.9769666], [107.8096151, -6.9773235], [107.8107919, -6.9760683], [107.8108272, -6.9755636], [107.8112172, -6.9756306], [107.8112733, -6.9751557], [107.8117672, -6.9749998], [107.8119091, -6.9742597], [107.8126613, -6.9739913], [107.8132053, -6.9741477], [107.8131902, -6.9734641], [107.8125282, -6.9725367], [107.8134955, -6.9720279], [107.8143916, -6.9722438], [107.8148538, -6.9718139], [107.8146037, -6.9707419], [107.8155262, -6.9710471], [107.815655, -6.9705023], [107.8160512, -6.9703484], [107.8170081, -6.9708789], [107.817226, -6.970118], [107.8178039, -6.9700859], [107.8184461, -6.9705851], [107.8198425, -6.9701136], [107.8200762, -6.9697542], [107.8207444, -6.9701067], [107.8212226, -6.969423], [107.8220231, -6.9693512], [107.8224927, -6.969804], [107.8236069, -6.96992], [107.823949, -6.9704615], [107.8244509, -6.9700294], [107.8250345, -6.9704513], [107.825329, -6.970066], [107.8258181, -6.9704704], [107.827392, -6.9707697], [107.8286409, -6.9716322], [107.8292643, -6.970681], [107.8316557, -6.9694189], [107.8310375, -6.9679472], [107.8289029, -6.9665292], [107.8295013, -6.9659772], [107.8301907, -6.9645511], [107.8310377, -6.9642248], [107.8329828, -6.9647863], [107.8333632, -6.9644737], [107.8348497, -6.9655462], [107.8347355, -6.966538], [107.8360522, -6.9662938], [107.8359361, -6.9666383], [107.836526, -6.9675128], [107.8385213, -6.967971], [107.8395892, -6.9692413], [107.8398429, -6.9687392], [107.8406283, -6.9684122], [107.8423983, -6.9694807], [107.8433556, -6.9691798], [107.8447393, -6.9695629], [107.8468604, -6.9692622], [107.8483145, -6.9686138], [107.8486433, -6.9678009], [107.8502296, -6.9675909], [107.8518856, -6.9660757], [107.8541708, -6.9675869], [107.8554813, -6.9676778], [107.8562181, -6.967173], [107.8575981, -6.9669995], [107.8583989, -6.9673307], [107.8595208, -6.9671102], [107.8616461, -6.9675764], [107.8622442, -6.9672883], [107.8622849, -6.9659089], [107.8632958, -6.965055], [107.8640203, -6.9650301], [107.8643715, -6.965643], [107.8655722, -6.9651636], [107.8662235, -6.9657098], [107.8668052, -6.9656184], [107.8682654, -6.9644132], [107.868537, -6.9626861], [107.8702102, -6.9631398], [107.8709767, -6.9627126], [107.8721008, -6.962845], [107.872813, -6.9625846], [107.8739737, -6.9637372], [107.876023, -6.9621631], [107.8769202, -6.9631513], [107.8775107, -6.9629731], [107.8778428, -6.9632165], [107.8784734, -6.9627285], [107.8790865, -6.9633312], [107.8794713, -6.9629891], [107.8792454, -6.9616737], [107.8801195, -6.9610733], [107.8821552, -6.9631056], [107.8830622, -6.9623386], [107.8835198, -6.9631677], [107.8842401, -6.9633977], [107.8851676, -6.9622661], [107.8858825, -6.9633054], [107.887035, -6.9629796], [107.8873312, -6.9636205], [107.8883016, -6.9632305], [107.8899268, -6.9638637], [107.8900965, -6.9631002], [107.8910242, -6.9629041], [107.8907033, -6.9622862], [107.8908722, -6.9618928], [107.8917337, -6.9616596], [107.891479, -6.9613205], [107.8920087, -6.9595285], [107.8932109, -6.9590391], [107.8934611, -6.9583079], [107.8942676, -6.9585521], [107.8947515, -6.9574929], [107.8957599, -6.9573055], [107.8958506, -6.9561141], [107.8964211, -6.9551565], [107.89736, -6.9546641], [107.8977599, -6.9552139], [107.8992374, -6.9540866], [107.8992462, -6.9535957], [107.9000188, -6.9537351], [107.9001523, -6.9530478], [107.9010067, -6.9533895], [107.9014533, -6.9528353], [107.90225, -6.9526609], [107.9039351, -6.9531638], [107.9056436, -6.9530249], [107.9061558, -6.9531589], [107.9066614, -6.9539418], [107.9074301, -6.9539766], [107.9087775, -6.9533454], [107.9091037, -6.9534462], [107.9092656, -6.9541842], [107.9105141, -6.9547416], [107.9126795, -6.95453], [107.9132961, -6.9534284], [107.9146634, -6.9527769], [107.915122, -6.9530838], [107.9160003, -6.9528252], [107.9162942, -6.9531081], [107.9173759, -6.9531528], [107.9174658, -6.9540899], [107.9183714, -6.9547958], [107.9175372, -6.9561686], [107.9177967, -6.9570064], [107.9175651, -6.9580125], [107.9180501, -6.9589231], [107.9176462, -6.959722], [107.9171833, -6.964566], [107.9174344, -6.9658161], [107.9162475, -6.9682474], [107.915773, -6.9684817], [107.9145845, -6.9679808], [107.9130481, -6.9680501], [107.9113424, -6.967374], [107.9079896, -6.9675596], [107.9063858, -6.9682222], [107.9050523, -6.9693496], [107.9041867, -6.9711325], [107.9034762, -6.9709494], [107.9030867, -6.9712113], [107.9022335, -6.9707069], [107.8996027, -6.9718362], [107.8995564, -6.9722219], [107.9000828, -6.9727882], [107.8987539, -6.9741301], [107.8988647, -6.974795], [107.8982341, -6.9749736], [107.8979898, -6.9762692], [107.8964082, -6.9754047], [107.894763, -6.9764636], [107.8924712, -6.9788354], [107.8917818, -6.9802323], [107.8896024, -6.9816147], [107.889412, -6.982501], [107.890095, -6.9828935], [107.8862338, -6.9855825], [107.8808064, -6.988342], [107.8822609, -6.9892765], [107.8826825, -6.9915761], [107.8826345, -6.9943639], [107.8822741, -6.9964709], [107.8815533, -6.9983054], [107.8783018, -7.0011013], [107.8762757, -7.0021267], [107.8742734, -7.0042153], [107.8705732, -7.0065726], [107.8693761, -7.0094089], [107.8673049, -7.0081591], [107.8653586, -7.0121653], [107.8644506, -7.011769], [107.8636306, -7.0125198], [107.859409, -7.0118158], [107.8592963, -7.0128645], [107.8598355, -7.0130047], [107.8596733, -7.0138662], [107.8592959, -7.0137789], [107.8591621, -7.0144012], [107.8583238, -7.0142569], [107.8580028, -7.0166248], [107.8573974, -7.0165407], [107.8573033, -7.0168043], [107.857709, -7.0174114], [107.8571422, -7.0174639], [107.8563983, -7.016897], [107.8560411, -7.0171825], [107.8555401, -7.0191756], [107.8557388, -7.0205729], [107.8552598, -7.021473], [107.8555834, -7.0215666], [107.8554138, -7.0224564], [107.8542927, -7.0233566], [107.8549248, -7.0251958], [107.8557856, -7.0259789], [107.8557114, -7.0264676], [107.85503, -7.0271387], [107.855262, -7.0275138], [107.8546036, -7.0319534], [107.8558455, -7.0333419], [107.8559568, -7.0339388], [107.8558884, -7.034489], [107.8534521, -7.0356847], [107.8522775, -7.0379678], [107.8520865, -7.0396112], [107.8523864, -7.0417035], [107.8536696, -7.0421316], [107.8526853, -7.0425369], [107.849866, -7.0424701], [107.8477949, -7.0407536], [107.8473816, -7.0385139], [107.8480888, -7.037943], [107.8475496, -7.0369231], [107.84685, -7.037275], [107.8472737, -7.0347107], [107.8468151, -7.0343664], [107.8470517, -7.0331486], [107.8465141, -7.0320934], [107.8462752, -7.0296422], [107.8456229, -7.0290839], [107.845823, -7.0284688], [107.8453209, -7.0280645], [107.845025, -7.026766], [107.8443561, -7.0257922], [107.8431423, -7.0247428], [107.8424491, -7.0252631], [107.8413926, -7.0228775], [107.8415849, -7.0216674], [107.8411327, -7.0203421], [107.8397295, -7.0195233], [107.839391, -7.017737], [107.8393856, -7.012501], [107.8385606, -7.0106098], [107.839084, -7.0109217], [107.8403571, -7.0109514], [107.8400764, -7.0103729], [107.840419, -7.0100836], [107.8403172, -7.0095559], [107.8392394, -7.0080628], [107.8388519, -7.0056103], [107.8395464, -7.0050854], [107.8405461, -7.005427], [107.8411679, -7.0045733], [107.8409182, -7.0042153], [107.8414831, -7.003668], [107.8415811, -7.0027907], [107.8406776, -7.0023965], [107.840934, -7.001406], [107.8404733, -7.0013279]]]}}, {"type": "Feature", "properties": {"name": "Cikancung"}, "geometry": {"type": "Polygon", "coordinates": [[[107.8398583, -7.0197246], [107.8411327, -7.0203421], [107.8415849, -7.0216674], [107.8413926, -7.0228775], [107.8424491, -7.0252631], [107.8431423, -7.0247428], [107.8443561, -7.0257922], [107.845025, -7.026766], [107.8453209, -7.0280645], [107.845823, -7.0284688], [107.8456229, -7.0290839], [107.8462752, -7.0296422], [107.8465141, -7.0320934], [107.8470517, -7.0331486], [107.8468151, -7.0343664], [107.8472737, -7.0347107], [107.84685, -7.037275], [107.8475496, -7.0369231], [107.8480888, -7.037943], [107.8473816, -7.0385139], [107.8477949, -7.0407536], [107.849866, -7.0424701], [107.8526853, -7.0425369], [107.8539786, -7.0421771], [107.8546394, -7.0424479], [107.8554356, -7.0434901], [107.8558168, -7.0454244], [107.8584247, -7.0486256], [107.8578465, -7.049378], [107.8564691, -7.0486946], [107.8540656, -7.0487633], [107.8615545, -7.0592437], [107.8582815, -7.0592026], [107.856352, -7.0606756], [107.8558478, -7.0607388], [107.8535087, -7.060087], [107.8522645, -7.0591281], [107.8496851, -7.0587911], [107.8490271, -7.0592737], [107.8479272, -7.0626083], [107.8468571, -7.064084], [107.845482, -7.0637707], [107.8452187, -7.0639684], [107.8453603, -7.0642428], [107.8444466, -7.064321], [107.8438772, -7.0650662], [107.843007, -7.0651538], [107.8421249, -7.0663925], [107.8404905, -7.0670401], [107.8393267, -7.0670765], [107.8380428, -7.0665871], [107.8364908, -7.0679263], [107.8355399, -7.0678908], [107.8353137, -7.0689332], [107.8347922, -7.0693706], [107.8344703, -7.0707335], [107.8346756, -7.0712718], [107.8343526, -7.0717794], [107.8348114, -7.0728683], [107.8350069, -7.0747168], [107.8353189, -7.0750287], [107.8350579, -7.0759085], [107.8353219, -7.0765882], [107.8352061, -7.0775247], [107.8287131, -7.0775069], [107.8280173, -7.0771504], [107.8283782, -7.0770537], [107.8278126, -7.0763068], [107.8291643, -7.0766758], [107.8298499, -7.0762382], [107.8285862, -7.0759115], [107.8275446, -7.0760587], [107.8265849, -7.074672], [107.8256425, -7.0741578], [107.8247249, -7.0741801], [107.8234713, -7.0726529], [107.8228583, -7.0725993], [107.823593, -7.067264], [107.824053, -7.0671252], [107.8239696, -7.0664013], [107.8244496, -7.0662406], [107.8236151, -7.0647755], [107.8214438, -7.0630537], [107.8206668, -7.0617782], [107.8206478, -7.0606189], [107.8190211, -7.0597203], [107.8190392, -7.058758], [107.8181955, -7.0587273], [107.8179591, -7.0582267], [107.8175522, -7.0582052], [107.81692, -7.0575397], [107.8142687, -7.0576803], [107.8132701, -7.0572277], [107.81278, -7.0579672], [107.8124421, -7.0579366], [107.8123208, -7.0572051], [107.8118654, -7.0569681], [107.8112797, -7.0559425], [107.8096614, -7.0557952], [107.8097538, -7.0546168], [107.8104294, -7.0543645], [107.8092971, -7.0531543], [107.8092752, -7.052453], [107.8086278, -7.0522417], [107.8072398, -7.0525361], [107.8065377, -7.0517724], [107.806648, -7.0506511], [107.8058972, -7.0502227], [107.805918, -7.0492394], [107.8050404, -7.0482639], [107.8063213, -7.0470338], [107.8064016, -7.0465394], [107.805165, -7.0453193], [107.8056229, -7.0449922], [107.8049142, -7.0440033], [107.8054581, -7.0428471], [107.8048673, -7.0422342], [107.8042976, -7.0422546], [107.8044029, -7.040397], [107.8032552, -7.0379702], [107.8027367, -7.0375681], [107.8019325, -7.0377235], [107.8009801, -7.0360119], [107.8010977, -7.0350881], [107.8018751, -7.0344842], [107.8013032, -7.0341514], [107.8013743, -7.0331536], [107.8009005, -7.0313963], [107.8005187, -7.0310488], [107.8003649, -7.0287787], [107.7998124, -7.0273703], [107.7996197, -7.0254109], [107.7999303, -7.0238614], [107.7993796, -7.0231881], [107.7990164, -7.0215222], [107.7989919, -7.0195756], [107.7985384, -7.0179535], [107.7988071, -7.0176145], [107.7982596, -7.0171099], [107.7965286, -7.0172397], [107.796208, -7.0124317], [107.7954765, -7.0125068], [107.795278, -7.0105397], [107.7945221, -7.0104407], [107.7940461, -7.0094337], [107.7939846, -7.0076245], [107.7935824, -7.0076346], [107.793442, -7.006828], [107.7935209, -7.0057341], [107.7951588, -7.0054198], [107.797505, -7.005584], [107.7988452, -7.0077477], [107.799276, -7.0074995], [107.7991716, -7.0071097], [107.8002925, -7.0068806], [107.8005518, -7.0051707], [107.80151, -7.0052711], [107.8016961, -7.0044256], [107.8022964, -7.0044298], [107.8024713, -7.003903], [107.8030577, -6.9961253], [107.8039122, -6.9961625], [107.8040775, -6.9946551], [107.8141403, -6.9931621], [107.8145282, -6.9908882], [107.8158324, -6.9907215], [107.8171591, -6.9895321], [107.8182485, -6.9899146], [107.8182398, -6.9904901], [107.818875, -6.9909224], [107.8190156, -6.9917888], [107.8241473, -6.9913493], [107.8261788, -6.9887172], [107.8272789, -6.9890642], [107.8290762, -6.9912557], [107.8311322, -6.9922145], [107.8320214, -6.9929966], [107.8328874, -6.9932114], [107.8330324, -6.9939722], [107.8325961, -6.994486], [107.8331005, -6.995435], [107.8338615, -6.9959717], [107.834121, -6.996903], [107.8352713, -6.9970606], [107.83569, -6.9973376], [107.8358907, -6.9981163], [107.8376797, -6.9988791], [107.8386245, -7.0002177], [107.8401423, -7.0012951], [107.840934, -7.001406], [107.8406118, -7.0022668], [107.8415811, -7.0027907], [107.8414831, -7.003668], [107.8409182, -7.0042153], [107.8411679, -7.0045733], [107.8405461, -7.005427], [107.8395464, -7.0050854], [107.8388519, -7.0056103], [107.8392394, -7.0080628], [107.8402167, -7.009304], [107.840419, -7.0100836], [107.8400764, -7.0103729], [107.8402896, -7.0109873], [107.8385606, -7.0106098], [107.8393856, -7.012501], [107.8393999, -7.0178847], [107.8398583, -7.0197246]]]}}, {"type": "Feature", "properties": {"name": "Cilengkrang"}, "geometry": {"type": "Polygon", "coordinates": [[[107.7018183, -6.8980916], [107.7007904, -6.9007328], [107.7036768, -6.9019303], [107.7049398, -6.9021497], [107.7048981, -6.9025096], [107.7042157, -6.9040254], [107.7037625, -6.9068558], [107.7039555, -6.9076155], [107.703195, -6.907152], [107.7025811, -6.9071877], [107.7020564, -6.9081728], [107.7006109, -6.9075589], [107.6999506, -6.9082941], [107.6988905, -6.9074518], [107.6981802, -6.9075517], [107.6958567, -6.9066702], [107.6943648, -6.9057315], [107.6928116, -6.9054665], [107.6933048, -6.9044594], [107.6948469, -6.9031673], [107.6941117, -6.902482], [107.6937119, -6.9015473], [107.6929924, -6.9012523], [107.6932246, -6.9005498], [107.6921872, -6.9013988], [107.6922804, -6.9010733], [107.6917822, -6.9007905], [107.691698, -6.900993], [107.689562, -6.89916], [107.6894936, -6.898229], [107.6886935, -6.8979762], [107.6889136, -6.8970393], [107.6868365, -6.8966176], [107.6874779, -6.8943158], [107.6873089, -6.8933714], [107.68761, -6.8925376], [107.6890005, -6.8927177], [107.6891032, -6.8923557], [107.6901088, -6.8927517], [107.6902196, -6.8920367], [107.6906219, -6.8921118], [107.6919492, -6.8871912], [107.692492, -6.8872254], [107.6932413, -6.8851596], [107.6939386, -6.8845876], [107.6938171, -6.8837543], [107.6956579, -6.880931], [107.6956222, -6.8792505], [107.6960801, -6.8785808], [107.6957611, -6.8781562], [107.6960319, -6.8774075], [107.6965118, -6.8771179], [107.6962915, -6.8762465], [107.6965104, -6.8758119], [107.6961376, -6.8754614], [107.6960895, -6.8748251], [107.6974286, -6.8740477], [107.6979575, -6.8724689], [107.6988314, -6.8723839], [107.6986345, -6.8714071], [107.6992821, -6.8710783], [107.6994086, -6.8703867], [107.6999709, -6.8699428], [107.7005374, -6.8699472], [107.7009862, -6.8694338], [107.701047, -6.8688626], [107.7017073, -6.8684357], [107.7018302, -6.867744], [107.7022806, -6.867653], [107.7024149, -6.8670758], [107.7038723, -6.8661553], [107.7079846, -6.864726], [107.7081963, -6.8630521], [107.7088483, -6.8626653], [107.7095553, -6.8614346], [107.7097143, -6.8604391], [107.7088405, -6.8613219], [107.7074798, -6.8619655], [107.7069608, -6.8612117], [107.7064504, -6.8616004], [107.7054194, -6.8594345], [107.7064274, -6.8574094], [107.7085108, -6.8566091], [107.7091409, -6.8558362], [107.7099682, -6.8536575], [107.7102829, -6.8508786], [107.7113306, -6.8501883], [107.7116253, -6.8495302], [107.7115172, -6.8486904], [107.7121791, -6.8474777], [107.7119879, -6.846689], [107.7126412, -6.8453186], [107.7127302, -6.8420195], [107.7116142, -6.8392524], [107.7086, -6.8369729], [107.7075124, -6.8348912], [107.707762, -6.834215], [107.709047, -6.833666], [107.71033, -6.83392], [107.711203, -6.833419], [107.712148, -6.833856], [107.712367, -6.833168], [107.71375, -6.83361], [107.71418, -6.83313], [107.71518, -6.83411], [107.71592, -6.83442], [107.71667, -6.83405], [107.71758, -6.83471], [107.718828, -6.8334046], [107.719341, -6.834068], [107.720415, -6.833592], [107.721156, -6.834031], [107.721276, -6.832982], [107.721883, -6.832861], [107.722483, -6.833319], [107.723361, -6.832437], [107.723708, -6.83248], [107.723699, -6.833176], [107.724203, -6.83311], [107.724853, -6.833522], [107.725566, -6.832868], [107.727208, -6.832668], [107.727132, -6.832009], [107.727793, -6.831084], [107.727802, -6.830487], [107.72853, -6.829733], [107.730616, -6.828194], [107.731634, -6.828143], [107.732472, -6.827506], [107.732364, -6.8271], [107.733122, -6.824909], [107.733862, -6.824399], [107.734513, -6.824459], [107.736682, -6.823507], [107.737386, -6.822228], [107.737568, -6.82005], [107.738095, -6.819532], [107.740216, -6.819962], [107.741808, -6.819267], [107.742537, -6.819452], [107.743879, -6.818306], [107.743571, -6.817811], [107.7439, -6.817068], [107.743743, -6.8163391], [107.744847, -6.815935], [107.7456925, -6.8150841], [107.7461568, -6.8136505], [107.7477799, -6.8136194], [107.7500001, -6.812845], [107.7477386, -6.8169135], [107.7455079, -6.8239924], [107.7447048, -6.8283349], [107.7450915, -6.8302087], [107.7462812, -6.83238], [107.746192, -6.8338374], [107.7449428, -6.8360979], [107.7438423, -6.8405594], [107.7422361, -6.8428793], [107.7421469, -6.8439501], [107.743753, -6.8452885], [107.7437828, -6.8465377], [107.7425633, -6.8479357], [107.741552, -6.8485305], [107.7415223, -6.8523674], [107.7409869, -6.8548659], [107.741671, -6.8570966], [107.74179, -6.8587325], [107.7431284, -6.8611119], [107.742831, -6.865395], [107.7429797, -6.8682206], [107.743991, -6.8747046], [107.7444936, -6.8761593], [107.7439763, -6.8771112], [107.7431103, -6.881257], [107.7420773, -6.8830129], [107.7404446, -6.8894582], [107.7403501, -6.8930018], [107.741409, -6.8949179], [107.741386, -6.8959221], [107.7408738, -6.8966997], [107.7406256, -6.8984798], [107.7407115, -6.9012515], [107.7401234, -6.9050705], [107.7393155, -6.9058093], [107.7394978, -6.9062321], [107.7382582, -6.907835], [107.7385835, -6.908242], [107.7359813, -6.9076594], [107.7362468, -6.9069968], [107.7370937, -6.9071199], [107.7380642, -6.9044569], [107.7395494, -6.9021085], [107.7381683, -6.9012219], [107.738192, -6.8996276], [107.7373545, -6.8999274], [107.7368262, -6.8997656], [107.736574, -6.9001892], [107.7362266, -6.9000845], [107.7362219, -6.8992041], [107.7345134, -6.8995134], [107.7343564, -6.8991803], [107.7347085, -6.8983618], [107.730278, -6.8971435], [107.7299401, -6.8959062], [107.7274559, -6.8960347], [107.7270895, -6.8964534], [107.7260378, -6.8950924], [107.7243531, -6.8968579], [107.7239581, -6.8977193], [107.7241009, -6.898062], [107.7225971, -6.8990851], [107.7214216, -6.8993469], [107.7200213, -6.8992599], [107.719518, -6.8989043], [107.7185808, -6.8995954], [107.7174386, -6.8991909], [107.7163298, -6.9018559], [107.714946, -6.9040199], [107.7147426, -6.9038879], [107.713926, -6.902253], [107.7146498, -6.8957394], [107.7146283, -6.894815], [107.7142928, -6.8944973], [107.7145709, -6.8903579], [107.7136011, -6.8894399], [107.7125912, -6.8894013], [107.712358, -6.8900771], [107.7120058, -6.8898392], [107.711711, -6.8901155], [107.7109151, -6.8899513], [107.7104547, -6.8905153], [107.70909, -6.889932], [107.7076743, -6.8898014], [107.7076029, -6.8907616], [107.7066392, -6.8917145], [107.704719, -6.8914683], [107.7041051, -6.8931672], [107.7049227, -6.8955503], [107.7044049, -6.8983389], [107.7037232, -6.8982961], [107.7036233, -6.8986459], [107.7018183, -6.8980916]]]}}, {"type": "Feature", "properties": {"name": "Cileunyi"}, "geometry": {"type": "Polygon", "coordinates": [[[107.7245607, -6.969469], [107.7235764, -6.969712], [107.7235042, -6.9691177], [107.7226083, -6.968839], [107.7226836, -6.9685158], [107.7218787, -6.9681595], [107.7217412, -6.9687127], [107.7212388, -6.9687034], [107.7209823, -6.9681934], [107.7206757, -6.9686423], [107.7192957, -6.9686486], [107.7196407, -6.9687801], [107.7193498, -6.9690659], [107.7188102, -6.9724666], [107.7184334, -6.9722821], [107.7184855, -6.971792], [107.7153665, -6.9711635], [107.7154609, -6.9709047], [107.7149707, -6.9705479], [107.713071, -6.9714163], [107.7127193, -6.9705875], [107.7122311, -6.9709848], [107.7123082, -6.9719198], [107.7107414, -6.9725025], [107.7098855, -6.9737615], [107.7097829, -6.9744451], [107.7098151, -6.9733719], [107.7091563, -6.9712526], [107.7047595, -6.9697432], [107.7046501, -6.9672431], [107.7160931, -6.9613485], [107.715913, -6.9605041], [107.7163829, -6.960052], [107.716484, -6.9592846], [107.7158544, -6.9586635], [107.7159704, -6.9578931], [107.7155688, -6.9561561], [107.7147985, -6.9558438], [107.714394, -6.9562721], [107.7136147, -6.956165], [107.713562, -6.955574], [107.712549, -6.954086], [107.7130407, -6.9525512], [107.7128771, -6.9505019], [107.7133619, -6.9493568], [107.7132489, -6.9485835], [107.712906, -6.948305], [107.7130109, -6.9475246], [107.7140519, -6.9461594], [107.7158423, -6.9457317], [107.7172378, -6.9420542], [107.7164242, -6.9416898], [107.7168627, -6.9408205], [107.717636, -6.9398449], [107.7177817, -6.9391579], [107.7186145, -6.9384678], [107.7198191, -6.9382923], [107.7208364, -6.9373524], [107.7207204, -6.9367011], [107.7214758, -6.9344226], [107.7225144, -6.9336508], [107.723005, -6.932698], [107.723796, -6.929889], [107.7246281, -6.9286063], [107.7248529, -6.9261007], [107.7259487, -6.9243161], [107.726228, -6.921377], [107.726902, -6.919675], [107.7259456, -6.9192664], [107.7258131, -6.9183279], [107.7263482, -6.917532], [107.72672, -6.9174636], [107.7271288, -6.9165565], [107.728489, -6.916978], [107.7286392, -6.9154791], [107.7296733, -6.9132363], [107.7305115, -6.9133881], [107.7318444, -6.9110376], [107.7329281, -6.9102381], [107.7342491, -6.9084716], [107.7349322, -6.908948], [107.7359813, -6.9076594], [107.7385835, -6.908242], [107.7382582, -6.907835], [107.7394978, -6.9062321], [107.7393155, -6.9058093], [107.7401234, -6.9050705], [107.7407115, -6.9012515], [107.7406256, -6.8984798], [107.741409, -6.8949179], [107.7403501, -6.8930018], [107.7404446, -6.8894582], [107.7420773, -6.8830129], [107.7431103, -6.881257], [107.7439763, -6.8771112], [107.7444936, -6.8761593], [107.7463407, -6.8795528], [107.7484525, -6.8816645], [107.7489879, -6.8838655], [107.7505048, -6.8845496], [107.7509807, -6.885085], [107.7519919, -6.8895763], [107.7518135, -6.8910337], [107.7528545, -6.8957331], [107.7535683, -6.8964767], [107.7547283, -6.8968633], [107.757197, -6.8967741], [107.7580595, -6.8971013], [107.7587139, -6.8981721], [107.7588132, -6.9019286], [107.7592399, -6.9034409], [107.7586931, -6.9034905], [107.7584794, -6.9039297], [107.7588843, -6.9045098], [107.758149, -6.9045536], [107.7577519, -6.9055179], [107.7581331, -6.9062029], [107.759073, -6.906586], [107.7587898, -6.9072127], [107.7581751, -6.9073418], [107.7582126, -6.9080347], [107.7578391, -6.9082475], [107.7587888, -6.9084017], [107.7586929, -6.9090871], [107.7583126, -6.9091018], [107.7581805, -6.9096285], [107.7576421, -6.909879], [107.758523, -6.9105642], [107.7582127, -6.911762], [107.7589136, -6.9118338], [107.7587411, -6.9124302], [107.7594255, -6.9127431], [107.7585098, -6.9145133], [107.7594, -6.9163881], [107.7598697, -6.9163616], [107.7596959, -6.9172312], [107.7593244, -6.9172916], [107.7598231, -6.9178192], [107.7592733, -6.9186234], [107.7598291, -6.9188012], [107.7597351, -6.9203242], [107.7600849, -6.9206141], [107.7591672, -6.9209016], [107.7586235, -6.9220948], [107.7587807, -6.9253122], [107.7581363, -6.9257725], [107.758573, -6.926923], [107.757894, -6.9270588], [107.75789, -6.9277717], [107.7568888, -6.9288549], [107.7577431, -6.9293348], [107.7574856, -6.9314544], [107.757962, -6.932141], [107.7574798, -6.9326632], [107.7580978, -6.9348571], [107.7577369, -6.9352546], [107.7576039, -6.9361983], [107.757571, -6.9366218], [107.7579443, -6.9366986], [107.7569441, -6.9391526], [107.756923, -6.9407056], [107.7560899, -6.9416306], [107.7560247, -6.9423718], [107.7547881, -6.9435396], [107.7545803, -6.94462], [107.7543641, -6.9462466], [107.7556594, -6.9482097], [107.7545012, -6.9499013], [107.7537317, -6.9504377], [107.753196, -6.9520735], [107.7529564, -6.9520599], [107.7526017, -6.9533845], [107.752881, -6.955236], [107.7526202, -6.9557941], [107.7513042, -6.9567944], [107.7511056, -6.9578364], [107.750697, -6.9577075], [107.7506013, -6.958266], [107.7491358, -6.9582981], [107.7483969, -6.9590297], [107.74868, -6.9607905], [107.7475128, -6.962448], [107.7453199, -6.9627578], [107.7451413, -6.963052], [107.7440063, -6.9632956], [107.743746, -6.9639745], [107.7429347, -6.9636662], [107.742546, -6.964473], [107.7416717, -6.9639382], [107.7408529, -6.9646366], [107.7403005, -6.964346], [107.7389935, -6.9642551], [107.7378377, -6.9645733], [107.7362174, -6.9642719], [107.735396, -6.96497], [107.7333404, -6.9684246], [107.7314012, -6.9702887], [107.7286631, -6.9705495], [107.7257483, -6.9702496], [107.7245607, -6.969469]]]}}, {"type": "Feature", "properties": {"name": "Cimaung"}, "geometry": {"type": "Polygon", "coordinates": [[[107.586682, -7.0943805], [107.5879109, -7.095001], [107.5901019, -7.0974506], [107.5909822, -7.097787], [107.591917, -7.0987518], [107.593362, -7.0993061], [107.5959579, -7.1024193], [107.596504, -7.102605], [107.5972835, -7.1046331], [107.5978677, -7.1049242], [107.5980447, -7.1057553], [107.5987254, -7.1056541], [107.5988147, -7.1062877], [107.6007294, -7.1074422], [107.6014327, -7.1075425], [107.6016565, -7.1090265], [107.6032568, -7.1125108], [107.6039145, -7.1132675], [107.6048646, -7.1136602], [107.6062037, -7.1155356], [107.6077201, -7.1163878], [107.6087841, -7.1178774], [107.6164679, -7.1203337], [107.6196557, -7.1210688], [107.6201204, -7.1207075], [107.6259303, -7.1249642], [107.632258, -7.126878], [107.6340432, -7.1268276], [107.6393207, -7.1323495], [107.6400056, -7.1357172], [107.6398554, -7.1371818], [107.637389, -7.1431306], [107.6344661, -7.1465393], [107.633293, -7.147311], [107.6308842, -7.1471298], [107.6299698, -7.1467467], [107.6285441, -7.1472264], [107.6273178, -7.1462908], [107.623929, -7.1471646], [107.6213827, -7.1483041], [107.6191098, -7.1473317], [107.6182043, -7.1476738], [107.616354, -7.1476216], [107.6095799, -7.1497697], [107.608769, -7.149573], [107.6075554, -7.1481714], [107.60248, -7.148802], [107.6004989, -7.1476246], [107.5950327, -7.1464372], [107.5916323, -7.1472325], [107.5877934, -7.1471832], [107.5858092, -7.1476703], [107.5817537, -7.1468217], [107.5809843, -7.1460854], [107.5797004, -7.1460577], [107.5780453, -7.1451991], [107.5754448, -7.1428231], [107.5746843, -7.1428883], [107.5737109, -7.1420194], [107.5733824, -7.14078], [107.5726787, -7.1397648], [107.5716617, -7.1400449], [107.5705708, -7.1393592], [107.5692422, -7.1391844], [107.5683846, -7.1383475], [107.5674125, -7.1384336], [107.5662229, -7.1368229], [107.565087, -7.136725], [107.5650736, -7.1359301], [107.5636667, -7.135009], [107.5635721, -7.1340676], [107.5621042, -7.1328751], [107.5620379, -7.1322714], [107.5603021, -7.1314274], [107.5602048, -7.1307609], [107.559145, -7.1300042], [107.558454, -7.1306651], [107.5573526, -7.130194], [107.5569469, -7.1283359], [107.5543137, -7.1261866], [107.5544796, -7.1254374], [107.555065, -7.1249138], [107.5550393, -7.1244289], [107.5534966, -7.1244435], [107.5528296, -7.1226705], [107.5516703, -7.1219317], [107.5518936, -7.1210352], [107.5525859, -7.1207131], [107.55203, -7.1199281], [107.5519979, -7.1171768], [107.5513003, -7.115961], [107.5527511, -7.1154113], [107.5519775, -7.1143168], [107.5521117, -7.1127404], [107.5515805, -7.1126152], [107.5531657, -7.1111412], [107.5533251, -7.1105339], [107.5545728, -7.1109327], [107.5548235, -7.1105525], [107.5547454, -7.1092407], [107.5557826, -7.1104994], [107.5551752, -7.1090275], [107.5555846, -7.1086044], [107.5549437, -7.1078547], [107.5545412, -7.1060469], [107.5534268, -7.1062443], [107.5533177, -7.1051259], [107.5537387, -7.103775], [107.5520274, -7.1025028], [107.5520505, -7.1014984], [107.5527232, -7.1014971], [107.5521193, -7.1005201], [107.552188, -7.0996092], [107.551395, -7.0988675], [107.5499186, -7.0992161], [107.5503898, -7.0999481], [107.5498552, -7.1002265], [107.5491491, -7.1013628], [107.5495352, -7.1027162], [107.5489984, -7.103645], [107.5484218, -7.1039696], [107.5475808, -7.1059789], [107.5462685, -7.1069291], [107.5462824, -7.1073709], [107.5458677, -7.1075263], [107.5445775, -7.1100507], [107.5431903, -7.1111401], [107.543717, -7.1118344], [107.5432127, -7.1120782], [107.5432237, -7.1125057], [107.5419669, -7.1122256], [107.5418866, -7.1132992], [107.5405867, -7.1125029], [107.540267, -7.1139049], [107.5397141, -7.1136641], [107.5393048, -7.1144554], [107.5385016, -7.1141269], [107.5382555, -7.1148227], [107.5375264, -7.1149213], [107.5362724, -7.1161936], [107.5353985, -7.1166058], [107.5348034, -7.1159893], [107.5341036, -7.116194], [107.5338641, -7.1165224], [107.5339696, -7.1174314], [107.5332072, -7.1177283], [107.5326105, -7.1173595], [107.5315925, -7.1176711], [107.5307395, -7.1175419], [107.5302739, -7.11819], [107.529373, -7.1180324], [107.529511, -7.1187537], [107.5287923, -7.1186477], [107.528508, -7.1191944], [107.5279059, -7.1194081], [107.5280399, -7.1202682], [107.5263152, -7.1204106], [107.5254451, -7.1209892], [107.5255529, -7.1238962], [107.5263029, -7.1251546], [107.5258797, -7.1276055], [107.5265156, -7.1309957], [107.5251582, -7.1302572], [107.5245519, -7.1294766], [107.5235254, -7.1266932], [107.5223601, -7.1258158], [107.5205874, -7.1252401], [107.517897, -7.1249449], [107.5171099, -7.1238933], [107.5167047, -7.1170204], [107.5171366, -7.1133508], [107.5185251, -7.1108052], [107.5188398, -7.109518], [107.5188076, -7.1064269], [107.5194135, -7.1051534], [107.5213229, -7.1029905], [107.5232214, -7.0975005], [107.523382, -7.095146], [107.5230529, -7.0942406], [107.524913, -7.09251], [107.5267487, -7.0890771], [107.5288943, -7.0890712], [107.5312012, -7.0877858], [107.530972, -7.086741], [107.531151, -7.085156], [107.5340122, -7.0815074], [107.5349288, -7.0815719], [107.5389586, -7.0805947], [107.541335, -7.077862], [107.5427262, -7.0769117], [107.543151, -7.075037], [107.5429079, -7.0734109], [107.5433533, -7.0731147], [107.5469331, -7.0732903], [107.548577, -7.074124], [107.5490576, -7.072175], [107.5506888, -7.0726771], [107.5511981, -7.0736933], [107.5529334, -7.0725411], [107.5535108, -7.0693819], [107.5559065, -7.0681491], [107.5567868, -7.0692752], [107.557629, -7.068336], [107.5594234, -7.0680396], [107.5604253, -7.0698503], [107.5616582, -7.0696469], [107.5656346, -7.0699242], [107.5657511, -7.069077], [107.5677728, -7.0690573], [107.5678083, -7.0699512], [107.5686199, -7.0698477], [107.5688097, -7.0705697], [107.5699608, -7.0705415], [107.5700598, -7.0714364], [107.5711337, -7.0724422], [107.5715613, -7.0723753], [107.5732326, -7.0736163], [107.5746228, -7.073094], [107.5749768, -7.0732378], [107.5750021, -7.0736423], [107.57532, -7.0736317], [107.5754892, -7.0744681], [107.5761391, -7.0748537], [107.5765356, -7.0762277], [107.5763928, -7.0767115], [107.5776524, -7.079004], [107.5778357, -7.0801236], [107.5784859, -7.0803053], [107.5793056, -7.0824347], [107.5807173, -7.0839631], [107.5809911, -7.0853066], [107.5813433, -7.0851522], [107.5816316, -7.0858829], [107.5829193, -7.0871758], [107.5827608, -7.0877266], [107.583141, -7.0888334], [107.5839533, -7.0901798], [107.5857006, -7.091784], [107.5855287, -7.0926069], [107.586682, -7.0943805]]]}}, {"type": "Feature", "properties": {"name": "Cimenyan"}, "geometry": {"type": "Polygon", "coordinates": [[[107.6633635, -6.8840687], [107.6624947, -6.8856172], [107.6620771, -6.8855994], [107.6616738, -6.8860812], [107.6598071, -6.8894684], [107.6564021, -6.8943082], [107.6554598, -6.8941298], [107.6543355, -6.8947936], [107.6491352, -6.893316], [107.6490781, -6.8921203], [107.6479467, -6.8913779], [107.646544, -6.891717], [107.6456945, -6.8911816], [107.6470996, -6.8898483], [107.6465548, -6.8891532], [107.6468439, -6.8883715], [107.6459944, -6.8881217], [107.6437385, -6.8931584], [107.6406814, -6.8912726], [107.6389872, -6.8895834], [107.6377885, -6.8893205], [107.6373215, -6.8880237], [107.6381316, -6.8866917], [107.637808, -6.8863243], [107.6372446, -6.886726], [107.6362222, -6.8863333], [107.6354111, -6.8877129], [107.6353656, -6.8884105], [107.6338948, -6.888122], [107.6335887, -6.8896679], [107.632443, -6.8894359], [107.6324698, -6.8881426], [107.6330082, -6.8872652], [107.6332699, -6.88543], [107.6338945, -6.8847222], [107.633148, -6.8833897], [107.631979, -6.8826074], [107.6305881, -6.8826608], [107.6294222, -6.8805669], [107.6299627, -6.8786713], [107.6298414, -6.8774557], [107.6302233, -6.8770703], [107.629654, -6.8752182], [107.6303304, -6.8742542], [107.6302804, -6.8729157], [107.6306587, -6.8721912], [107.6298993, -6.8708384], [107.6293587, -6.8714414], [107.6273956, -6.8714843], [107.6270173, -6.8696997], [107.6275741, -6.8689787], [107.6272528, -6.868893], [107.6272885, -6.8683077], [107.6266389, -6.8681389], [107.6263003, -6.8660991], [107.6260326, -6.8666821], [107.6255435, -6.866347], [107.6245719, -6.867126], [107.6237603, -6.8665512], [107.6240458, -6.8658136], [107.6247358, -6.8655637], [107.6261973, -6.8636383], [107.6251334, -6.86315], [107.6246276, -6.8620005], [107.6239328, -6.8618863], [107.624999, -6.860753], [107.624689, -6.859463], [107.624953, -6.858242], [107.627046, -6.857914], [107.628285, -6.855684], [107.631054, -6.856093], [107.6321, -6.855338], [107.634027, -6.855481], [107.635041, -6.85468], [107.636695, -6.854942], [107.636828, -6.85251], [107.63809, -6.852115], [107.638565, -6.852781], [107.638983, -6.852761], [107.639325, -6.851286], [107.640017, -6.851426], [107.641197, -6.850263], [107.64265, -6.850084], [107.643809, -6.847646], [107.643953, -6.846426], [107.64631, -6.845157], [107.647096, -6.843987], [107.648198, -6.843962], [107.649276, -6.843261], [107.649717, -6.842544], [107.651906, -6.842017], [107.653347, -6.839578], [107.654548, -6.838497], [107.654715, -6.837032], [107.658731, -6.834651], [107.659982, -6.834237], [107.660789, -6.833094], [107.660468, -6.83231], [107.660805, -6.832091], [107.663804, -6.831903], [107.665132, -6.831299], [107.666166, -6.832098], [107.668639, -6.831506], [107.66956, -6.832214], [107.67103, -6.832098], [107.672335, -6.832416], [107.674005, -6.831223], [107.675365, -6.831495], [107.676277, -6.830451], [107.676583, -6.830684], [107.676557, -6.83129], [107.677395, -6.831701], [107.67811, -6.830522], [107.678911, -6.831738], [107.680734, -6.830951], [107.682297, -6.831385], [107.682827, -6.830108], [107.683971, -6.830463], [107.684693, -6.830106], [107.687373, -6.830959], [107.688459, -6.83004], [107.689408, -6.830505], [107.689846, -6.829978], [107.68939, -6.829447], [107.6899939, -6.8292411], [107.689251, -6.835442], [107.689659, -6.834975], [107.691914, -6.83468], [107.694967, -6.836304], [107.695809, -6.836168], [107.69976, -6.83696], [107.70035, -6.83723], [107.70119, -6.83841], [107.70277, -6.83935], [107.7034, -6.84026], [107.706462, -6.836465], [107.706692, -6.835341], [107.7075124, -6.8348912], [107.7086, -6.8369729], [107.7116142, -6.8392524], [107.7127302, -6.8420195], [107.7126412, -6.8453186], [107.7119879, -6.846689], [107.7121791, -6.8474777], [107.7115172, -6.8486904], [107.7116253, -6.8495302], [107.7113306, -6.8501883], [107.7102829, -6.8508786], [107.7099682, -6.8536575], [107.7091409, -6.8558362], [107.7085108, -6.8566091], [107.7064274, -6.8574094], [107.7054194, -6.8594345], [107.7064504, -6.8616004], [107.7069608, -6.8612117], [107.7074798, -6.8619655], [107.7088405, -6.8613219], [107.7097143, -6.8604391], [107.7095553, -6.8614346], [107.7088483, -6.8626653], [107.7081963, -6.8630521], [107.7079846, -6.864726], [107.7038723, -6.8661553], [107.7024149, -6.8670758], [107.7022806, -6.867653], [107.7018302, -6.867744], [107.7017073, -6.8684357], [107.701047, -6.8688626], [107.7009862, -6.8694338], [107.7005374, -6.8699472], [107.6999709, -6.8699428], [107.6994086, -6.8703867], [107.6992821, -6.8710783], [107.6986345, -6.8714071], [107.6988314, -6.8723839], [107.6979575, -6.8724689], [107.6974286, -6.8740477], [107.6960895, -6.8748251], [107.6961376, -6.8754614], [107.6965104, -6.8758119], [107.6962915, -6.8762465], [107.6965118, -6.8771179], [107.6960319, -6.8774075], [107.6957611, -6.8781562], [107.6960801, -6.8785808], [107.6956222, -6.8792505], [107.6956579, -6.880931], [107.6938171, -6.8837543], [107.6939386, -6.8845876], [107.6932413, -6.8851596], [107.692492, -6.8872254], [107.6919492, -6.8871912], [107.6906219, -6.8921118], [107.6902196, -6.8920367], [107.6901088, -6.8927517], [107.6891032, -6.8923557], [107.6890005, -6.8927177], [107.68761, -6.8925376], [107.6873089, -6.8933714], [107.6874779, -6.8943158], [107.6868365, -6.8966176], [107.6846455, -6.8956027], [107.6845354, -6.8942256], [107.684232, -6.8936039], [107.6838216, -6.8935861], [107.6841339, -6.8929347], [107.6825511, -6.8924568], [107.6827491, -6.8918425], [107.6807682, -6.8912036], [107.6812786, -6.8903006], [107.6806611, -6.8894725], [107.6796975, -6.8897259], [107.6795154, -6.8908395], [107.6784982, -6.8913678], [107.6779521, -6.8928383], [107.6744793, -6.8919995], [107.6732765, -6.8922672], [107.6722022, -6.8917925], [107.6718687, -6.8922246], [107.6712631, -6.8917966], [107.670767, -6.8918715], [107.6706001, -6.892289], [107.6687968, -6.8920821], [107.6687576, -6.8912469], [107.6681304, -6.8910317], [107.6689574, -6.8881119], [107.6693404, -6.8879943], [107.6699864, -6.8863596], [107.66994, -6.8856494], [107.6707863, -6.8843778], [107.6701256, -6.8839897], [107.6692369, -6.8845536], [107.6674915, -6.8867701], [107.6653251, -6.8901715], [107.6642472, -6.8897468], [107.664779, -6.8893827], [107.6645898, -6.8888474], [107.6653679, -6.8869771], [107.6656641, -6.8852817], [107.664949, -6.884394], [107.6635333, -6.8837077], [107.6633635, -6.8840687]]]}}, {"type": "Feature", "properties": {"name": "Ciparay"}, "geometry": {"type": "Polygon", "coordinates": [[[107.6968398, -7.0839422], [107.6943989, -7.0836694], [107.6953438, -7.0876025], [107.6944887, -7.0887156], [107.6948282, -7.089689], [107.6945621, -7.0908382], [107.6930959, -7.0912089], [107.692788, -7.0895001], [107.6907343, -7.0896757], [107.6898179, -7.0905417], [107.6831535, -7.1000347], [107.6819963, -7.100155], [107.6815565, -7.1006656], [107.6807784, -7.1006283], [107.6799022, -7.1017271], [107.6787679, -7.101662], [107.6779837, -7.1021178], [107.6762654, -7.1019364], [107.6736207, -7.1029917], [107.6727505, -7.1046225], [107.6709375, -7.1056551], [107.6702985, -7.106908], [107.6694108, -7.1075885], [107.6693064, -7.1081629], [107.6687917, -7.107934], [107.6673045, -7.1090328], [107.6645125, -7.112989], [107.6629221, -7.1161159], [107.6610915, -7.1174462], [107.658356, -7.117921], [107.6533104, -7.1179284], [107.6493379, -7.1201747], [107.6417756, -7.1225133], [107.6407038, -7.1234519], [107.6393415, -7.1238183], [107.637857, -7.1254191], [107.6340432, -7.1268276], [107.632258, -7.126878], [107.6294066, -7.1261053], [107.634022, -7.117902], [107.635837, -7.1160545], [107.640202, -7.1143292], [107.6420375, -7.1130277], [107.6465647, -7.1121725], [107.6485349, -7.1111746], [107.6495129, -7.1104163], [107.6526948, -7.1065832], [107.6540073, -7.1055548], [107.6553193, -7.1050091], [107.6573127, -7.1049244], [107.6597846, -7.1060017], [107.6616404, -7.1074296], [107.6638243, -7.1072675], [107.6638183, -7.105544], [107.6634493, -7.1048527], [107.663791, -7.1039183], [107.6634611, -7.1037827], [107.6644139, -7.1019482], [107.6645466, -7.1010808], [107.6652273, -7.1008318], [107.6654046, -7.0994082], [107.66642, -7.0991035], [107.6669014, -7.0985389], [107.6675246, -7.0986907], [107.6680597, -7.0984065], [107.6694177, -7.0966507], [107.6698781, -7.0955078], [107.6729067, -7.0938566], [107.6735934, -7.0928699], [107.6753399, -7.0916638], [107.6755773, -7.0899967], [107.675911, -7.0895693], [107.6782249, -7.0884961], [107.6786523, -7.0879982], [107.6789851, -7.0873973], [107.6786987, -7.0872074], [107.6789214, -7.0864943], [107.6786322, -7.0864116], [107.6789902, -7.0857191], [107.680436, -7.0849176], [107.680606, -7.0851732], [107.6814816, -7.0843187], [107.6826502, -7.0841704], [107.6832191, -7.0833558], [107.6840818, -7.0829827], [107.6841725, -7.0815428], [107.6847193, -7.0806577], [107.6845014, -7.0798261], [107.685364, -7.079098], [107.6855674, -7.07826], [107.6860561, -7.0777647], [107.686251, -7.0763049], [107.6872457, -7.0759056], [107.6875142, -7.0753367], [107.687271, -7.0744329], [107.6878948, -7.0725658], [107.688429, -7.0720706], [107.6881538, -7.0719148], [107.6884189, -7.0715754], [107.6881841, -7.0696847], [107.6885613, -7.0691997], [107.6876974, -7.0691995], [107.6866793, -7.0684382], [107.6868016, -7.0679831], [107.6855133, -7.066673], [107.6847595, -7.0651884], [107.6850619, -7.0646626], [107.6847756, -7.0643861], [107.6853154, -7.06366], [107.6848247, -7.0632057], [107.6853773, -7.062428], [107.6851252, -7.0619737], [107.6861684, -7.0601566], [107.6855256, -7.059613], [107.6851929, -7.058417], [107.6863814, -7.0571923], [107.685359, -7.055531], [107.6862126, -7.0511494], [107.6861586, -7.050005], [107.6830904, -7.0479922], [107.6809659, -7.0483737], [107.6782289, -7.0445847], [107.677716, -7.0426673], [107.6790761, -7.0401635], [107.6798237, -7.0321631], [107.679483, -7.0276891], [107.6792978, -7.0273692], [107.6787398, -7.0274294], [107.6793533, -7.0260192], [107.6793146, -7.0254188], [107.6788552, -7.0250821], [107.6790092, -7.024428], [107.6792545, -7.0244568], [107.6793771, -7.02248], [107.678894, -7.0113511], [107.6790364, -7.00905], [107.6803773, -7.008163], [107.6815083, -7.0085892], [107.6813437, -7.0089566], [107.6849896, -7.0076288], [107.685459, -7.006884], [107.6859375, -7.0044371], [107.6854996, -7.0043643], [107.6853512, -7.0035284], [107.6848908, -7.0035728], [107.6846703, -7.0026686], [107.6843839, -7.0012297], [107.684671, -6.998843], [107.6845, -6.998038], [107.68402, -6.997647], [107.682938, -6.997755], [107.681071, -6.994352], [107.680655, -6.994259], [107.6809835, -6.9932308], [107.682597, -6.992601], [107.68364, -6.991101], [107.684362, -6.990615], [107.687062, -6.990146], [107.6871889, -6.9919724], [107.6883575, -6.9920607], [107.6890979, -6.9914885], [107.6884972, -6.9898102], [107.689687, -6.989881], [107.690646, -6.988738], [107.691322, -6.98885], [107.691681, -6.990853], [107.692378, -6.991109], [107.693022, -6.988965], [107.695013, -6.989426], [107.6949072, -6.9880534], [107.696144, -6.987984], [107.69724, -6.987216], [107.697781, -6.987213], [107.698208, -6.987596], [107.698033, -6.989043], [107.698652, -6.98928], [107.699946, -6.987721], [107.701437, -6.986787], [107.701757, -6.986959], [107.701842, -6.988288], [107.7023092, -6.9888636], [107.7036407, -6.9892315], [107.7042559, -6.98884], [107.7041245, -6.9895149], [107.7058656, -6.9907963], [107.7063191, -6.9914935], [107.70633, -6.9923051], [107.7050758, -6.9926692], [107.7064754, -6.9949505], [107.7064329, -6.9952837], [107.7051554, -6.9963214], [107.705611, -6.9970294], [107.7063387, -6.9971823], [107.7062053, -6.9975623], [107.7071138, -6.9978278], [107.7090923, -6.9968], [107.7096746, -6.9967621], [107.7102094, -6.997175], [107.7114729, -6.996329], [107.7144762, -6.9956511], [107.7155966, -6.996555], [107.7159048, -6.9958109], [107.7168918, -6.9959279], [107.7167068, -6.9964958], [107.7171701, -6.9967526], [107.7171001, -6.9973213], [107.7189166, -6.9971145], [107.7188869, -6.9979276], [107.7177195, -6.9983213], [107.7200052, -7.0008447], [107.7202567, -7.0014159], [107.7197773, -7.0015838], [107.7197892, -7.0021955], [107.7211195, -7.0024745], [107.7210367, -7.0027255], [107.7192269, -7.002558], [107.7192928, -7.0029188], [107.718732, -7.0032123], [107.7196201, -7.0040051], [107.7201965, -7.0053319], [107.7193729, -7.0060977], [107.7200416, -7.0067047], [107.7198854, -7.0073319], [107.7209438, -7.0075255], [107.7217306, -7.0072667], [107.7221471, -7.0080665], [107.7220045, -7.0089592], [107.7210086, -7.0090524], [107.7209833, -7.0095743], [107.7214176, -7.0096786], [107.7215935, -7.0102509], [107.7209544, -7.0102257], [107.7208089, -7.0107259], [107.7210074, -7.0111999], [107.7216197, -7.0107931], [107.7221401, -7.0116393], [107.7205959, -7.0129191], [107.7207347, -7.0136892], [107.7202643, -7.0140733], [107.7205115, -7.0146063], [107.7215956, -7.0147112], [107.7217489, -7.0139097], [107.722807, -7.0135863], [107.7235297, -7.0129662], [107.7250185, -7.0149817], [107.7251127, -7.0163046], [107.7253152, -7.0167059], [107.7257829, -7.0166316], [107.7268501, -7.0188513], [107.726481, -7.0207995], [107.7266821, -7.0216351], [107.7298331, -7.0240786], [107.7330881, -7.0237182], [107.7351223, -7.0239101], [107.7362201, -7.0235766], [107.7381476, -7.0246699], [107.7394825, -7.0246075], [107.7410409, -7.0259411], [107.7404253, -7.0277205], [107.7412806, -7.0281372], [107.7426804, -7.0298389], [107.7432955, -7.0299328], [107.7439389, -7.0289909], [107.7444755, -7.0289218], [107.7453035, -7.0295797], [107.7469985, -7.0302066], [107.7478071, -7.0316701], [107.7468251, -7.0328313], [107.7467084, -7.0355753], [107.7450357, -7.0369206], [107.7451564, -7.0393612], [107.7448357, -7.0406854], [107.7441962, -7.0381081], [107.7429979, -7.0361926], [107.738956, -7.0363431], [107.736302, -7.0358293], [107.735156, -7.0362688], [107.7336606, -7.0363541], [107.7319473, -7.0376825], [107.731956, -7.038704], [107.730991, -7.038898], [107.729867, -7.038656], [107.729351, -7.039222], [107.728302, -7.03903], [107.727996, -7.039353], [107.726466, -7.039365], [107.7256587, -7.0406252], [107.724435, -7.041033], [107.7228259, -7.0433923], [107.7226057, -7.0443816], [107.7219072, -7.0443141], [107.7217928, -7.0463274], [107.7192888, -7.0468703], [107.7190589, -7.048753], [107.7183285, -7.0486193], [107.71734, -7.051681], [107.7174334, -7.0532303], [107.716908, -7.055232], [107.7159904, -7.0561267], [107.715535, -7.0559955], [107.715252, -7.057129], [107.715538, -7.0579899], [107.7169058, -7.0586654], [107.7165525, -7.0605509], [107.7168144, -7.0606502], [107.7167409, -7.0615512], [107.7170153, -7.061663], [107.7167845, -7.0626077], [107.7174117, -7.0628401], [107.7171809, -7.0638464], [107.7198853, -7.0649464], [107.7192549, -7.0664192], [107.7206675, -7.068232], [107.7213544, -7.0686508], [107.7209332, -7.0695097], [107.7219771, -7.0702902], [107.721874, -7.070657], [107.7231136, -7.072505], [107.723537, -7.07282], [107.724317, -7.0727], [107.7218416, -7.0756741], [107.7204752, -7.0766114], [107.7193135, -7.0780023], [107.7178534, -7.0788888], [107.7167458, -7.0819579], [107.7162192, -7.0821905], [107.7160206, -7.0835069], [107.71326, -7.0830383], [107.712955, -7.0825617], [107.7125458, -7.0827948], [107.7128137, -7.0838953], [107.71253, -7.0840167], [107.7118272, -7.0835592], [107.7117589, -7.0819572], [107.7096678, -7.0820031], [107.709791, -7.0842799], [107.7083247, -7.0856394], [107.7081718, -7.0869018], [107.7072851, -7.086871], [107.7072156, -7.0872682], [107.7061533, -7.0872036], [107.7058465, -7.0876435], [107.70547, -7.0873172], [107.7034095, -7.0872619], [107.7026149, -7.0866458], [107.7025337, -7.0857504], [107.700071, -7.084626], [107.6968398, -7.0839422]]]}}, {"type": "Feature", "properties": {"name": "Ciwidey"}, "geometry": {"type": "Polygon", "coordinates": [[[107.4514037, -7.111006], [107.451365, -7.1119696], [107.4494653, -7.114071], [107.4477192, -7.114241], [107.4476438, -7.114987], [107.4469011, -7.1147146], [107.4466047, -7.1154151], [107.4458659, -7.115522], [107.4451018, -7.1163648], [107.4441067, -7.1168382], [107.4441249, -7.1174678], [107.4430064, -7.117928], [107.4427484, -7.1191051], [107.4418197, -7.1186739], [107.4387979, -7.1215599], [107.4389825, -7.120583], [107.4383787, -7.1203107], [107.4384803, -7.1197746], [107.4379144, -7.1188794], [107.4383671, -7.1175685], [107.4379902, -7.1170998], [107.4380598, -7.1164543], [107.4366345, -7.1173839], [107.4358306, -7.1168652], [107.4365645, -7.1156774], [107.4364673, -7.1150389], [107.435964, -7.1145614], [107.4359786, -7.1148005], [107.435296, -7.1148184], [107.4348608, -7.1152856], [107.4350196, -7.1158105], [107.4323204, -7.1127397], [107.4315647, -7.113442], [107.4307332, -7.1124096], [107.4301152, -7.1132969], [107.4286892, -7.1111709], [107.4261808, -7.1100456], [107.425979, -7.1109421], [107.4251093, -7.1114449], [107.424772, -7.1119221], [107.4248256, -7.1125388], [107.424361, -7.1127135], [107.4243051, -7.1146507], [107.4237598, -7.1147354], [107.4238763, -7.1157305], [107.4235201, -7.1158331], [107.4237519, -7.116662], [107.4234034, -7.1166315], [107.4233752, -7.1171689], [107.4225055, -7.1177315], [107.4231369, -7.1187861], [107.4220887, -7.1206827], [107.4213812, -7.1211472], [107.4214771, -7.1215343], [107.4211767, -7.1217882], [107.4213887, -7.122806], [107.4200125, -7.1229016], [107.4187505, -7.1239413], [107.4168653, -7.1242668], [107.4163549, -7.1248985], [107.4154435, -7.1244211], [107.4136074, -7.1257898], [107.4127925, -7.1257561], [107.4107893, -7.1268226], [107.4061691, -7.1263311], [107.40444, -7.1266844], [107.3968824, -7.126606], [107.3947441, -7.1271561], [107.3935833, -7.1244422], [107.3913297, -7.1243163], [107.3897624, -7.1237925], [107.3887797, -7.1225723], [107.3871637, -7.1217501], [107.3874296, -7.11718], [107.385572, -7.1118891], [107.3934087, -7.1041498], [107.3923604, -7.0991649], [107.39374, -7.097537], [107.394519, -7.095797], [107.39539, -7.095007], [107.395269, -7.093932], [107.396234, -7.092182], [107.3988707, -7.0923128], [107.40145, -7.091875], [107.402714, -7.093514], [107.404298, -7.093822], [107.405633, -7.095053], [107.4089476, -7.096889], [107.4085968, -7.0953973], [107.407684, -7.093895], [107.407074, -7.091421], [107.408376, -7.089173], [107.409313, -7.089231], [107.410219, -7.088196], [107.410521, -7.087345], [107.410345, -7.085909], [107.411154, -7.085308], [107.411582, -7.084068], [107.4154583, -7.0831394], [107.4164791, -7.0815567], [107.415592, -7.080143], [107.4157851, -7.0791218], [107.41617, -7.07969], [107.417823, -7.079231], [107.4184721, -7.0786324], [107.4186662, -7.0772709], [107.41921, -7.07658], [107.42041, -7.07575], [107.42169, -7.0757], [107.42214, -7.07516], [107.42189, -7.07363], [107.42136, -7.07291], [107.42175, -7.07091], [107.42116, -7.07008], [107.42078, -7.06863], [107.41992, -7.06751], [107.4206, -7.06597], [107.4206564, -7.0644553], [107.4217287, -7.063552], [107.421401, -7.061991], [107.420563, -7.061679], [107.420204, -7.061203], [107.419976, -7.05922], [107.420301, -7.058066], [107.41947, -7.056928], [107.419734, -7.056183], [107.422419, -7.055511], [107.423982, -7.05328], [107.424813, -7.051031], [107.4262866, -7.050874], [107.427501, -7.051277], [107.4295394, -7.0494473], [107.4328349, -7.048674], [107.437651, -7.046044], [107.438226, -7.046489], [107.437936, -7.048196], [107.438641, -7.048566], [107.440384, -7.048225], [107.443354, -7.04823], [107.44425, -7.047823], [107.445301, -7.048565], [107.4451715, -7.0488594], [107.448691, -7.0484405], [107.45396, -7.05171], [107.45812, -7.05202], [107.4594176, -7.0524464], [107.4605264, -7.0516586], [107.463174, -7.052601], [107.464477, -7.05373], [107.466556, -7.052385], [107.46684, -7.051235], [107.467916, -7.050358], [107.46834, -7.050362], [107.469304, -7.050869], [107.469967, -7.052129], [107.471384, -7.052537], [107.472236, -7.053489], [107.473491, -7.0536092], [107.4747164, -7.0549331], [107.4762297, -7.0573436], [107.4784797, -7.0573063], [107.4802521, -7.0563629], [107.4804716, -7.0570311], [107.4807505, -7.059838], [107.4787045, -7.0636117], [107.4763723, -7.064141], [107.4757567, -7.0645521], [107.4763662, -7.0680899], [107.4739365, -7.0700761], [107.4733476, -7.0701831], [107.4728658, -7.0698773], [107.4709768, -7.0727827], [107.4698411, -7.0736154], [107.4697944, -7.074925], [107.4689026, -7.0750247], [107.4680797, -7.0758649], [107.4684934, -7.076462], [107.4687899, -7.0761799], [107.4692703, -7.0763079], [107.4695786, -7.0770251], [107.4703344, -7.0765824], [107.4703425, -7.0775162], [107.4710991, -7.0772787], [107.4710671, -7.0762642], [107.4721221, -7.0774124], [107.4731308, -7.0773663], [107.4732751, -7.0776471], [107.4726802, -7.0783814], [107.4738416, -7.0786873], [107.4738049, -7.0794395], [107.4752438, -7.0797152], [107.4761096, -7.0789096], [107.4769555, -7.0797528], [107.4784727, -7.0791009], [107.4785832, -7.0799291], [107.4794331, -7.0803689], [107.4791867, -7.0807259], [107.4781575, -7.0809792], [107.4781241, -7.081911], [107.4784692, -7.0823792], [107.476997, -7.0836435], [107.4758692, -7.0840264], [107.4763384, -7.0847451], [107.4754507, -7.0856359], [107.4746013, -7.0848043], [107.4739656, -7.0846559], [107.4727747, -7.0851501], [107.4726276, -7.0847592], [107.472301, -7.0849144], [107.4716774, -7.0843288], [107.4711569, -7.0846364], [107.4695403, -7.0844765], [107.4688401, -7.084731], [107.4676699, -7.083994], [107.4668952, -7.0842437], [107.4667242, -7.0835553], [107.4658495, -7.082734], [107.4623506, -7.0819866], [107.4628006, -7.0831609], [107.4615832, -7.0833], [107.4614107, -7.0840602], [107.46061, -7.0847769], [107.4601008, -7.0847103], [107.4597439, -7.0852385], [107.4572978, -7.0855383], [107.4567159, -7.0861974], [107.456616, -7.087154], [107.4592415, -7.0876064], [107.4608506, -7.0873744], [107.4612313, -7.0878532], [107.4607227, -7.0886325], [107.4616596, -7.0884124], [107.4617934, -7.0888139], [107.4623229, -7.0890251], [107.4632248, -7.0883196], [107.4649254, -7.0890221], [107.4665881, -7.0891441], [107.466359, -7.088576], [107.4666327, -7.0884689], [107.4676261, -7.0890608], [107.4680009, -7.0887574], [107.4694523, -7.0890281], [107.4692828, -7.0896319], [107.4698063, -7.090194], [107.4693482, -7.0913659], [107.4698479, -7.0918121], [107.4703417, -7.0912261], [107.4706421, -7.091467], [107.4703357, -7.0921154], [107.4704963, -7.0929631], [107.4716504, -7.0928412], [107.4717302, -7.0931659], [107.4713983, -7.0937032], [107.470227, -7.0940532], [107.4701122, -7.0944694], [107.4704589, -7.0956732], [107.4710506, -7.0955962], [107.471357, -7.0963028], [107.4718601, -7.09657], [107.471069, -7.0974404], [107.4711595, -7.0991957], [107.4707149, -7.0995502], [107.470671, -7.1000776], [107.4692152, -7.1013016], [107.4688113, -7.1024214], [107.4682145, -7.1024499], [107.4676899, -7.1033805], [107.4670212, -7.1037628], [107.4651923, -7.1038529], [107.4620277, -7.1047408], [107.461451, -7.1044327], [107.4609779, -7.1047853], [107.4607726, -7.1043954], [107.4600353, -7.1045412], [107.4575855, -7.1060542], [107.4570572, -7.1067626], [107.457121, -7.1071411], [107.4563768, -7.1075587], [107.4561775, -7.1081328], [107.4556124, -7.1081684], [107.4551394, -7.1077996], [107.4537594, -7.1097657], [107.4521473, -7.1103189], [107.4514037, -7.111006]]]}}, {"type": "Feature", "properties": {"name": "Dayeuhkolot"}, "geometry": {"type": "Polygon", "coordinates": [[[107.626663, -6.991334], [107.62571, -6.990668], [107.623558, -6.987861], [107.622421, -6.987627], [107.619722, -6.988114], [107.619189, -6.987736], [107.619176, -6.986843], [107.618817, -6.986315], [107.616691, -6.98569], [107.61657, -6.984772], [107.61688, -6.983852], [107.61887, -6.982484], [107.619107, -6.981821], [107.617796, -6.980074], [107.61771, -6.9780729], [107.617315, -6.97709], [107.6164115, -6.9760256], [107.6156, -6.975644], [107.61464, -6.975963], [107.612514, -6.978201], [107.609656, -6.978332], [107.6082558, -6.9802916], [107.6075112, -6.9808204], [107.6065825, -6.9808524], [107.604507, -6.980013], [107.6036844, -6.9800958], [107.5999555, -6.9829364], [107.599691, -6.9823697], [107.6008496, -6.9787921], [107.6003789, -6.9781026], [107.5988994, -6.9785764], [107.5965434, -6.9785773], [107.5934415, -6.9806173], [107.5920813, -6.9809821], [107.5915728, -6.9808373], [107.5905678, -6.9792271], [107.5896765, -6.9788124], [107.5894774, -6.976227], [107.5879632, -6.9748896], [107.5879519, -6.9734317], [107.5885664, -6.9714296], [107.5875213, -6.9710797], [107.5878973, -6.9693298], [107.5876767, -6.9693355], [107.5877194, -6.9676998], [107.588717, -6.9644047], [107.5885192, -6.9636506], [107.5875241, -6.9635118], [107.5877641, -6.9625214], [107.616375, -6.9606556], [107.6186533, -6.9610996], [107.6264817, -6.963955], [107.636523, -6.9652796], [107.6367653, -6.9661735], [107.636516, -6.9674688], [107.6355753, -6.9697037], [107.6358393, -6.9717357], [107.6355841, -6.9727886], [107.6346151, -6.9726857], [107.632855, -6.9742491], [107.6330587, -6.9753197], [107.6342959, -6.9766458], [107.6339898, -6.9781173], [107.6303831, -6.9812464], [107.6296641, -6.9826737], [107.6301146, -6.9843534], [107.6307692, -6.9846582], [107.6315627, -6.9873888], [107.6310466, -6.9885527], [107.6308954, -6.9905191], [107.6301502, -6.9911879], [107.6291016, -6.9915452], [107.626663, -6.991334]]]}}, {"type": "Feature", "properties": {"name": "Ibun"}, "geometry": {"type": "Polygon", "coordinates": [[[107.7468949, -7.1568686], [107.74554, -7.154664], [107.7448398, -7.1540744], [107.7447891, -7.1532004], [107.745903, -7.151708], [107.7462949, -7.1490538], [107.7468207, -7.1484968], [107.7469737, -7.1477317], [107.7459113, -7.1444105], [107.7459774, -7.1438106], [107.7452564, -7.1433486], [107.7451832, -7.1426761], [107.7461349, -7.1390931], [107.7455006, -7.1387086], [107.7456237, -7.1376478], [107.7450177, -7.1359891], [107.7446227, -7.1359735], [107.744515, -7.1354811], [107.7438539, -7.1354999], [107.7437647, -7.134589], [107.7429953, -7.135006], [107.7427005, -7.1347418], [107.7427599, -7.1342936], [107.7435462, -7.1338401], [107.743094, -7.132755], [107.7426404, -7.1326861], [107.7429921, -7.1316475], [107.7425812, -7.1307768], [107.741853, -7.1299442], [107.7409346, -7.1306043], [107.7405845, -7.1300864], [107.740069, -7.1300742], [107.7400985, -7.128353], [107.7393683, -7.1273174], [107.7389954, -7.1256697], [107.7384425, -7.1255616], [107.7382895, -7.1252165], [107.7389166, -7.1242831], [107.738676, -7.1235016], [107.7390117, -7.1229187], [107.7384589, -7.1213938], [107.7386409, -7.1207334], [107.737576, -7.11971], [107.7370407, -7.1182395], [107.7374961, -7.1174487], [107.7368874, -7.1165889], [107.7374432, -7.1156828], [107.7376325, -7.1144191], [107.7386071, -7.1135035], [107.7381156, -7.1126331], [107.7385011, -7.1122758], [107.7384421, -7.1119086], [107.73752, -7.111224], [107.7368623, -7.1098559], [107.7372699, -7.1091253], [107.7380236, -7.1089316], [107.7380623, -7.1077168], [107.7384694, -7.1071895], [107.7380183, -7.1057935], [107.7384437, -7.1051077], [107.7381936, -7.1046991], [107.7384722, -7.1043413], [107.7378374, -7.1042287], [107.7383526, -7.1031112], [107.7375899, -7.1024985], [107.7389622, -7.101121], [107.7389929, -7.1006772], [107.7417668, -7.0992391], [107.741823, -7.0985233], [107.7425947, -7.0976112], [107.7426031, -7.0971812], [107.742313, -7.0970761], [107.7427296, -7.0945764], [107.7415649, -7.0944873], [107.7438774, -7.0914353], [107.7439493, -7.0882655], [107.7448988, -7.0882496], [107.7448359, -7.0866752], [107.7441815, -7.0862062], [107.7446092, -7.0846936], [107.7456068, -7.0847437], [107.7461992, -7.0840584], [107.746749, -7.084265], [107.7464947, -7.0833178], [107.7469053, -7.082666], [107.7467933, -7.0817773], [107.7472519, -7.0812152], [107.7464379, -7.0803593], [107.7455665, -7.0803544], [107.7462407, -7.0784822], [107.748248, -7.0767319], [107.7480723, -7.0753744], [107.7501761, -7.0717478], [107.750423, -7.0697812], [107.7519862, -7.0662079], [107.7540281, -7.0643783], [107.7555997, -7.0644389], [107.7572509, -7.0629308], [107.7596154, -7.0627441], [107.7609344, -7.0618092], [107.7611551, -7.0614923], [107.7607156, -7.0599534], [107.7612903, -7.0594085], [107.760097, -7.0578269], [107.760419, -7.0572489], [107.7614121, -7.0572406], [107.7617185, -7.0568587], [107.7609384, -7.0536287], [107.7595735, -7.0530773], [107.7594525, -7.05238], [107.7605829, -7.0523544], [107.760706, -7.0512489], [107.762913, -7.0511018], [107.7632567, -7.0537662], [107.7641418, -7.0558873], [107.7635146, -7.0580392], [107.7631348, -7.0581562], [107.7633388, -7.0594009], [107.7662444, -7.0606818], [107.7678606, -7.0610545], [107.7676642, -7.0619172], [107.7681093, -7.0631209], [107.7688097, -7.0639104], [107.7696911, -7.0640419], [107.7697021, -7.0650117], [107.7701436, -7.0650585], [107.770155, -7.0655], [107.7719444, -7.0657905], [107.772112, -7.0670599], [107.7718057, -7.0699761], [107.7711354, -7.070238], [107.7722178, -7.0770996], [107.771688, -7.0801088], [107.7750529, -7.0808865], [107.7746054, -7.0821451], [107.7743215, -7.0824098], [107.7738185, -7.0822383], [107.7732251, -7.0828037], [107.7733806, -7.0848368], [107.7736264, -7.0852975], [107.7739977, -7.0853424], [107.7738101, -7.085667], [107.7734808, -7.0856123], [107.7735669, -7.0865009], [107.7755016, -7.0850509], [107.7782666, -7.0846633], [107.7800319, -7.0839706], [107.7797165, -7.0845154], [107.7805206, -7.0858358], [107.7801257, -7.0864732], [107.7804729, -7.086895], [107.7812041, -7.0866787], [107.7834558, -7.0882221], [107.7856066, -7.0901991], [107.7855024, -7.0907914], [107.7842469, -7.0908395], [107.7836752, -7.0912876], [107.783535, -7.0930614], [107.7843231, -7.0935414], [107.7857128, -7.0954073], [107.7887762, -7.0958061], [107.7879005, -7.097431], [107.7879742, -7.0992208], [107.789358, -7.099674], [107.7913595, -7.1021125], [107.7922503, -7.1057035], [107.792959, -7.1065331], [107.795897, -7.108348], [107.7971775, -7.111939], [107.7976508, -7.1190653], [107.7989313, -7.1239646], [107.7994881, -7.1241873], [107.8047215, -7.1359624], [107.8061969, -7.1366305], [107.809543, -7.139133], [107.8086005, -7.1391999], [107.8082962, -7.1405502], [107.8076238, -7.1414178], [107.8071041, -7.1429989], [107.8036956, -7.1445515], [107.8021834, -7.1461546], [107.798243, -7.1488292], [107.797691, -7.1496762], [107.7970649, -7.1523136], [107.7965652, -7.153213], [107.7900123, -7.1589368], [107.7894966, -7.1607817], [107.7883156, -7.1615172], [107.7850724, -7.1614551], [107.7844252, -7.1610981], [107.7813149, -7.1569012], [107.7778246, -7.1540781], [107.7762931, -7.155634], [107.7737792, -7.1560446], [107.7711952, -7.1597503], [107.7692307, -7.1571449], [107.7671595, -7.1572225], [107.7656259, -7.1557839], [107.764746, -7.1556778], [107.7622109, -7.1575186], [107.7607911, -7.1573537], [107.7596488, -7.1579306], [107.7521895, -7.1667098], [107.7506368, -7.1652468], [107.7514552, -7.1627404], [107.7491356, -7.1593177], [107.7468949, -7.1568686]]]}}, {"type": "Feature", "properties": {"name": "Katapang"}, "geometry": {"type": "Polygon", "coordinates": [[[107.5639312, -7.0103548], [107.5639722, -7.0134749], [107.5628579, -7.0161715], [107.5633364, -7.0167283], [107.5627693, -7.0197727], [107.5628855, -7.0207823], [107.5625041, -7.0216093], [107.5618747, -7.0214738], [107.561528, -7.0223864], [107.5619438, -7.0224568], [107.5622436, -7.0235669], [107.5605322, -7.0269987], [107.5596275, -7.0274172], [107.5595426, -7.0290493], [107.5587807, -7.0297804], [107.5589324, -7.0311965], [107.5584181, -7.0319178], [107.5573276, -7.0332927], [107.5563358, -7.0299079], [107.5559528, -7.031445], [107.5551612, -7.0313833], [107.555205, -7.0288839], [107.5535127, -7.0284924], [107.5533939, -7.0288713], [107.5527802, -7.0286786], [107.5527489, -7.0295324], [107.5522509, -7.0294825], [107.5511831, -7.0311764], [107.5508831, -7.0323377], [107.5496231, -7.0333594], [107.5495481, -7.0338739], [107.5472964, -7.0345976], [107.5458727, -7.0346681], [107.5449672, -7.0338416], [107.5453977, -7.033896], [107.5461214, -7.0328015], [107.5456506, -7.0312561], [107.5468724, -7.0291032], [107.5476857, -7.0286741], [107.5473244, -7.028237], [107.5477309, -7.0269451], [107.5468886, -7.0267933], [107.5473374, -7.0245599], [107.5469088, -7.0241893], [107.5474321, -7.0229727], [107.5466429, -7.022786], [107.5465468, -7.0223614], [107.5477007, -7.0210252], [107.5478236, -7.0194201], [107.5475356, -7.0192782], [107.5473142, -7.0175088], [107.5463911, -7.0171933], [107.547969, -7.016505], [107.545359, -7.01374], [107.542743, -7.01015], [107.539668, -7.007533], [107.538283, -7.006902], [107.537975, -7.005411], [107.5386305, -7.0044649], [107.5389073, -7.0031644], [107.5394476, -7.0030226], [107.5392976, -7.0026568], [107.5401296, -7.0022839], [107.5405404, -7.001597], [107.5411002, -7.0003486], [107.5408798, -6.9992445], [107.5417743, -6.9988225], [107.5421315, -6.9970875], [107.5432588, -6.9964161], [107.5433544, -6.995124], [107.5431351, -6.9944827], [107.5426066, -6.9942203], [107.5438556, -6.9926816], [107.5438832, -6.9922582], [107.5433091, -6.9920219], [107.5432077, -6.9916519], [107.5439726, -6.990245], [107.5445185, -6.9898674], [107.5451033, -6.9901917], [107.5451903, -6.989246], [107.5470536, -6.9885937], [107.5484751, -6.9885237], [107.5492079, -6.9871625], [107.5491258, -6.985801], [107.5494945, -6.9854795], [107.5500134, -6.9858869], [107.5499403, -6.9875383], [107.550602, -6.9872344], [107.5511089, -6.9852078], [107.5499571, -6.9844955], [107.548752, -6.9846264], [107.5485343, -6.9838098], [107.5487854, -6.9832989], [107.5507003, -6.9826788], [107.5506641, -6.9812756], [107.5527587, -6.9821171], [107.551292, -6.977849], [107.5555934, -6.9797596], [107.5570986, -6.9822061], [107.5578972, -6.9819475], [107.5585599, -6.9810318], [107.5590112, -6.9810747], [107.5594138, -6.9818376], [107.559284, -6.9822058], [107.5578435, -6.9831968], [107.5583812, -6.9841933], [107.5592927, -6.9842029], [107.5613514, -6.9832848], [107.5622972, -6.9839931], [107.5630579, -6.9856635], [107.5619714, -6.9865225], [107.5615711, -6.9882577], [107.5599719, -6.9895423], [107.5601593, -6.991473], [107.5605285, -6.992018], [107.5612641, -6.9920204], [107.5654352, -6.9900978], [107.566247, -6.9906802], [107.5674221, -6.9925553], [107.5689986, -6.9927804], [107.5698328, -6.9925432], [107.5703199, -6.9915441], [107.5697658, -6.9905043], [107.5698692, -6.9900074], [107.5737359, -6.9903048], [107.5751803, -6.9913157], [107.5761179, -6.9949695], [107.5771961, -6.9957132], [107.5782322, -6.9957886], [107.5798925, -6.993766], [107.5814967, -6.993115], [107.5822689, -6.9922832], [107.5823117, -6.9907963], [107.5806643, -6.987357], [107.5823378, -6.9871256], [107.5826085, -6.9880399], [107.5836445, -6.988162], [107.584325, -6.9885958], [107.5848735, -6.9882366], [107.5850429, -6.9885919], [107.5860053, -6.9886536], [107.5858951, -6.9890702], [107.5867733, -6.9901136], [107.5865177, -6.9927895], [107.5868511, -6.992982], [107.5884255, -6.992626], [107.5885667, -6.9937879], [107.5891492, -6.9947258], [107.5896705, -6.9948162], [107.588711, -6.9960717], [107.5888835, -6.9970792], [107.5892966, -6.9972897], [107.5892508, -6.9978729], [107.5880804, -6.9997616], [107.5885342, -7.0015797], [107.5871717, -7.002943], [107.5871578, -7.0038743], [107.5865642, -7.0038546], [107.5859566, -7.0047818], [107.5856138, -7.0047474], [107.5856681, -7.0059311], [107.5849795, -7.0080056], [107.5820243, -7.008798], [107.5810684, -7.0102164], [107.5798326, -7.0105683], [107.5777426, -7.0137269], [107.5773177, -7.0151543], [107.5760867, -7.0162112], [107.5752827, -7.0161701], [107.5756313, -7.0151496], [107.5756396, -7.0123209], [107.5746708, -7.0110853], [107.5727916, -7.0162284], [107.5706191, -7.0152824], [107.5701522, -7.0145801], [107.5704825, -7.0135703], [107.5702431, -7.0104192], [107.5705191, -7.009071], [107.5709639, -7.0077832], [107.5734728, -7.0039817], [107.5727072, -7.0036028], [107.5697107, -7.0026791], [107.5692427, -7.0046421], [107.5684068, -7.0063729], [107.5659813, -7.0059316], [107.56583, -7.0065435], [107.56539, -7.00662], [107.5648457, -7.0072925], [107.5650534, -7.0086672], [107.5639312, -7.0103548]]]}}, {"type": "Feature", "properties": {"name": "Kertasari"}, "geometry": {"type": "Polygon", "coordinates": [[[107.7084916, -7.245179], [107.7096678, -7.2469296], [107.7101341, -7.2483264], [107.7115625, -7.2494866], [107.7130898, -7.2502063], [107.7144607, -7.2498788], [107.7157178, -7.2504163], [107.7167943, -7.2501641], [107.719671, -7.2508185], [107.7200138, -7.2531249], [107.7210072, -7.2549452], [107.7240038, -7.2556896], [107.7250246, -7.2566111], [107.7271033, -7.2572397], [107.727727, -7.2588097], [107.7341914, -7.2603132], [107.7354406, -7.262306], [107.736664, -7.2630048], [107.7377157, -7.2641612], [107.7372161, -7.265612], [107.7372314, -7.2674756], [107.7386058, -7.2697423], [107.7390321, -7.271821], [107.7379189, -7.27228], [107.7368249, -7.2756617], [107.7358571, -7.2767484], [107.7348174, -7.2771941], [107.7317149, -7.2795679], [107.7311899, -7.2813471], [107.7293994, -7.2823548], [107.7286955, -7.2824214], [107.7281399, -7.2845427], [107.7273084, -7.2850771], [107.7269931, -7.2863502], [107.7262971, -7.2867071], [107.7249765, -7.2865227], [107.7230607, -7.2881502], [107.7222831, -7.2894919], [107.7224972, -7.2904413], [107.7238848, -7.291426], [107.727022, -7.291792], [107.7281959, -7.2922133], [107.7288753, -7.2926188], [107.7298258, -7.2938957], [107.7309797, -7.2944909], [107.7268825, -7.2977159], [107.7256555, -7.2980651], [107.7248584, -7.2973274], [107.724097, -7.2972561], [107.7228498, -7.2984028], [107.7198877, -7.29962], [107.7190921, -7.2994874], [107.7179996, -7.2986818], [107.7173772, -7.2989532], [107.716976, -7.2995942], [107.7155266, -7.2991899], [107.7137067, -7.2980998], [107.7130075, -7.2981024], [107.7122748, -7.2973387], [107.710071, -7.2966519], [107.7091756, -7.29588], [107.7086577, -7.2959871], [107.7080386, -7.2947707], [107.7073266, -7.2947606], [107.7062803, -7.2936697], [107.7058727, -7.2922849], [107.704725, -7.2911207], [107.7034083, -7.2905378], [107.7024516, -7.2892665], [107.7019408, -7.2876531], [107.7008448, -7.2869149], [107.6991124, -7.2841966], [107.6982643, -7.2842621], [107.6976806, -7.2836345], [107.6965401, -7.2835803], [107.6964983, -7.2823118], [107.6953374, -7.2829686], [107.694615, -7.2828535], [107.6932265, -7.2844636], [107.6923709, -7.2844543], [107.6916243, -7.2850972], [107.687724, -7.2864319], [107.6866026, -7.2878715], [107.6865627, -7.288758], [107.685398, -7.2891818], [107.685237, -7.2896315], [107.6836115, -7.2906369], [107.6831253, -7.2905125], [107.6813491, -7.2911911], [107.6805872, -7.2910843], [107.6801731, -7.2915648], [107.6798437, -7.2914788], [107.6797177, -7.2908171], [107.6783711, -7.2909566], [107.67709, -7.2904704], [107.6769216, -7.2908938], [107.6759327, -7.2914163], [107.67547, -7.2926347], [107.6743955, -7.2931422], [107.6721766, -7.29596], [107.6711602, -7.2978316], [107.6703048, -7.2985319], [107.6684308, -7.2991966], [107.6680145, -7.3007306], [107.6676026, -7.3011501], [107.6664964, -7.3009589], [107.6640245, -7.2981918], [107.6642921, -7.2974705], [107.6660552, -7.2973412], [107.6654092, -7.2965142], [107.6657235, -7.2953511], [107.6654866, -7.2945445], [107.6641495, -7.2936524], [107.6619865, -7.293477], [107.6614664, -7.2928263], [107.6613276, -7.291836], [107.6606735, -7.2916609], [107.6606689, -7.2910194], [107.6601034, -7.2904255], [107.6587898, -7.2903294], [107.6576667, -7.2897735], [107.6570464, -7.2907926], [107.6552603, -7.2908294], [107.6538077, -7.2927867], [107.6528083, -7.293047], [107.6522444, -7.2935503], [107.6523015, -7.2941321], [107.6515377, -7.2939179], [107.6505062, -7.2943926], [107.649414, -7.2940107], [107.6488286, -7.2944105], [107.6483004, -7.2942891], [107.64631, -7.2954194], [107.6411725, -7.2993508], [107.6412379, -7.3006833], [107.6407382, -7.3010878], [107.6371205, -7.3007236], [107.634882, -7.3011347], [107.6340651, -7.3017693], [107.6311476, -7.3017446], [107.6292369, -7.3007048], [107.6285112, -7.3001099], [107.628159, -7.2992105], [107.6275856, -7.2990601], [107.6272503, -7.2942152], [107.6261706, -7.2924277], [107.6249918, -7.291471], [107.624221, -7.2889707], [107.6239656, -7.2818894], [107.6242807, -7.275728], [107.6225977, -7.2730217], [107.621797, -7.270418], [107.6226393, -7.253594], [107.6222499, -7.2497464], [107.627534, -7.251156], [107.630573, -7.2514], [107.6336838, -7.2508356], [107.6344077, -7.2490723], [107.6345467, -7.2464878], [107.6340282, -7.2400862], [107.6325502, -7.2350361], [107.6302416, -7.2249434], [107.630484, -7.2240539], [107.63403, -7.219909], [107.6360074, -7.2137987], [107.639183, -7.208162], [107.6350529, -7.1912975], [107.6433054, -7.1872073], [107.6466357, -7.182921], [107.6495156, -7.1800427], [107.6494147, -7.1786902], [107.6481254, -7.1768573], [107.6479333, -7.1756061], [107.6473328, -7.174093], [107.6469704, -7.1740476], [107.646717, -7.172737], [107.6490805, -7.1734204], [107.6523983, -7.1737319], [107.6534659, -7.175769], [107.6538217, -7.1757666], [107.6543333, -7.1763633], [107.6552955, -7.1762603], [107.6564853, -7.1779307], [107.6584407, -7.1794489], [107.6593154, -7.1793039], [107.6602009, -7.1781464], [107.6610756, -7.1779331], [107.6637116, -7.1786556], [107.6657114, -7.1785514], [107.6683678, -7.1792236], [107.6701794, -7.1787515], [107.6705748, -7.1783249], [107.6744031, -7.1778468], [107.6759475, -7.1766689], [107.6773985, -7.1764856], [107.679366, -7.1749458], [107.6801736, -7.1750752], [107.6809156, -7.174062], [107.6810352, -7.1726584], [107.6820069, -7.1727832], [107.6831696, -7.1711928], [107.6829558, -7.1699038], [107.6837073, -7.1690795], [107.6832833, -7.1685426], [107.6845824, -7.1667621], [107.6841534, -7.1658004], [107.6842302, -7.1644695], [107.6838392, -7.1641289], [107.6843449, -7.163581], [107.6845366, -7.1624687], [107.6856843, -7.1622569], [107.6849277, -7.1609754], [107.6854848, -7.1600647], [107.6853782, -7.1588881], [107.6863497, -7.1572385], [107.6859755, -7.1568344], [107.687241, -7.1562294], [107.6873201, -7.154892], [107.6878525, -7.1546428], [107.6877102, -7.1538421], [107.6881937, -7.1523863], [107.6885762, -7.1522101], [107.6889875, -7.1505438], [107.6896826, -7.1501044], [107.6902613, -7.1504586], [107.692537, -7.1477253], [107.6919654, -7.1462109], [107.6929451, -7.145362], [107.692851, -7.1447], [107.6934447, -7.1444042], [107.6939185, -7.1422669], [107.6967055, -7.142725], [107.6982825, -7.1422452], [107.6980459, -7.1410876], [107.6982607, -7.1404374], [107.6994973, -7.1416792], [107.7001487, -7.1429676], [107.6992719, -7.1441605], [107.6996462, -7.146597], [107.6987311, -7.1483442], [107.6999646, -7.1489791], [107.7000589, -7.1503529], [107.7019611, -7.1513609], [107.7012273, -7.1530101], [107.7015487, -7.1537808], [107.7009225, -7.1548961], [107.7025079, -7.1585474], [107.7029769, -7.1606474], [107.7036567, -7.1612582], [107.7036963, -7.1618748], [107.7031893, -7.1623655], [107.7032168, -7.1627634], [107.7047064, -7.1639058], [107.7047187, -7.1653434], [107.7054327, -7.1662668], [107.7064181, -7.1661271], [107.7069767, -7.1666689], [107.7069266, -7.1679124], [107.708979, -7.1701094], [107.7096799, -7.17044], [107.7112463, -7.1730032], [107.7125032, -7.1734357], [107.7131649, -7.1752392], [107.7152689, -7.1764222], [107.7155037, -7.1772719], [107.715149, -7.1788137], [107.7160441, -7.179583], [107.7161632, -7.1815021], [107.7166471, -7.1823599], [107.7175614, -7.1831554], [107.7184605, -7.1833891], [107.7184155, -7.1838675], [107.7218346, -7.1872182], [107.7220325, -7.1882929], [107.7228971, -7.1887659], [107.7233346, -7.189875], [107.7255838, -7.1916482], [107.7246728, -7.1921063], [107.7236556, -7.1935411], [107.723207, -7.1957679], [107.7211481, -7.1983744], [107.7216858, -7.1995451], [107.721781, -7.2010965], [107.7205843, -7.2033266], [107.7207461, -7.2038216], [107.721965, -7.2041557], [107.7224257, -7.2046659], [107.7227493, -7.2062914], [107.7226056, -7.20751], [107.7244283, -7.2094564], [107.7253182, -7.2118656], [107.7238917, -7.2127236], [107.7215063, -7.2160697], [107.71899, -7.2175152], [107.7184297, -7.2182486], [107.7162841, -7.218726], [107.7158053, -7.2203035], [107.7147869, -7.2206366], [107.7133671, -7.2221739], [107.7104963, -7.22379], [107.710013, -7.2258239], [107.7093072, -7.2266992], [107.7076057, -7.2275753], [107.7070937, -7.2275054], [107.7070649, -7.22895], [107.7083215, -7.2308819], [107.7074081, -7.2342145], [107.7075189, -7.2351049], [107.7066742, -7.2361161], [107.7066266, -7.2373475], [107.7062072, -7.2379074], [107.7070084, -7.2394489], [107.7072669, -7.2407559], [107.7090214, -7.2434507], [107.7084916, -7.245179]]]}}, {"type": "Feature", "properties": {"name": "Kutawaringin"}, "geometry": {"type": "Polygon", "coordinates": [[[107.4989473, -7.0333208], [107.498532, -7.0348694], [107.4973534, -7.0341519], [107.4969077, -7.0342616], [107.4969404, -7.0350684], [107.4974345, -7.0357138], [107.4972693, -7.0361379], [107.4964239, -7.0360515], [107.4951292, -7.0351904], [107.494504, -7.0355309], [107.4941438, -7.0362024], [107.4945755, -7.0368146], [107.4959896, -7.0370022], [107.496287, -7.0373005], [107.4953401, -7.0392663], [107.4955035, -7.0398998], [107.4975786, -7.0406231], [107.4968008, -7.041808], [107.4980232, -7.0434715], [107.4975198, -7.0441284], [107.4966842, -7.044173], [107.4977033, -7.0458221], [107.4965892, -7.0469629], [107.496713, -7.047675], [107.4957098, -7.0481747], [107.4957311, -7.0484875], [107.4949382, -7.0486956], [107.4947798, -7.0490596], [107.4898854, -7.0504963], [107.4832964, -7.0553656], [107.4802521, -7.0563629], [107.4784797, -7.0573063], [107.4762297, -7.0573436], [107.4747164, -7.0549331], [107.4731606, -7.053395], [107.473614, -7.052332], [107.474326, -7.054006], [107.475647, -7.054317], [107.475547, -7.055655], [107.476623, -7.056092], [107.4770814, -7.0570261], [107.4777387, -7.0571806], [107.477277, -7.056338], [107.4776711, -7.0551986], [107.47681, -7.05449], [107.47703, -7.05203], [107.47574, -7.05155], [107.47549, -7.05118], [107.47583, -7.05018], [107.47569, -7.0476], [107.476197, -7.045091], [107.475653, -7.04392], [107.4756381, -7.0407648], [107.4775883, -7.039418], [107.4787399, -7.0391515], [107.4802828, -7.0382717], [107.481924, -7.035421], [107.481845, -7.034524], [107.481003, -7.032812], [107.4812289, -7.0303713], [107.4821569, -7.0286311], [107.4817358, -7.0274533], [107.4816545, -7.0225368], [107.4805945, -7.0222274], [107.4797203, -7.0211349], [107.4768104, -7.0199202], [107.474632, -7.0185172], [107.4751656, -7.0162188], [107.47713, -7.01288], [107.47659, -7.0113999], [107.47486, -7.00925], [107.47466, -7.00843], [107.47495, -7.00715], [107.4771919, -7.0048165], [107.4723222, -7.0015822], [107.4712802, -7.0007197], [107.4711413, -7.000247], [107.4707609, -7.0002884], [107.4707517, -6.9998939], [107.4696033, -6.9993444], [107.4693661, -6.9984648], [107.4703842, -6.9973969], [107.4726557, -6.9979014], [107.4733134, -6.9973528], [107.4741266, -6.9972624], [107.4745022, -6.995864], [107.4760383, -6.9957937], [107.4764453, -6.9949068], [107.4779323, -6.994612], [107.4815952, -6.9957907], [107.4828096, -6.9967438], [107.4834266, -6.9980283], [107.484384, -6.9990947], [107.485716, -7.0001061], [107.48648, -6.99997], [107.4876778, -6.9950262], [107.4859305, -6.9919758], [107.4858218, -6.9907413], [107.485192, -6.989501], [107.486015, -6.987662], [107.4857452, -6.9848256], [107.4861662, -6.9832093], [107.4868077, -6.9823356], [107.4868694, -6.9809827], [107.4876459, -6.9798344], [107.49, -6.97924], [107.4940653, -6.9793101], [107.4958829, -6.9781303], [107.4979908, -6.9775471], [107.4989929, -6.9795828], [107.500526, -6.980782], [107.501227, -6.980213], [107.502538, -6.980675], [107.503316, -6.982914], [107.503787, -6.982765], [107.504067, -6.98206], [107.5049, -6.981793], [107.50414, -6.97932], [107.504789, -6.979087], [107.505837, -6.979708], [107.506763, -6.978657], [107.506755, -6.977369], [107.50784, -6.976964], [107.5081892, -6.9754027], [107.5087845, -6.9749319], [107.5087349, -6.9721792], [107.5090804, -6.9707939], [107.5099692, -6.9691823], [107.51236, -6.96631], [107.51299, -6.96614], [107.51292, -6.96494], [107.5144781, -6.9636908], [107.516065, -6.959463], [107.5178343, -6.9577249], [107.518503, -6.9562485], [107.51923, -6.95593], [107.520642, -6.954435], [107.521993, -6.954473], [107.523338, -6.952414], [107.52413, -6.95192], [107.52431, -6.95138], [107.524, -6.94991], [107.5249319, -6.9473285], [107.5251463, -6.9453101], [107.5296328, -6.9421586], [107.5303243, -6.9423396], [107.5309184, -6.942013], [107.530533, -6.941101], [107.5307577, -6.9401971], [107.5319555, -6.9397954], [107.5327025, -6.9398894], [107.5333379, -6.9386051], [107.534448, -6.9388755], [107.535446, -6.939905], [107.5358869, -6.9414502], [107.5360416, -6.9432095], [107.5356729, -6.9454202], [107.5347225, -6.9478044], [107.5344334, -6.9513329], [107.533561, -6.9554354], [107.5317086, -6.9565021], [107.5311979, -6.9576247], [107.5315628, -6.9583876], [107.534206, -6.9606634], [107.5325985, -6.9627822], [107.53277, -6.9641604], [107.5305898, -6.9671502], [107.5297234, -6.9680228], [107.5276562, -6.968563], [107.5276639, -6.9693388], [107.5282852, -6.9700552], [107.533001, -6.9695071], [107.5357148, -6.9678039], [107.538241, -6.9648649], [107.5389048, -6.9646104], [107.5394786, -6.9656049], [107.5407475, -6.969743], [107.5385666, -6.9700906], [107.5369259, -6.9723355], [107.5368959, -6.9734679], [107.5377201, -6.9737008], [107.5453866, -6.9714107], [107.5461874, -6.9715373], [107.5468108, -6.9719977], [107.5472693, -6.9733383], [107.5491177, -6.9745216], [107.5498078, -6.9753613], [107.5516703, -6.9784498], [107.5527587, -6.9821171], [107.5507022, -6.9812622], [107.5507003, -6.9826788], [107.5485697, -6.983523], [107.548752, -6.9846264], [107.5499571, -6.9844955], [107.5511089, -6.9852078], [107.5504143, -6.9874654], [107.5499287, -6.9875144], [107.5500134, -6.9858869], [107.5494945, -6.9854795], [107.5491258, -6.985801], [107.5492079, -6.9871625], [107.5484751, -6.9885237], [107.5470536, -6.9885937], [107.5451903, -6.989246], [107.5451033, -6.9901917], [107.5445185, -6.9898674], [107.5439726, -6.990245], [107.5432077, -6.9916519], [107.5433091, -6.9920219], [107.5438832, -6.9922582], [107.5438556, -6.9926816], [107.5426066, -6.9942203], [107.5431351, -6.9944827], [107.5433544, -6.995124], [107.5432588, -6.9964161], [107.5422129, -6.9969671], [107.5417743, -6.9988225], [107.5408798, -6.9992445], [107.5409908, -7.0006643], [107.5401296, -7.0022839], [107.5392976, -7.0026568], [107.5394476, -7.0030226], [107.5389073, -7.0031644], [107.5386305, -7.0044649], [107.5363747, -7.0056525], [107.5352206, -7.0067946], [107.534144, -7.0068091], [107.5336394, -7.0066652], [107.5340285, -7.0056275], [107.5337127, -7.0055917], [107.5337294, -7.0053051], [107.5341716, -7.0052063], [107.5342953, -7.0023917], [107.5320467, -7.0021338], [107.5300133, -7.0029477], [107.5296292, -7.0040005], [107.5297835, -7.0053243], [107.528482, -7.0056278], [107.5283395, -7.006499], [107.527588, -7.0077462], [107.5280297, -7.0098346], [107.5259867, -7.0108068], [107.5258676, -7.0134528], [107.5266627, -7.0142421], [107.5267762, -7.0148752], [107.526366, -7.015729], [107.5251904, -7.0163131], [107.5259946, -7.0174786], [107.5255258, -7.0179832], [107.5236917, -7.0183518], [107.523305, -7.0208521], [107.5222364, -7.0204657], [107.5220969, -7.0190892], [107.5211711, -7.019109], [107.5213225, -7.0205626], [107.521036, -7.0212098], [107.5203361, -7.0212804], [107.5191043, -7.0206315], [107.5186521, -7.0208083], [107.5191983, -7.023384], [107.51873, -7.0238896], [107.5167669, -7.0230814], [107.5145586, -7.0226522], [107.512186, -7.0238438], [107.5119939, -7.0230617], [107.5102665, -7.0224983], [107.5102647, -7.0239461], [107.5099527, -7.0246807], [107.5087077, -7.0241458], [107.5072796, -7.0249521], [107.5074087, -7.0253879], [107.5088877, -7.0260255], [107.5089281, -7.026415], [107.5073314, -7.0277052], [107.5066376, -7.0276075], [107.5054981, -7.0281454], [107.5045604, -7.0291392], [107.5043448, -7.0304519], [107.5055265, -7.0307807], [107.5054154, -7.0315116], [107.5047759, -7.0318756], [107.5038408, -7.0317509], [107.503352, -7.0325438], [107.5027147, -7.0319734], [107.5020038, -7.0319676], [107.5012795, -7.0339239], [107.4995591, -7.0331236], [107.4989473, -7.0333208]]]}}, {"type": "Feature", "properties": {"name": "Majalaya"}, "geometry": {"type": "MultiPolygon", "coordinates": [[[[107.7511027, -7.0681706], [107.7509406, -7.0690896], [107.750423, -7.0697812], [107.7501761, -7.0717478], [107.7480723, -7.0753744], [107.748248, -7.0767319], [107.7462407, -7.0784822], [107.74579, -7.0801743], [107.7443623, -7.0808045], [107.7434846, -7.0835387], [107.7409408, -7.0825568], [107.7402504, -7.0811551], [107.7387917, -7.0821642], [107.7379379, -7.0818561], [107.7375307, -7.0809834], [107.7356052, -7.0811571], [107.7343855, -7.0818012], [107.7342574, -7.0836141], [107.732254, -7.084016], [107.731533, -7.0848333], [107.7313253, -7.0857486], [107.7307667, -7.0861021], [107.7302306, -7.0856559], [107.7309069, -7.0850796], [107.7307478, -7.0847591], [107.7295683, -7.0849437], [107.7284683, -7.083985], [107.728252, -7.0842449], [107.7272831, -7.0829432], [107.7278302, -7.0825268], [107.7265483, -7.0811348], [107.7257425, -7.0830774], [107.7253589, -7.0828639], [107.7253084, -7.0822092], [107.7242317, -7.081211], [107.7222138, -7.0801522], [107.7225823, -7.0792612], [107.7225747, -7.0776441], [107.7232123, -7.0768696], [107.7236706, -7.0750843], [107.7254085, -7.0732045], [107.7252922, -7.0729143], [107.7241369, -7.0726072], [107.723337, -7.072714], [107.721874, -7.070657], [107.7219771, -7.0702902], [107.7209332, -7.0695097], [107.7213544, -7.0686508], [107.7206675, -7.068232], [107.7192549, -7.0664192], [107.7198853, -7.0649464], [107.7171809, -7.0638464], [107.7174117, -7.0628401], [107.7167845, -7.0626077], [107.7170153, -7.061663], [107.7167409, -7.0615512], [107.7168144, -7.0606502], [107.7165525, -7.0605509], [107.7169058, -7.0586654], [107.715538, -7.0579899], [107.715225, -7.056771], [107.715535, -7.0559955], [107.7159904, -7.0561267], [107.716908, -7.055232], [107.7174334, -7.0532303], [107.71734, -7.051681], [107.7183285, -7.0486193], [107.7190589, -7.048753], [107.7192888, -7.0468703], [107.7217928, -7.0463274], [107.7219072, -7.0443141], [107.7226057, -7.0443816], [107.7228259, -7.0433923], [107.724435, -7.041033], [107.7256587, -7.0406252], [107.726466, -7.039365], [107.727996, -7.039353], [107.728302, -7.03903], [107.729351, -7.039222], [107.729867, -7.038656], [107.730991, -7.038898], [107.731956, -7.038704], [107.7319473, -7.0376825], [107.7336606, -7.0363541], [107.735156, -7.0362688], [107.736302, -7.0358293], [107.738956, -7.0363431], [107.7419843, -7.0360848], [107.7429979, -7.0361926], [107.7439398, -7.0376814], [107.7448357, -7.0406854], [107.7451564, -7.0393612], [107.7450357, -7.0369206], [107.7467084, -7.0355753], [107.746941, -7.032537], [107.7481425, -7.0316115], [107.7491166, -7.0317706], [107.7503259, -7.0325512], [107.7511738, -7.0320949], [107.7520576, -7.0324451], [107.7494823, -7.0241942], [107.7540647, -7.0259305], [107.7548023, -7.0263028], [107.7548472, -7.0266083], [107.7591543, -7.0284928], [107.7659963, -7.0325702], [107.7654852, -7.0334504], [107.7659051, -7.0340616], [107.7664895, -7.0340274], [107.7668038, -7.0345408], [107.7665602, -7.0357826], [107.7667478, -7.0369691], [107.7660623, -7.0375802], [107.7650499, -7.0371299], [107.7650428, -7.0389855], [107.7657863, -7.0393584], [107.7677518, -7.0393942], [107.7672361, -7.0453862], [107.7645044, -7.0476726], [107.7656456, -7.0480107], [107.7656845, -7.0500118], [107.7659605, -7.0499101], [107.7661301, -7.0504218], [107.7659151, -7.0506316], [107.766145, -7.0510716], [107.7655581, -7.0517615], [107.7654793, -7.0541131], [107.7638545, -7.0549778], [107.7632567, -7.0537662], [107.762913, -7.0511018], [107.760706, -7.0512489], [107.7605829, -7.0523544], [107.7594525, -7.05238], [107.7595735, -7.0530773], [107.7609384, -7.0536287], [107.7617185, -7.0568587], [107.7614121, -7.0572406], [107.760419, -7.0572489], [107.760097, -7.0578269], [107.7612903, -7.0594085], [107.7607156, -7.0599534], [107.7611551, -7.0614923], [107.7596154, -7.0627441], [107.7572509, -7.0629308], [107.7555997, -7.0644389], [107.7544374, -7.0642569], [107.7536285, -7.0646337], [107.7521169, -7.0660054], [107.7511027, -7.0681706]]], [[[107.7786017, -7.0305199], [107.7795627, -7.0310246], [107.779623, -7.033958], [107.7788053, -7.0369455], [107.7791479, -7.0408273], [107.779657, -7.0406972], [107.7804133, -7.0422689], [107.782468, -7.0443267], [107.7825516, -7.0449822], [107.7823062, -7.0456324], [107.7818649, -7.0453321], [107.7802279, -7.045635], [107.7800765, -7.0452042], [107.7786771, -7.0453843], [107.7786223, -7.0459771], [107.7781889, -7.0460268], [107.7783116, -7.0472019], [107.7773168, -7.0473142], [107.7781105, -7.0483509], [107.7780304, -7.0492438], [107.777518, -7.0484774], [107.7776478, -7.0479674], [107.7770137, -7.048172], [107.7762658, -7.0472786], [107.7757685, -7.0453752], [107.7752489, -7.0451912], [107.7747423, -7.04696], [107.7742268, -7.0455857], [107.7716499, -7.0449552], [107.7719689, -7.0414591], [107.7729974, -7.040577], [107.7714834, -7.0400582], [107.7691433, -7.0400173], [107.768706, -7.0394916], [107.7677518, -7.0393942], [107.7684341, -7.0336508], [107.7746468, -7.0361891], [107.7743634, -7.0348514], [107.7747331, -7.0310065], [107.7786446, -7.0301189], [107.7786017, -7.0305199]]]]}}, {"type": "Feature", "properties": {"name": "Margaasih"}, "geometry": {"type": "Polygon", "coordinates": [[[107.5617965, -6.9655571], [107.56151, -6.9702584], [107.5615942, -6.9708858], [107.5618566, -6.9709551], [107.5611609, -6.9726976], [107.5613616, -6.9746347], [107.5618342, -6.9751229], [107.5615412, -6.976358], [107.5606104, -6.9773736], [107.5609015, -6.9805816], [107.5597774, -6.9825661], [107.558793, -6.9809862], [107.5578972, -6.9819475], [107.5570752, -6.9821961], [107.5555934, -6.9797596], [107.551292, -6.977849], [107.5491956, -6.9745979], [107.5472693, -6.9733383], [107.5468108, -6.9719977], [107.5461874, -6.9715373], [107.5453866, -6.9714107], [107.5377201, -6.9737008], [107.5368959, -6.9734679], [107.5369259, -6.9723355], [107.5385666, -6.9700906], [107.5407475, -6.969743], [107.5394786, -6.9656049], [107.5389048, -6.9646104], [107.538241, -6.9648649], [107.5357148, -6.9678039], [107.5331668, -6.9694356], [107.5321629, -6.9697461], [107.5279926, -6.9699408], [107.5275809, -6.9686568], [107.5292723, -6.9682356], [107.5302428, -6.967592], [107.53277, -6.9641604], [107.5325985, -6.9627822], [107.534206, -6.9606634], [107.5315628, -6.9583876], [107.5311979, -6.9576247], [107.5317086, -6.9565021], [107.533561, -6.9554354], [107.5344334, -6.9513329], [107.5347225, -6.9478044], [107.5356322, -6.9456386], [107.5360538, -6.9428267], [107.535469, -6.9399557], [107.5345646, -6.9389287], [107.5333379, -6.9386051], [107.5327025, -6.9398894], [107.5313963, -6.940045], [107.5311372, -6.9391502], [107.5293129, -6.938084], [107.5223262, -6.93558], [107.52284, -6.9279], [107.523849, -6.925836], [107.52472, -6.9252151], [107.5256594, -6.9212123], [107.5266923, -6.9205478], [107.526427, -6.9201895], [107.5267552, -6.9187557], [107.527643, -6.9168807], [107.5283278, -6.9166333], [107.5294555, -6.9170759], [107.5307675, -6.9171006], [107.5307334, -6.9175772], [107.5320967, -6.9174376], [107.5343071, -6.9184661], [107.5356682, -6.918506], [107.5357539, -6.917641], [107.5363964, -6.9172865], [107.5370483, -6.9173484], [107.5394216, -6.9180094], [107.5392655, -6.9186052], [107.5423261, -6.9188009], [107.5425291, -6.919093], [107.5439053, -6.9193838], [107.5450336, -6.9253411], [107.5455666, -6.9269591], [107.5469467, -6.929448], [107.5562504, -6.9424494], [107.5572498, -6.9433679], [107.5608428, -6.9487645], [107.5633127, -6.9511095], [107.5669987, -6.953596], [107.5668016, -6.9542771], [107.5660682, -6.9544545], [107.5662145, -6.9560091], [107.5659649, -6.9571185], [107.5649608, -6.9585415], [107.5651778, -6.9586092], [107.5650917, -6.9594731], [107.5642241, -6.9601054], [107.5630832, -6.962409], [107.562699, -6.9622165], [107.5620694, -6.9634464], [107.5627709, -6.9638459], [107.5617965, -6.9655571]]]}}, {"type": "Feature", "properties": {"name": "Margahayu"}, "geometry": {"type": "Polygon", "coordinates": [[[107.5888703, -6.9805051], [107.5889646, -6.9819995], [107.5916579, -6.9834832], [107.5920692, -6.9842987], [107.592023, -6.9852464], [107.5897181, -6.986179], [107.5878799, -6.9848011], [107.5872689, -6.9846718], [107.5866324, -6.98512], [107.585653, -6.986771], [107.5845896, -6.9871907], [107.5826122, -6.9857805], [107.5816235, -6.9858], [107.5807522, -6.9868547], [107.5806761, -6.9875813], [107.5823117, -6.9907963], [107.5822926, -6.9922267], [107.5815943, -6.9930528], [107.5798925, -6.993766], [107.5783018, -6.9957652], [107.5771961, -6.9957132], [107.5761179, -6.9949695], [107.5751803, -6.9913157], [107.5737359, -6.9903048], [107.5698692, -6.9900074], [107.5697658, -6.9905043], [107.5703199, -6.9915441], [107.5698328, -6.9925432], [107.5689986, -6.9927804], [107.5674221, -6.9925553], [107.566247, -6.9906802], [107.5654352, -6.9900978], [107.5611849, -6.9920484], [107.5603309, -6.991897], [107.5599719, -6.9895423], [107.5615711, -6.9882577], [107.5619714, -6.9865225], [107.5628579, -6.9860222], [107.5630585, -6.985409], [107.56161, -6.9833178], [107.558792, -6.9842792], [107.5580781, -6.9839831], [107.5578121, -6.9833742], [107.5594033, -6.98198], [107.5598202, -6.9825528], [107.5603415, -6.9816794], [107.5602339, -6.9813626], [107.5609015, -6.9805816], [107.5606104, -6.9773736], [107.5615412, -6.976358], [107.5618342, -6.9751229], [107.5613616, -6.9746347], [107.5611609, -6.9726976], [107.5618566, -6.9709551], [107.5615942, -6.9708858], [107.56151, -6.9702584], [107.5617965, -6.9655571], [107.5627709, -6.9638459], [107.5620694, -6.9634464], [107.562699, -6.9622165], [107.5630832, -6.962409], [107.5634448, -6.9614365], [107.5639001, -6.9611549], [107.5642241, -6.9601054], [107.5650917, -6.9594731], [107.5651778, -6.9586092], [107.5649608, -6.9585415], [107.5659649, -6.9571185], [107.5662145, -6.9560091], [107.5660682, -6.9544545], [107.5668016, -6.9542771], [107.5669987, -6.953596], [107.5666677, -6.9531689], [107.5813861, -6.9609964], [107.5837704, -6.9619387], [107.5877641, -6.9625214], [107.5875241, -6.9635118], [107.5885192, -6.9636506], [107.588717, -6.9644047], [107.5877194, -6.9676998], [107.5876767, -6.9693355], [107.5878973, -6.9693298], [107.5875213, -6.9710797], [107.5885664, -6.9714296], [107.5879519, -6.9734317], [107.5879632, -6.9748896], [107.5894774, -6.976227], [107.5897076, -6.9773658], [107.5896765, -6.9788124], [107.5891757, -6.9792147], [107.5888703, -6.9805051]]]}}, {"type": "Feature", "properties": {"name": "Nagreg"}, "geometry": {"type": "Polygon", "coordinates": [[[107.9243858, -7.0333178], [107.9259538, -7.034439], [107.9262886, -7.0335789], [107.9275926, -7.0333358], [107.9288066, -7.0340917], [107.9293319, -7.0337718], [107.9316523, -7.0348044], [107.9343931, -7.0351033], [107.9352643, -7.0355281], [107.9351944, -7.0373333], [107.9344605, -7.0400451], [107.9349835, -7.0408198], [107.9377571, -7.0425881], [107.9384323, -7.0437793], [107.9372203, -7.0430223], [107.9368285, -7.0433215], [107.9363066, -7.0429412], [107.9356311, -7.0437873], [107.9334723, -7.0437344], [107.9321419, -7.0450632], [107.9304908, -7.045354], [107.9272861, -7.0478832], [107.9265598, -7.0498294], [107.925795, -7.0502512], [107.9276184, -7.052142], [107.9265867, -7.051972], [107.9244751, -7.0532317], [107.9237407, -7.0533646], [107.9153473, -7.053706], [107.9142601, -7.053391], [107.911558, -7.0539737], [107.9078549, -7.0533312], [107.9054719, -7.0541661], [107.901493, -7.0547448], [107.8989653, -7.0527352], [107.8986893, -7.0539291], [107.8972778, -7.0559444], [107.897107, -7.054735], [107.8967276, -7.0542207], [107.896022, -7.053777], [107.894014, -7.053651], [107.892727, -7.052677], [107.89225, -7.051803], [107.892288, -7.05071], [107.8919596, -7.0505478], [107.8915188, -7.0508857], [107.888341, -7.0512241], [107.8868382, -7.0518231], [107.8838204, -7.0514142], [107.8827721, -7.051894], [107.8771715, -7.052535], [107.8751078, -7.0532233], [107.8738381, -7.05473], [107.8721309, -7.0554928], [107.8712684, -7.056397], [107.8687645, -7.0571222], [107.868227, -7.0569014], [107.8676797, -7.056021], [107.8651516, -7.0563779], [107.8637893, -7.0574903], [107.8629756, -7.0587986], [107.8615545, -7.0592437], [107.8540656, -7.0487633], [107.8564691, -7.0486946], [107.8578465, -7.049378], [107.8584247, -7.0486256], [107.8558168, -7.0454244], [107.8554356, -7.0434901], [107.8546394, -7.0424479], [107.8526965, -7.0419311], [107.8521432, -7.0406579], [107.8521722, -7.0383628], [107.853106, -7.0361124], [107.8536097, -7.0355309], [107.8559043, -7.0343616], [107.8558455, -7.0333419], [107.8546036, -7.0319534], [107.855262, -7.0275138], [107.85503, -7.0271387], [107.8557114, -7.0264676], [107.8557856, -7.0259789], [107.8549248, -7.0251958], [107.8542927, -7.0233566], [107.8554138, -7.0224564], [107.8555834, -7.0215666], [107.8552598, -7.021473], [107.8557388, -7.0205729], [107.8555401, -7.0191756], [107.8560411, -7.0171825], [107.8563983, -7.016897], [107.8571422, -7.0174639], [107.857709, -7.0174114], [107.8573033, -7.0168043], [107.8573974, -7.0165407], [107.8580028, -7.0166248], [107.8583238, -7.0142569], [107.8591621, -7.0144012], [107.8592959, -7.0137789], [107.8596733, -7.0138662], [107.8598355, -7.0130047], [107.8592963, -7.0128645], [107.859409, -7.0118158], [107.8636306, -7.0125198], [107.8644506, -7.011769], [107.8653586, -7.0121653], [107.8673049, -7.0081591], [107.8693761, -7.0094089], [107.8705732, -7.0065726], [107.8742734, -7.0042153], [107.8762757, -7.0021267], [107.8783018, -7.0011013], [107.8815533, -6.9983054], [107.8822741, -6.9964709], [107.8826345, -6.9943639], [107.8826825, -6.9915761], [107.8822609, -6.9892765], [107.8808064, -6.988342], [107.8862338, -6.9855825], [107.890095, -6.9828935], [107.8913215, -6.9829353], [107.8943183, -6.9822686], [107.8970775, -6.9825455], [107.8981847, -6.9835598], [107.898105, -6.984256], [107.8983928, -6.9846241], [107.8994632, -6.9853912], [107.9002605, -6.9854009], [107.9003207, -6.9863962], [107.9011916, -6.986999], [107.9026712, -6.9866002], [107.9035373, -6.9872807], [107.9048222, -6.9871951], [107.9064229, -6.9902242], [107.9067721, -6.9927402], [107.9066413, -6.9947706], [107.9074057, -6.999327], [107.9074415, -7.0004029], [107.9070796, -7.0011809], [107.907949, -7.0032988], [107.9085996, -7.0040685], [107.9087647, -7.0059807], [107.9085001, -7.0061329], [107.9080601, -7.0057878], [107.9078367, -7.0062159], [107.9080443, -7.0072903], [107.9088998, -7.0087909], [107.9066773, -7.0098766], [107.9057466, -7.0109508], [107.9071727, -7.0182277], [107.9091758, -7.0206177], [107.9094225, -7.022201], [107.9099412, -7.0225061], [107.9100918, -7.0232131], [107.9102853, -7.0257901], [107.9098379, -7.0296459], [107.9104293, -7.0333481], [107.9102903, -7.0348607], [107.9097912, -7.0353071], [107.9100738, -7.035921], [107.9122811, -7.0359647], [107.9123684, -7.0365657], [107.9134059, -7.0356713], [107.9140969, -7.0365852], [107.9147589, -7.0367967], [107.9153613, -7.0361593], [107.916825, -7.0363309], [107.917908, -7.0356975], [107.9198724, -7.0337618], [107.9208805, -7.0345321], [107.9217199, -7.0344131], [107.9222257, -7.0346876], [107.9232265, -7.0343306], [107.9238003, -7.0332293], [107.9243858, -7.0333178]]]}}, {"type": "Feature", "properties": {"name": "Pacet"}, "geometry": {"type": "Polygon", "coordinates": [[[107.6929481, -7.1452603], [107.6919654, -7.1462109], [107.692537, -7.1477253], [107.6902613, -7.1504586], [107.6896826, -7.1501044], [107.6890413, -7.1504618], [107.6885762, -7.1522101], [107.6881937, -7.1523863], [107.6877102, -7.1538421], [107.6878525, -7.1546428], [107.6873201, -7.154892], [107.687241, -7.1562294], [107.6859755, -7.1568344], [107.6863497, -7.1572385], [107.6853782, -7.1588881], [107.6854848, -7.1600647], [107.6849277, -7.1609754], [107.6856843, -7.1622569], [107.6845366, -7.1624687], [107.6843449, -7.163581], [107.6838392, -7.1641289], [107.6842302, -7.1644695], [107.6841534, -7.1658004], [107.6845824, -7.1667621], [107.6832833, -7.1685426], [107.6837073, -7.1690795], [107.6829558, -7.1699038], [107.6831696, -7.1711928], [107.6820069, -7.1727832], [107.6810352, -7.1726584], [107.6809156, -7.174062], [107.6801736, -7.1750752], [107.679366, -7.1749458], [107.6773985, -7.1764856], [107.6759475, -7.1766689], [107.6744031, -7.1778468], [107.6705748, -7.1783249], [107.6701794, -7.1787515], [107.6683678, -7.1792236], [107.6657114, -7.1785514], [107.6637116, -7.1786556], [107.6610756, -7.1779331], [107.6602009, -7.1781464], [107.6593154, -7.1793039], [107.6581795, -7.1794177], [107.6564853, -7.1779307], [107.6552955, -7.1762603], [107.6543333, -7.1763633], [107.6538217, -7.1757666], [107.6534659, -7.175769], [107.6523983, -7.1737319], [107.6490805, -7.1734204], [107.646717, -7.172737], [107.645207, -7.167452], [107.6403059, -7.1624314], [107.6364966, -7.1518324], [107.633293, -7.147311], [107.6360794, -7.1449561], [107.637389, -7.1431306], [107.6392369, -7.1389535], [107.6400056, -7.1357172], [107.6393207, -7.1323495], [107.6340432, -7.1268276], [107.637857, -7.1254191], [107.6393415, -7.1238183], [107.6407038, -7.1234519], [107.6417756, -7.1225133], [107.6493379, -7.1201747], [107.6533104, -7.1179284], [107.660136, -7.1177769], [107.6617019, -7.117041], [107.6629221, -7.1161159], [107.6645125, -7.112989], [107.6673045, -7.1090328], [107.6687917, -7.107934], [107.6693064, -7.1081629], [107.6694108, -7.1075885], [107.6702985, -7.106908], [107.6709375, -7.1056551], [107.6727505, -7.1046225], [107.6736207, -7.1029917], [107.6762654, -7.1019364], [107.6779837, -7.1021178], [107.6787679, -7.101662], [107.6799022, -7.1017271], [107.6807784, -7.1006283], [107.6815565, -7.1006656], [107.6819963, -7.100155], [107.6831535, -7.1000347], [107.6898179, -7.0905417], [107.6907343, -7.0896757], [107.692788, -7.0895001], [107.6930959, -7.0912089], [107.6945621, -7.0908382], [107.6948282, -7.089689], [107.6944887, -7.0887156], [107.6953438, -7.0876025], [107.6943989, -7.0836694], [107.6997412, -7.0844905], [107.7025337, -7.0857504], [107.7026149, -7.0866458], [107.7038119, -7.0874086], [107.70547, -7.0873172], [107.7058465, -7.0876435], [107.7061533, -7.0872036], [107.7072156, -7.0872682], [107.7072851, -7.086871], [107.7078574, -7.0870412], [107.7082835, -7.0866903], [107.7083247, -7.0856394], [107.709791, -7.0842799], [107.7096678, -7.0820031], [107.7117589, -7.0819572], [107.7118272, -7.0835592], [107.71253, -7.0840167], [107.7128137, -7.0838953], [107.7125458, -7.0827948], [107.712955, -7.0825617], [107.71326, -7.0830383], [107.7160206, -7.0835069], [107.7162192, -7.0821905], [107.7167458, -7.0819579], [107.7178534, -7.0788888], [107.7193135, -7.0780023], [107.7204752, -7.0766114], [107.7218416, -7.0756741], [107.724317, -7.0727], [107.7252922, -7.0729143], [107.7254017, -7.073295], [107.7236706, -7.0750843], [107.7232123, -7.0768696], [107.7225747, -7.0776441], [107.7225823, -7.0792612], [107.7222138, -7.0801522], [107.7242317, -7.081211], [107.7253084, -7.0822092], [107.7253589, -7.0828639], [107.7257425, -7.0830774], [107.7265483, -7.0811348], [107.7278302, -7.0825268], [107.7272831, -7.0829432], [107.728252, -7.0842449], [107.7284683, -7.083985], [107.7295683, -7.0849437], [107.7307478, -7.0847591], [107.7309069, -7.0850796], [107.7302306, -7.0856559], [107.7307667, -7.0861021], [107.7313253, -7.0857486], [107.731533, -7.0848333], [107.732254, -7.084016], [107.7342574, -7.0836141], [107.7343855, -7.0818012], [107.7351215, -7.0812824], [107.7375307, -7.0809834], [107.7379379, -7.0818561], [107.7387917, -7.0821642], [107.7402504, -7.0811551], [107.7409408, -7.0825568], [107.7434846, -7.0835387], [107.7438159, -7.0818871], [107.7445155, -7.0806064], [107.7464379, -7.0803593], [107.7472519, -7.0812152], [107.7467933, -7.0817773], [107.7469053, -7.082666], [107.7464947, -7.0833178], [107.746749, -7.084265], [107.7461992, -7.0840584], [107.7456068, -7.0847437], [107.7446092, -7.0846936], [107.7441815, -7.0862062], [107.7448359, -7.0866752], [107.7448988, -7.0882496], [107.7439493, -7.0882655], [107.7438774, -7.0914353], [107.7415649, -7.0944873], [107.7427296, -7.0945764], [107.742313, -7.0970761], [107.7426031, -7.0971812], [107.7425947, -7.0976112], [107.741823, -7.0985233], [107.7417668, -7.0992391], [107.7389929, -7.1006772], [107.7389622, -7.101121], [107.7375899, -7.1024985], [107.7383526, -7.1031112], [107.7378374, -7.1042287], [107.7384722, -7.1043413], [107.7381936, -7.1046991], [107.7384437, -7.1051077], [107.7380183, -7.1057935], [107.7384694, -7.1071895], [107.7380623, -7.1077168], [107.7380236, -7.1089316], [107.7372699, -7.1091253], [107.7368623, -7.1098559], [107.73752, -7.111224], [107.7384421, -7.1119086], [107.7385011, -7.1122758], [107.7381156, -7.1126331], [107.7386071, -7.1135035], [107.7376325, -7.1144191], [107.7375001, -7.1155123], [107.7368854, -7.1166672], [107.7374961, -7.1174487], [107.7370407, -7.1182395], [107.7374591, -7.1194781], [107.7386409, -7.1207334], [107.7384589, -7.1213938], [107.7390117, -7.1229187], [107.738676, -7.1235016], [107.7389166, -7.1242831], [107.7382895, -7.1252165], [107.7384425, -7.1255616], [107.7389954, -7.1256697], [107.7393683, -7.1273174], [107.7400985, -7.128353], [107.740069, -7.1300742], [107.7405845, -7.1300864], [107.7409346, -7.1306043], [107.741853, -7.1299442], [107.7425812, -7.1307768], [107.7429921, -7.1316475], [107.7426404, -7.1326861], [107.743094, -7.132755], [107.7435462, -7.1338401], [107.7427599, -7.1342936], [107.7427005, -7.1347418], [107.7429953, -7.135006], [107.7437647, -7.134589], [107.7438539, -7.1354999], [107.744515, -7.1354811], [107.7446227, -7.1359735], [107.7450177, -7.1359891], [107.7456237, -7.1376478], [107.7455006, -7.1387086], [107.7461349, -7.1390931], [107.7451832, -7.1426761], [107.7452564, -7.1433486], [107.7459774, -7.1438106], [107.7459113, -7.1444105], [107.7469737, -7.1477317], [107.7468207, -7.1484968], [107.7462949, -7.1490538], [107.745903, -7.151708], [107.7448831, -7.1527959], [107.7448398, -7.1540744], [107.7491356, -7.1593177], [107.7514552, -7.1627404], [107.7506368, -7.1652468], [107.7521846, -7.1667158], [107.7505641, -7.1686679], [107.7491583, -7.1695092], [107.7459932, -7.1693759], [107.7444609, -7.1684875], [107.7429954, -7.1686773], [107.7420128, -7.1692632], [107.7408709, -7.1691298], [107.7398749, -7.16982], [107.7385814, -7.17207], [107.7372836, -7.1727933], [107.7360487, -7.17431], [107.7360677, -7.176028], [107.7356755, -7.1777296], [107.7342555, -7.1809672], [107.7341983, -7.1820202], [107.7328028, -7.1827875], [107.7316771, -7.1851226], [107.7304386, -7.185244], [107.7291902, -7.1860379], [107.7271498, -7.1892442], [107.7268226, -7.1902495], [107.7260102, -7.1905817], [107.725922, -7.1913889], [107.7255838, -7.1916482], [107.7233346, -7.189875], [107.7228971, -7.1887659], [107.7220325, -7.1882929], [107.7218346, -7.1872182], [107.7184155, -7.1838675], [107.7184605, -7.1833891], [107.7175614, -7.1831554], [107.7166471, -7.1823599], [107.7161632, -7.1815021], [107.7160441, -7.179583], [107.715149, -7.1788137], [107.7155037, -7.1772719], [107.7152689, -7.1764222], [107.7131649, -7.1752392], [107.7125032, -7.1734357], [107.7112463, -7.1730032], [107.7096799, -7.17044], [107.708979, -7.1701094], [107.7069266, -7.1679124], [107.7069767, -7.1666689], [107.7064181, -7.1661271], [107.7054327, -7.1662668], [107.7047187, -7.1653434], [107.7047064, -7.1639058], [107.7032168, -7.1627634], [107.7031893, -7.1623655], [107.7036963, -7.1618748], [107.7036567, -7.1612582], [107.7029769, -7.1606474], [107.7025079, -7.1585474], [107.7009225, -7.1548961], [107.7015487, -7.1537808], [107.7012273, -7.1530101], [107.7019611, -7.1513609], [107.7000589, -7.1503529], [107.6999646, -7.1489791], [107.6987311, -7.1483442], [107.6996462, -7.146597], [107.6992719, -7.1441605], [107.7001585, -7.1431069], [107.6994973, -7.1416792], [107.6982607, -7.1404374], [107.6980459, -7.1410876], [107.6982825, -7.1422452], [107.6967055, -7.142725], [107.6939185, -7.1422669], [107.6936111, -7.1440532], [107.692851, -7.1447], [107.6929481, -7.1452603]]]}}, {"type": "Feature", "properties": {"name": "Pameungpeuk"}, "geometry": {"type": "Polygon", "coordinates": [[[107.6160082, -7.0266185], [107.6147393, -7.0273859], [107.6137411, -7.0284816], [107.6111649, -7.0291386], [107.6093518, -7.0302347], [107.6088424, -7.0315697], [107.6079434, -7.0315834], [107.6071082, -7.0324345], [107.6078347, -7.033372], [107.607424, -7.0335716], [107.6071295, -7.0332901], [107.6050998, -7.0334416], [107.6051199, -7.0328705], [107.6042208, -7.0323396], [107.6039148, -7.0323907], [107.6037599, -7.0329979], [107.602385, -7.0329976], [107.6025314, -7.0343504], [107.6029989, -7.0353023], [107.6014234, -7.0358023], [107.6008709, -7.0356112], [107.6009908, -7.0352529], [107.5987328, -7.0350394], [107.5988031, -7.0347409], [107.5984056, -7.0347171], [107.5984532, -7.0339421], [107.5979215, -7.0335847], [107.5967353, -7.0335095], [107.5965528, -7.0311057], [107.5959322, -7.0311207], [107.5950322, -7.0305962], [107.5946963, -7.0295918], [107.5910049, -7.0294878], [107.5908854, -7.0312522], [107.5916907, -7.0318855], [107.592043, -7.0326736], [107.5917207, -7.0327214], [107.5915691, -7.033344], [107.5913194, -7.0330458], [107.590805, -7.0332565], [107.5901762, -7.0329078], [107.5905849, -7.0322385], [107.5898193, -7.031425], [107.5893174, -7.0315389], [107.5890926, -7.0323129], [107.5885171, -7.0317247], [107.587443, -7.0319212], [107.5877942, -7.0308276], [107.5874301, -7.0305138], [107.5867418, -7.0312413], [107.5868091, -7.0303005], [107.5860681, -7.0305749], [107.5862492, -7.0287862], [107.5857111, -7.0286823], [107.5854179, -7.0281841], [107.5843771, -7.0279934], [107.5841388, -7.0290348], [107.5847484, -7.030215], [107.5832546, -7.03013], [107.5835497, -7.031563], [107.5825117, -7.0308227], [107.5818219, -7.0320316], [107.5817769, -7.0329859], [107.5813251, -7.0330673], [107.5809716, -7.0327751], [107.5810973, -7.0321289], [107.5801845, -7.0319546], [107.5796977, -7.0322155], [107.5804547, -7.032778], [107.580409, -7.0349015], [107.5800281, -7.0348319], [107.5799655, -7.0338997], [107.5793994, -7.0341037], [107.5790006, -7.034719], [107.5786549, -7.0340947], [107.5772776, -7.0332798], [107.5768315, -7.032045], [107.5751318, -7.0319518], [107.5744846, -7.0316107], [107.5746793, -7.0311046], [107.5728999, -7.0305916], [107.5726962, -7.030286], [107.5726423, -7.0305128], [107.5720343, -7.0302687], [107.5711389, -7.0336318], [107.5703878, -7.0337833], [107.568658, -7.0333954], [107.5683737, -7.0336842], [107.5668709, -7.0333775], [107.5667566, -7.0328846], [107.566045, -7.0340297], [107.5655269, -7.0339476], [107.5650874, -7.033617], [107.5663678, -7.0324852], [107.5664501, -7.0317683], [107.5667999, -7.0317132], [107.5666579, -7.0307576], [107.5654532, -7.0310248], [107.5650206, -7.030742], [107.5653488, -7.0299472], [107.5636453, -7.0296879], [107.56377, -7.0286311], [107.5613689, -7.0274368], [107.5604601, -7.0272978], [107.5622436, -7.0235669], [107.5619438, -7.0224568], [107.561528, -7.0223864], [107.5616991, -7.0218212], [107.5618747, -7.0214738], [107.5625041, -7.0216093], [107.5628855, -7.0207823], [107.5627693, -7.0197727], [107.5633364, -7.0167283], [107.5628579, -7.0161715], [107.5639722, -7.0134749], [107.5639312, -7.0103548], [107.5650534, -7.0086672], [107.5647938, -7.0074291], [107.56539, -7.00662], [107.56583, -7.0065435], [107.5660357, -7.0058858], [107.5684068, -7.0063729], [107.5692427, -7.0046421], [107.5697107, -7.0026791], [107.5734728, -7.0039817], [107.5709639, -7.0077832], [107.5705191, -7.009071], [107.5702431, -7.0104192], [107.5704825, -7.0135703], [107.5701522, -7.0145801], [107.5706191, -7.0152824], [107.5727916, -7.0162284], [107.5746708, -7.0110853], [107.5756396, -7.0123209], [107.5756313, -7.0151496], [107.5752827, -7.0161701], [107.5760466, -7.0162229], [107.5773177, -7.0151543], [107.5777426, -7.0137269], [107.5798326, -7.0105683], [107.5810684, -7.0102164], [107.5820243, -7.008798], [107.5849795, -7.0080056], [107.5856681, -7.0059311], [107.5856138, -7.0047474], [107.5859566, -7.0047818], [107.5865642, -7.0038546], [107.5871578, -7.0038743], [107.5871717, -7.002943], [107.5885342, -7.0015797], [107.5881075, -7.0002731], [107.5886927, -7.0004977], [107.5888859, -6.9998946], [107.5894909, -6.9998791], [107.5892742, -7.001033], [107.5895734, -7.0013328], [107.5892003, -7.002428], [107.5915881, -7.0035096], [107.5915999, -7.0040849], [107.5932946, -7.0037121], [107.5944438, -7.0019161], [107.5949551, -7.0018548], [107.5959671, -6.998275], [107.5977656, -6.9989591], [107.5985697, -6.9969565], [107.5989201, -6.9973706], [107.5991355, -6.9969742], [107.5996517, -6.997304], [107.6010548, -6.9990442], [107.6009798, -6.9993417], [107.6015146, -6.9982736], [107.6041613, -6.9985863], [107.6019368, -7.0048954], [107.6005527, -7.0045998], [107.6003977, -7.0056488], [107.6017148, -7.0059868], [107.6016914, -7.0067628], [107.6007867, -7.0073803], [107.6007315, -7.0077784], [107.6002781, -7.0077535], [107.5998501, -7.0093206], [107.5993977, -7.0095556], [107.5992406, -7.0107827], [107.5984426, -7.0106397], [107.5981472, -7.0109071], [107.598139, -7.0103081], [107.5963967, -7.0098396], [107.5962711, -7.0115277], [107.5968362, -7.0128575], [107.5969596, -7.0142514], [107.5983677, -7.0142723], [107.5984846, -7.0161495], [107.6008224, -7.0181523], [107.6010354, -7.0180581], [107.6008412, -7.017315], [107.6029984, -7.0172855], [107.6057501, -7.0161345], [107.6076934, -7.0143729], [107.6083683, -7.0132489], [107.6099882, -7.0140094], [107.6102545, -7.0142012], [107.610179, -7.0149457], [107.6117023, -7.015443], [107.6129674, -7.0178974], [107.6135278, -7.0182368], [107.6135397, -7.0189714], [107.6138821, -7.0193297], [107.6135798, -7.0201759], [107.6138027, -7.0214755], [107.6150617, -7.0219467], [107.6173274, -7.0248272], [107.6176265, -7.0259285], [107.6160082, -7.0266185]]]}}, {"type": "Feature", "properties": {"name": "Pangalengan"}, "geometry": {"type": "Polygon", "coordinates": [[[107.5618586, -7.2544485], [107.5611558, -7.2542083], [107.5600645, -7.2530851], [107.5578979, -7.2517172], [107.5548871, -7.2505932], [107.5527528, -7.2515918], [107.5519894, -7.2523107], [107.5499574, -7.2555348], [107.5464937, -7.2574598], [107.545963, -7.257448], [107.5431064, -7.2553511], [107.542425, -7.2542502], [107.5418546, -7.2518285], [107.5410634, -7.2510611], [107.5408198, -7.2503165], [107.5388874, -7.2497073], [107.5366653, -7.2485032], [107.5337744, -7.2479849], [107.5326914, -7.2487514], [107.5326176, -7.249633], [107.5301475, -7.2502544], [107.5292276, -7.2502497], [107.528308, -7.2498077], [107.5281508, -7.2506842], [107.5268569, -7.2522219], [107.5249711, -7.2558691], [107.5204105, -7.2569464], [107.5189718, -7.2554843], [107.5187137, -7.2541254], [107.5167129, -7.2532987], [107.5156432, -7.2533025], [107.5148903, -7.2525], [107.5128397, -7.2514525], [107.5100647, -7.2515655], [107.5101369, -7.2521967], [107.5092841, -7.2523553], [107.509517, -7.253007], [107.509216, -7.253448], [107.508676, -7.253475], [107.5081057, -7.2541287], [107.5075704, -7.2542299], [107.507652, -7.251449], [107.5039806, -7.2497022], [107.5025244, -7.2497736], [107.5007398, -7.2501163], [107.4992907, -7.2513655], [107.4979086, -7.2533041], [107.4959952, -7.2541218], [107.4956824, -7.2532191], [107.4941274, -7.2519268], [107.4909905, -7.2500158], [107.492669, -7.24312], [107.4942499, -7.2407698], [107.497737, -7.2367259], [107.5007066, -7.2360974], [107.5019133, -7.2353869], [107.5034064, -7.2338024], [107.5044387, -7.2320368], [107.5053417, -7.2290477], [107.5045976, -7.2275061], [107.5057282, -7.2213173], [107.5065669, -7.2205628], [107.5065171, -7.2198745], [107.5043632, -7.2138857], [107.4976193, -7.2037011], [107.4964439, -7.1989252], [107.494033, -7.1958776], [107.4864391, -7.1907539], [107.4841836, -7.1898575], [107.4829751, -7.1877598], [107.4827196, -7.1847961], [107.4843731, -7.1797289], [107.4853006, -7.1782763], [107.4888313, -7.1773143], [107.4908086, -7.1755025], [107.500048, -7.168552], [107.5009514, -7.1670933], [107.50269, -7.165868], [107.5049443, -7.1649649], [107.506255, -7.164066], [107.5081511, -7.1650121], [107.5092044, -7.1650781], [107.5128352, -7.1627041], [107.5142902, -7.1643775], [107.5145056, -7.1633251], [107.5170748, -7.1603269], [107.519385, -7.1584819], [107.5211082, -7.1553816], [107.5213977, -7.1523002], [107.5207745, -7.1504098], [107.5222513, -7.1473028], [107.5222993, -7.1455809], [107.5234585, -7.1404289], [107.525961, -7.1357859], [107.5268063, -7.132778], [107.5268473, -7.1315249], [107.5258797, -7.1276055], [107.5263029, -7.1251546], [107.5255529, -7.1238962], [107.5254451, -7.1209892], [107.5263152, -7.1204106], [107.5280399, -7.1202682], [107.5279059, -7.1194081], [107.528508, -7.1191944], [107.5287923, -7.1186477], [107.529511, -7.1187537], [107.529373, -7.1180324], [107.5302739, -7.11819], [107.5307395, -7.1175419], [107.5315925, -7.1176711], [107.5326105, -7.1173595], [107.5332072, -7.1177283], [107.5339696, -7.1174314], [107.5338641, -7.1165224], [107.5341036, -7.116194], [107.5348034, -7.1159893], [107.5353985, -7.1166058], [107.5362724, -7.1161936], [107.5375264, -7.1149213], [107.5382555, -7.1148227], [107.5385016, -7.1141269], [107.5393048, -7.1144554], [107.5397141, -7.1136641], [107.540267, -7.1139049], [107.5405867, -7.1125029], [107.5418866, -7.1132992], [107.5419669, -7.1122256], [107.5432237, -7.1125057], [107.5432127, -7.1120782], [107.543717, -7.1118344], [107.5431903, -7.1111401], [107.5445775, -7.1100507], [107.5458677, -7.1075263], [107.5462824, -7.1073709], [107.5462685, -7.1069291], [107.5475808, -7.1059789], [107.5484218, -7.1039696], [107.5489984, -7.103645], [107.5495352, -7.1027162], [107.5491491, -7.1013628], [107.5498552, -7.1002265], [107.5503898, -7.0999481], [107.5499186, -7.0992161], [107.551395, -7.0988675], [107.552188, -7.0996092], [107.5521193, -7.1005201], [107.5527232, -7.1014971], [107.5520505, -7.1014984], [107.5520274, -7.1025028], [107.5537387, -7.103775], [107.5533177, -7.1051259], [107.5534268, -7.1062443], [107.5545412, -7.1060469], [107.5549437, -7.1078547], [107.5555846, -7.1086044], [107.5551752, -7.1090275], [107.5557826, -7.1104994], [107.5547454, -7.1092407], [107.5548235, -7.1105525], [107.5545728, -7.1109327], [107.5533251, -7.1105339], [107.5531657, -7.1111412], [107.5515805, -7.1126152], [107.5521117, -7.1127404], [107.5519775, -7.1143168], [107.5527511, -7.1154113], [107.5513003, -7.115961], [107.5519979, -7.1171768], [107.55203, -7.1199281], [107.5525859, -7.1207131], [107.5518936, -7.1210352], [107.5516703, -7.1219317], [107.5528296, -7.1226705], [107.5534966, -7.1244435], [107.5550393, -7.1244289], [107.555065, -7.1249138], [107.5544796, -7.1254374], [107.5543137, -7.1261866], [107.5569469, -7.1283359], [107.5571891, -7.1300389], [107.558454, -7.1306651], [107.559145, -7.1300042], [107.5602048, -7.1307609], [107.5603889, -7.1315084], [107.5620379, -7.1322714], [107.5621042, -7.1328751], [107.5635721, -7.1340676], [107.5636667, -7.135009], [107.5650736, -7.1359301], [107.565087, -7.136725], [107.5662229, -7.1368229], [107.5674125, -7.1384336], [107.5683846, -7.1383475], [107.5694886, -7.1392961], [107.5705708, -7.1393592], [107.5716617, -7.1400449], [107.5726787, -7.1397648], [107.5733824, -7.14078], [107.5737109, -7.1420194], [107.5746843, -7.1428883], [107.5754448, -7.1428231], [107.5780453, -7.1451991], [107.5797004, -7.1460577], [107.5809843, -7.1460854], [107.5817537, -7.1468217], [107.5858092, -7.1476703], [107.5877934, -7.1471832], [107.5916323, -7.1472325], [107.5950327, -7.1464372], [107.6004989, -7.1476246], [107.60248, -7.148802], [107.6075554, -7.1481714], [107.608769, -7.149573], [107.6095799, -7.1497697], [107.616354, -7.1476216], [107.6182043, -7.1476738], [107.6191098, -7.1473317], [107.6207947, -7.1481929], [107.6216423, -7.1482618], [107.623929, -7.1471646], [107.6273178, -7.1462908], [107.6285441, -7.1472264], [107.6299698, -7.1467467], [107.6308842, -7.1471298], [107.633293, -7.147311], [107.6364966, -7.1518324], [107.6403059, -7.1624314], [107.645207, -7.167452], [107.6469704, -7.1740476], [107.6473328, -7.174093], [107.6481254, -7.1768573], [107.6494147, -7.1786902], [107.6495156, -7.1800427], [107.6466357, -7.182921], [107.6433054, -7.1872073], [107.6350529, -7.1912975], [107.639183, -7.208162], [107.6360074, -7.2137987], [107.63403, -7.219909], [107.630484, -7.2240539], [107.6302416, -7.2249434], [107.6325502, -7.2350361], [107.6340282, -7.2400862], [107.63452, -7.24838], [107.6341951, -7.2499613], [107.6336838, -7.2508356], [107.631351, -7.251334], [107.627534, -7.251156], [107.6222499, -7.2497464], [107.6226393, -7.253594], [107.621797, -7.270418], [107.6225977, -7.2730217], [107.6242807, -7.275728], [107.6239656, -7.2818894], [107.624221, -7.2889707], [107.6249918, -7.291471], [107.6261706, -7.2924277], [107.6272503, -7.2942152], [107.6275856, -7.2990601], [107.6261405, -7.3014642], [107.6244787, -7.3018424], [107.6239886, -7.3032959], [107.6223734, -7.3041422], [107.6214718, -7.3062477], [107.620262, -7.3070747], [107.6180277, -7.3072646], [107.6161896, -7.3082245], [107.6156471, -7.3088529], [107.6143884, -7.3088775], [107.6120868, -7.3097643], [107.6111698, -7.309743], [107.6094624, -7.3090789], [107.6076304, -7.30927], [107.606631, -7.3084634], [107.6048179, -7.3078281], [107.604249, -7.3066373], [107.6043267, -7.3043688], [107.6039647, -7.3032222], [107.6028342, -7.3023136], [107.6016492, -7.3000341], [107.6019633, -7.2983257], [107.6038199, -7.2963828], [107.603667, -7.2932003], [107.6032558, -7.292828], [107.6026638, -7.2908561], [107.6021327, -7.2902991], [107.6016726, -7.2863806], [107.6007865, -7.2855945], [107.5992276, -7.2829523], [107.596602, -7.283276], [107.5925903, -7.2805774], [107.592053, -7.2807515], [107.5914995, -7.2815245], [107.5907472, -7.2816598], [107.5899251, -7.2810676], [107.5881471, -7.2805503], [107.5872092, -7.2790999], [107.5853416, -7.2789084], [107.584602, -7.2777198], [107.5837901, -7.27716], [107.5821552, -7.2767009], [107.5804573, -7.2741777], [107.5790606, -7.2733923], [107.5780154, -7.2715321], [107.5783489, -7.2690812], [107.5774204, -7.2673527], [107.5751897, -7.267223], [107.5744342, -7.2666935], [107.5742677, -7.2657715], [107.5746127, -7.2646948], [107.5738513, -7.263856], [107.573627, -7.2627056], [107.5698181, -7.2601346], [107.5684786, -7.2601569], [107.5675298, -7.2606893], [107.566471, -7.2604781], [107.5654837, -7.2592428], [107.5639609, -7.2582315], [107.5636694, -7.2573808], [107.5618789, -7.2569882], [107.5618586, -7.2544485]]]}}, {"type": "Feature", "properties": {"name": "Paseh"}, "geometry": {"type": "Polygon", "coordinates": [[[107.7797526, -7.0841343], [107.7782666, -7.0846633], [107.7755016, -7.0850509], [107.7735669, -7.0865009], [107.7734808, -7.0856123], [107.7738101, -7.085667], [107.7739977, -7.0853424], [107.7736264, -7.0852975], [107.7733806, -7.0848368], [107.7732251, -7.0828037], [107.7738185, -7.0822383], [107.7743215, -7.0824098], [107.7746054, -7.0821451], [107.7750529, -7.0808865], [107.771688, -7.0801088], [107.7722178, -7.0770996], [107.7711354, -7.070238], [107.7718057, -7.0699761], [107.772112, -7.0670599], [107.7719444, -7.0657905], [107.770155, -7.0655], [107.7701436, -7.0650585], [107.7697021, -7.0650117], [107.7696911, -7.0640419], [107.7688097, -7.0639104], [107.7681093, -7.0631209], [107.7676642, -7.0619172], [107.7678606, -7.0610545], [107.7660789, -7.0606183], [107.7632693, -7.059243], [107.7631348, -7.0581562], [107.7635146, -7.0580392], [107.7641393, -7.055934], [107.7638545, -7.0549778], [107.7654793, -7.0541131], [107.7655581, -7.0517615], [107.766145, -7.0510716], [107.7660685, -7.050056], [107.7656845, -7.0500118], [107.7656456, -7.0480107], [107.7645044, -7.0476726], [107.7672361, -7.0453862], [107.7677518, -7.0393942], [107.768706, -7.0394916], [107.7691433, -7.0400173], [107.7714834, -7.0400582], [107.7729974, -7.040577], [107.7719689, -7.0414591], [107.7716499, -7.0449552], [107.7742268, -7.0455857], [107.7747423, -7.04696], [107.7752489, -7.0451912], [107.7757685, -7.0453752], [107.7762658, -7.0472786], [107.7770137, -7.048172], [107.7776478, -7.0479674], [107.777518, -7.0484774], [107.7780304, -7.0492438], [107.7781105, -7.0483509], [107.7773168, -7.0473142], [107.7783116, -7.0472019], [107.7781889, -7.0460268], [107.7786223, -7.0459771], [107.7786771, -7.0453843], [107.7800765, -7.0452042], [107.7802279, -7.045635], [107.7808493, -7.0453452], [107.7824576, -7.0454496], [107.782468, -7.0443267], [107.7804133, -7.0422689], [107.779657, -7.0406972], [107.7791479, -7.0408273], [107.778871, -7.0393563], [107.778959, -7.0357136], [107.7794308, -7.035353], [107.7793417, -7.0344704], [107.779623, -7.033958], [107.7795627, -7.0310246], [107.7785902, -7.0303981], [107.7786446, -7.0301189], [107.7809347, -7.0292678], [107.780392, -7.0263229], [107.7773519, -7.0267863], [107.776562, -7.0235971], [107.7765868, -7.0232503], [107.7784554, -7.0231107], [107.7785201, -7.0239351], [107.7825527, -7.0232884], [107.7823458, -7.0223899], [107.7825409, -7.0213961], [107.7814348, -7.0194304], [107.7809917, -7.0178208], [107.7814916, -7.0128575], [107.7805374, -7.0113308], [107.7793303, -7.0105291], [107.7790915, -7.0089302], [107.7783196, -7.0078765], [107.7824968, -7.0065389], [107.7918926, -7.0049397], [107.7935209, -7.0057341], [107.793442, -7.006828], [107.7935824, -7.0076346], [107.7939846, -7.0076245], [107.7940461, -7.0094337], [107.7945221, -7.0104407], [107.795278, -7.0105397], [107.7954765, -7.0125068], [107.796208, -7.0124317], [107.7965286, -7.0172397], [107.7982596, -7.0171099], [107.7988071, -7.0176145], [107.7985384, -7.0179535], [107.7989919, -7.0195756], [107.7990164, -7.0215222], [107.7993796, -7.0231881], [107.7999303, -7.0238614], [107.7996197, -7.0254109], [107.7998124, -7.0273703], [107.8003649, -7.0287787], [107.8005187, -7.0310488], [107.8009005, -7.0313963], [107.8013743, -7.0331536], [107.8013032, -7.0341514], [107.8018751, -7.0344842], [107.8010977, -7.0350881], [107.8009801, -7.0360119], [107.8019325, -7.0377235], [107.8027367, -7.0375681], [107.8032552, -7.0379702], [107.8044029, -7.040397], [107.8042976, -7.0422546], [107.8048673, -7.0422342], [107.8054581, -7.0428471], [107.8049142, -7.0440033], [107.8056229, -7.0449922], [107.805165, -7.0453193], [107.8064016, -7.0465394], [107.8063213, -7.0470338], [107.8050404, -7.0482639], [107.805918, -7.0492394], [107.8058972, -7.0502227], [107.806648, -7.0506511], [107.8065377, -7.0517724], [107.8072398, -7.0525361], [107.8086278, -7.0522417], [107.8092752, -7.052453], [107.8092971, -7.0531543], [107.8104294, -7.0543645], [107.8097538, -7.0546168], [107.8096614, -7.0557952], [107.8112797, -7.0559425], [107.8118654, -7.0569681], [107.8123208, -7.0572051], [107.8124421, -7.0579366], [107.81278, -7.0579672], [107.8132701, -7.0572277], [107.8142687, -7.0576803], [107.81692, -7.0575397], [107.8175522, -7.0582052], [107.8179591, -7.0582267], [107.8181955, -7.0587273], [107.8190392, -7.058758], [107.8190211, -7.0597203], [107.8206478, -7.0606189], [107.8206668, -7.0617782], [107.8214438, -7.0630537], [107.8236151, -7.0647755], [107.8244496, -7.0662406], [107.8239696, -7.0664013], [107.824053, -7.0671252], [107.823593, -7.067264], [107.8228583, -7.0725993], [107.8234713, -7.0726529], [107.8247249, -7.0741801], [107.8256425, -7.0741578], [107.8265849, -7.074672], [107.8275446, -7.0760587], [107.8285862, -7.0759115], [107.8298499, -7.0762382], [107.8291643, -7.0766758], [107.8278126, -7.0763068], [107.8283782, -7.0770537], [107.8280173, -7.0771504], [107.8287131, -7.0775069], [107.8352061, -7.0775247], [107.8357006, -7.0785288], [107.8353168, -7.079898], [107.8356304, -7.0810537], [107.836757, -7.0820212], [107.8364577, -7.0833456], [107.8369049, -7.0852612], [107.8353846, -7.0878193], [107.8335632, -7.0901616], [107.8309589, -7.0908539], [107.8304449, -7.0921579], [107.827205, -7.0918771], [107.8271592, -7.0939499], [107.8267785, -7.0943401], [107.81968, -7.0956478], [107.8176499, -7.0977179], [107.8155036, -7.0980389], [107.8141005, -7.0974264], [107.8122465, -7.0978934], [107.8112966, -7.0977507], [107.8111215, -7.0980103], [107.8101774, -7.1003166], [107.8106011, -7.1010263], [107.8098971, -7.1019847], [107.8099869, -7.1040261], [107.8103524, -7.1045548], [107.810264, -7.1055748], [107.810818, -7.1074695], [107.8108761, -7.1098736], [107.8105824, -7.1109494], [107.8090597, -7.1123839], [107.8091074, -7.1133458], [107.8082407, -7.1138785], [107.8082367, -7.1149362], [107.8077727, -7.1157437], [107.8079367, -7.1171959], [107.8086692, -7.1178016], [107.8104223, -7.1206718], [107.8102259, -7.1234561], [107.8105298, -7.1242835], [107.8109891, -7.1244154], [107.8108925, -7.1260748], [107.8113116, -7.1260944], [107.8117158, -7.1267214], [107.8119134, -7.1282082], [107.8114045, -7.1318901], [107.8107739, -7.1325801], [107.8114916, -7.1366311], [107.8101844, -7.1389675], [107.8095315, -7.1391612], [107.8061969, -7.1366305], [107.8047215, -7.1359624], [107.7994881, -7.1241873], [107.7989313, -7.1239646], [107.7976508, -7.1190653], [107.7971775, -7.111939], [107.795897, -7.108348], [107.792959, -7.1065331], [107.7922503, -7.1057035], [107.7913595, -7.1021125], [107.789358, -7.099674], [107.7879742, -7.0992208], [107.7879005, -7.097431], [107.7887762, -7.0958061], [107.7857128, -7.0954073], [107.7843231, -7.0935414], [107.783535, -7.0930614], [107.7836752, -7.0912876], [107.7842469, -7.0908395], [107.7855024, -7.0907914], [107.7856332, -7.0902538], [107.7834558, -7.0882221], [107.7812041, -7.0866787], [107.7804729, -7.086895], [107.7801257, -7.0864732], [107.7805206, -7.0858358], [107.7797165, -7.0845154], [107.7800319, -7.0839706], [107.7797526, -7.0841343]]]}}, {"type": "Feature", "properties": {"name": "Pasirjambu"}, "geometry": {"type": "Polygon", "coordinates": [[[107.465459, -7.2496151], [107.4600861, -7.2496729], [107.456251, -7.2504612], [107.4524085, -7.2468979], [107.4508971, -7.2461076], [107.4490656, -7.2457768], [107.4478133, -7.244702], [107.4471425, -7.244713], [107.4458699, -7.2434696], [107.4445642, -7.2428808], [107.4420658, -7.2425586], [107.4411739, -7.2430298], [107.4404879, -7.2440888], [107.4408741, -7.245629], [107.4402308, -7.2462612], [107.439362, -7.2489813], [107.437943, -7.250579], [107.4379781, -7.2519418], [107.4277433, -7.2537464], [107.4278934, -7.2542605], [107.4268417, -7.2547743], [107.426604, -7.2553328], [107.4261968, -7.2550926], [107.424081, -7.2557568], [107.4227992, -7.2569262], [107.4211318, -7.2571144], [107.42052, -7.2569462], [107.4204706, -7.2554766], [107.4192127, -7.2550289], [107.4184909, -7.2537052], [107.4175232, -7.2532279], [107.4175676, -7.2524989], [107.4167775, -7.2517257], [107.4152689, -7.2519508], [107.4124904, -7.2502915], [107.4105689, -7.2501552], [107.4090631, -7.2494478], [107.407491, -7.2477024], [107.4065273, -7.2471682], [107.4033446, -7.2468903], [107.3991026, -7.2483249], [107.3975053, -7.2471735], [107.3973179, -7.2465955], [107.396373, -7.2460935], [107.3952761, -7.2448972], [107.3931337, -7.2456099], [107.3904528, -7.2455985], [107.3897762, -7.2460692], [107.3888216, -7.2485247], [107.3868275, -7.250499], [107.3859503, -7.2507019], [107.3848557, -7.2500696], [107.3844794, -7.251231], [107.3835763, -7.2513749], [107.3812891, -7.2496238], [107.3813011, -7.2461341], [107.3793394, -7.2405473], [107.37847, -7.2395758], [107.3764359, -7.2391813], [107.3772155, -7.2376312], [107.3782553, -7.2364549], [107.3783036, -7.2346984], [107.379367, -7.2336254], [107.3807002, -7.2314145], [107.3817207, -7.2309386], [107.3834055, -7.227819], [107.3843359, -7.2252912], [107.3848227, -7.2131076], [107.3820758, -7.2087371], [107.3825833, -7.2024901], [107.3842378, -7.2001742], [107.3879965, -7.1980426], [107.3911096, -7.1955355], [107.3913506, -7.1932729], [107.3911538, -7.1886022], [107.391983, -7.1823306], [107.3946949, -7.1756474], [107.3997102, -7.1613414], [107.401394, -7.159897], [107.407403, -7.159665], [107.411801, -7.158749], [107.418145, -7.159682], [107.421487, -7.155964], [107.423636, -7.151322], [107.426199, -7.148719], [107.428875, -7.147046], [107.430063, -7.147076], [107.4321229, -7.1479822], [107.4329198, -7.1467697], [107.4319869, -7.1457798], [107.4320477, -7.1443806], [107.4310154, -7.1443083], [107.4307894, -7.1434379], [107.4296844, -7.143647], [107.4291201, -7.142202], [107.4286086, -7.1425825], [107.4277112, -7.1414627], [107.4274598, -7.1401164], [107.4281815, -7.1394467], [107.4283757, -7.1388228], [107.4287661, -7.1393121], [107.4290795, -7.1392698], [107.429309, -7.1385309], [107.4301268, -7.1382892], [107.4303666, -7.137627], [107.4308735, -7.137376], [107.430643, -7.1363321], [107.4302361, -7.1359813], [107.4302669, -7.1350055], [107.4313124, -7.1333256], [107.432679, -7.1331706], [107.4333632, -7.130528], [107.435087, -7.1299949], [107.4352489, -7.1292812], [107.4357637, -7.1290216], [107.4367208, -7.1300592], [107.4369724, -7.1299548], [107.4377407, -7.1274124], [107.4373093, -7.1262481], [107.4383973, -7.1252789], [107.4380185, -7.1249569], [107.4382822, -7.1238914], [107.4377974, -7.1225237], [107.4392309, -7.1213012], [107.4399766, -7.1201598], [107.441258, -7.1194418], [107.4418197, -7.1186739], [107.4427484, -7.1191051], [107.4430064, -7.117928], [107.4441249, -7.1174678], [107.4441067, -7.1168382], [107.4451018, -7.1163648], [107.4458659, -7.115522], [107.4466047, -7.1154151], [107.4469011, -7.1147146], [107.4476438, -7.114987], [107.4477192, -7.114241], [107.4494653, -7.114071], [107.451365, -7.1119696], [107.4515108, -7.1108424], [107.4537594, -7.1097657], [107.4551394, -7.1077996], [107.4556124, -7.1081684], [107.4561775, -7.1081328], [107.4563768, -7.1075587], [107.457121, -7.1071411], [107.4572973, -7.1063348], [107.4583549, -7.1053576], [107.460517, -7.104403], [107.4609506, -7.1047818], [107.461451, -7.1044327], [107.461999, -7.1047445], [107.4651923, -7.1038529], [107.4670652, -7.1037478], [107.4677305, -7.1033521], [107.4682788, -7.1023974], [107.4688113, -7.1024214], [107.4692152, -7.1013016], [107.470671, -7.1000776], [107.4707149, -7.0995502], [107.471166, -7.0991825], [107.471069, -7.0974404], [107.4718601, -7.09657], [107.471357, -7.0963028], [107.4710506, -7.0955962], [107.4704589, -7.0956732], [107.4701122, -7.0944694], [107.470227, -7.0940532], [107.4713983, -7.0937032], [107.4717302, -7.0931659], [107.4716504, -7.0928412], [107.4704963, -7.0929631], [107.4703357, -7.0921154], [107.4706421, -7.091467], [107.4703417, -7.0912261], [107.4698479, -7.0918121], [107.4693482, -7.0913659], [107.4698063, -7.090194], [107.4692828, -7.0896319], [107.4694523, -7.0890281], [107.4680009, -7.0887574], [107.4676261, -7.0890608], [107.4666327, -7.0884689], [107.466359, -7.088576], [107.4665881, -7.0891441], [107.4649254, -7.0890221], [107.4632248, -7.0883196], [107.4623229, -7.0890251], [107.4617934, -7.0888139], [107.4616596, -7.0884124], [107.4607227, -7.0886325], [107.4612313, -7.0878532], [107.4608506, -7.0873744], [107.4592415, -7.0876064], [107.456616, -7.087154], [107.4567409, -7.0861189], [107.4570229, -7.0861296], [107.4572978, -7.0855383], [107.4597439, -7.0852385], [107.4601008, -7.0847103], [107.46061, -7.0847769], [107.4614107, -7.0840602], [107.4615832, -7.0833], [107.4628006, -7.0831609], [107.4623506, -7.0819866], [107.4658495, -7.082734], [107.4667242, -7.0835553], [107.4668952, -7.0842437], [107.4676699, -7.083994], [107.4688401, -7.084731], [107.4695403, -7.0844765], [107.4711569, -7.0846364], [107.4716774, -7.0843288], [107.472301, -7.0849144], [107.4726276, -7.0847592], [107.4727747, -7.0851501], [107.4739656, -7.0846559], [107.4756117, -7.0856112], [107.4763384, -7.0847451], [107.4758692, -7.0840264], [107.476997, -7.0836435], [107.4784692, -7.0823792], [107.4781241, -7.081911], [107.4781575, -7.0809792], [107.4793742, -7.0805366], [107.4785832, -7.0799291], [107.4784727, -7.0791009], [107.4769555, -7.0797528], [107.4761096, -7.0789096], [107.4752438, -7.0797152], [107.4738049, -7.0794395], [107.4738416, -7.0786873], [107.4726802, -7.0783814], [107.4732751, -7.0776471], [107.4731308, -7.0773663], [107.4721221, -7.0774124], [107.4710671, -7.0762642], [107.4710991, -7.0772787], [107.4703425, -7.0775162], [107.4703344, -7.0765824], [107.4695786, -7.0770251], [107.4692703, -7.0763079], [107.4687899, -7.0761799], [107.4684934, -7.076462], [107.4680797, -7.0758649], [107.4689026, -7.0750247], [107.4697944, -7.074925], [107.4698411, -7.0736154], [107.4709768, -7.0727827], [107.4728658, -7.0698773], [107.4733476, -7.0701831], [107.4739365, -7.0700761], [107.4763662, -7.0680899], [107.4757567, -7.0645521], [107.4763723, -7.064141], [107.4787045, -7.0636117], [107.4789952, -7.063141], [107.4807505, -7.059838], [107.48029, -7.0563744], [107.4835427, -7.0552299], [107.4898854, -7.0504963], [107.4947798, -7.0490596], [107.4949382, -7.0486956], [107.4957311, -7.0484875], [107.4957098, -7.0481747], [107.496713, -7.047675], [107.4977003, -7.049216], [107.4969401, -7.0499271], [107.4968837, -7.0504413], [107.49797, -7.0503655], [107.4983829, -7.0509631], [107.4974412, -7.0529103], [107.4987162, -7.0536624], [107.4990958, -7.0548139], [107.4976936, -7.0547081], [107.4972986, -7.0553184], [107.4973799, -7.056209], [107.4966473, -7.0559059], [107.4962235, -7.0561392], [107.4963483, -7.0594939], [107.4951848, -7.0604847], [107.4958047, -7.061338], [107.4956912, -7.0615911], [107.4928694, -7.0614603], [107.4928154, -7.0617591], [107.4936431, -7.0621071], [107.4937081, -7.0625191], [107.4930535, -7.062971], [107.4920636, -7.0628653], [107.4923053, -7.0635417], [107.4915878, -7.0643691], [107.4922946, -7.0645893], [107.492941, -7.0668015], [107.4946245, -7.0673732], [107.4955515, -7.0688398], [107.4963044, -7.0689321], [107.4965815, -7.070317], [107.495587, -7.0713148], [107.4954663, -7.0730903], [107.4962299, -7.0729731], [107.4975227, -7.074216], [107.4977961, -7.0755867], [107.4998312, -7.0755299], [107.5014472, -7.0770284], [107.5022108, -7.0764034], [107.5024417, -7.0765561], [107.503081, -7.0782535], [107.5047893, -7.0795709], [107.505592, -7.0795105], [107.506693, -7.0803415], [107.5072187, -7.0820885], [107.5091535, -7.0829188], [107.5102159, -7.0829435], [107.5108648, -7.0833942], [107.5112041, -7.0842781], [107.5147728, -7.088532], [107.5149032, -7.0891123], [107.520075, -7.090108], [107.523245, -7.09461], [107.523389, -7.096444], [107.522841, -7.098706], [107.5213229, -7.1029905], [107.5194135, -7.1051534], [107.5188076, -7.1064269], [107.5188398, -7.109518], [107.5185251, -7.1108052], [107.5171366, -7.1133508], [107.5167047, -7.1170204], [107.5169894, -7.1228609], [107.5171099, -7.1238933], [107.517897, -7.1249449], [107.5205874, -7.1252401], [107.5223601, -7.1258158], [107.5235254, -7.1266932], [107.5245519, -7.1294766], [107.5268473, -7.1315249], [107.5268063, -7.132778], [107.525961, -7.1357859], [107.5234585, -7.1404289], [107.5222993, -7.1455809], [107.5222513, -7.1473028], [107.5207745, -7.1504098], [107.5213977, -7.1523002], [107.5211082, -7.1553816], [107.519385, -7.1584819], [107.5170748, -7.1603269], [107.5145056, -7.1633251], [107.5142902, -7.1643775], [107.5128352, -7.1627041], [107.5092044, -7.1650781], [107.5081511, -7.1650121], [107.506255, -7.164066], [107.5049443, -7.1649649], [107.50269, -7.165868], [107.5009514, -7.1670933], [107.500048, -7.168552], [107.4908086, -7.1755025], [107.4888313, -7.1773143], [107.4853006, -7.1782763], [107.4843731, -7.1797289], [107.4827196, -7.1847961], [107.4829751, -7.1877598], [107.4841836, -7.1898575], [107.4864391, -7.1907539], [107.494033, -7.1958776], [107.4964439, -7.1989252], [107.4976193, -7.2037011], [107.5043632, -7.2138857], [107.5065171, -7.2198745], [107.5065669, -7.2205628], [107.5057282, -7.2213173], [107.5045976, -7.2275061], [107.5053417, -7.2290477], [107.5051482, -7.2300894], [107.5034064, -7.2338024], [107.5019133, -7.2353869], [107.5007066, -7.2360974], [107.497737, -7.2367259], [107.4942499, -7.2407698], [107.492669, -7.24312], [107.4909905, -7.2500158], [107.4956824, -7.2532191], [107.4959952, -7.2541218], [107.4954465, -7.2553135], [107.4937831, -7.2582743], [107.4926159, -7.258699], [107.4919259, -7.2585324], [107.4879222, -7.2559586], [107.4860486, -7.2539282], [107.4827272, -7.2518903], [107.4806371, -7.2515713], [107.4788315, -7.252987], [107.4769136, -7.2537629], [107.4768379, -7.2545754], [107.4760283, -7.2548674], [107.4711314, -7.2518069], [107.4697513, -7.2498939], [107.4683182, -7.2487263], [107.4671249, -7.248758], [107.465459, -7.2496151]]]}}, {"type": "Feature", "properties": {"name": "Rancabali"}, "geometry": {"type": "Polygon", "coordinates": [[[107.3946949, -7.1756474], [107.391983, -7.1823306], [107.3911538, -7.1886022], [107.3913506, -7.1932729], [107.3911096, -7.1955355], [107.3879965, -7.1980426], [107.3842378, -7.2001742], [107.3825833, -7.2024901], [107.3820758, -7.2087371], [107.3848227, -7.2131076], [107.3843359, -7.2252912], [107.3834055, -7.227819], [107.3817207, -7.2309386], [107.3807002, -7.2314145], [107.379367, -7.2336254], [107.3783036, -7.2346984], [107.3782553, -7.2364549], [107.3772155, -7.2376312], [107.3764359, -7.2391813], [107.3688387, -7.2391954], [107.3648355, -7.238857], [107.3610187, -7.2377482], [107.3589618, -7.2364243], [107.3569972, -7.236997], [107.3568529, -7.2364808], [107.3556611, -7.235765], [107.3533221, -7.2355134], [107.3510111, -7.23018], [107.35175, -7.2279573], [107.3516125, -7.2254279], [107.3532317, -7.2236671], [107.3540371, -7.2213803], [107.3566017, -7.220063], [107.3566239, -7.2192216], [107.3556674, -7.2175441], [107.3547037, -7.2169659], [107.3519434, -7.2161862], [107.3512254, -7.2149668], [107.3498441, -7.2110753], [107.3473999, -7.2107576], [107.3472361, -7.209369], [107.3464562, -7.2081881], [107.3429801, -7.2043746], [107.3416857, -7.2045364], [107.3386858, -7.2036988], [107.3367463, -7.2035103], [107.3352604, -7.2045595], [107.333733, -7.2071963], [107.3322443, -7.2077], [107.3311485, -7.2072591], [107.3296966, -7.2052328], [107.3278017, -7.2040519], [107.3264023, -7.202571], [107.3248107, -7.2000204], [107.3217032, -7.1984902], [107.3213451, -7.1964945], [107.3208021, -7.1961024], [107.3208488, -7.195152], [107.3197091, -7.1913156], [107.3184024, -7.190363], [107.3146333, -7.1914004], [107.3128939, -7.192254], [107.3104621, -7.1924813], [107.3086329, -7.1919778], [107.3060418, -7.1936672], [107.3055184, -7.1941639], [107.3058951, -7.1957131], [107.3057911, -7.201391], [107.3064123, -7.2040613], [107.3054588, -7.20411], [107.3042798, -7.203651], [107.3019431, -7.2037482], [107.3003771, -7.2027605], [107.2994713, -7.2028546], [107.2987603, -7.2035646], [107.2983157, -7.2074883], [107.2954642, -7.2089786], [107.2915245, -7.213228], [107.289005, -7.214007], [107.287386, -7.2140408], [107.2866881, -7.2135026], [107.2865019, -7.2130106], [107.2868731, -7.2119446], [107.286911, -7.210401], [107.2866343, -7.2095797], [107.2850318, -7.2080378], [107.2828974, -7.2071312], [107.2821601, -7.2063402], [107.2815627, -7.2065402], [107.2811257, -7.2062634], [107.2810149, -7.2067512], [107.2804445, -7.2070784], [107.2798099, -7.2067386], [107.2782996, -7.2074252], [107.2771364, -7.2059785], [107.2755612, -7.2048804], [107.2731468, -7.2048052], [107.2723115, -7.2050837], [107.2709221, -7.2048382], [107.2702389, -7.2043739], [107.269959, -7.2049939], [107.2694296, -7.2043791], [107.2682784, -7.2042913], [107.2678933, -7.2035405], [107.266793, -7.2042501], [107.2655063, -7.2032731], [107.2652599, -7.2022079], [107.2643344, -7.2017146], [107.2620817, -7.2015135], [107.2610701, -7.2007876], [107.2587467, -7.2007333], [107.2568619, -7.20137], [107.2546779, -7.2003126], [107.2520166, -7.2014442], [107.251448, -7.2013082], [107.2510293, -7.1999272], [107.2527646, -7.1978133], [107.2531901, -7.1957435], [107.254342, -7.195069], [107.2542135, -7.1937675], [107.2535788, -7.1932254], [107.2541738, -7.1930422], [107.2548797, -7.1922305], [107.2555681, -7.1925038], [107.256583, -7.190911], [107.2572818, -7.1907682], [107.2568016, -7.1886194], [107.2582267, -7.187962], [107.2577667, -7.1866984], [107.2584356, -7.1859374], [107.2583929, -7.1854288], [107.2590359, -7.1854637], [107.258888, -7.1848936], [107.2593003, -7.1845993], [107.2593194, -7.1839705], [107.2606226, -7.1834225], [107.2622495, -7.1833112], [107.2615727, -7.1825431], [107.2617235, -7.1817082], [107.2623676, -7.18142], [107.2618006, -7.1804216], [107.26223, -7.1801477], [107.262041, -7.1794522], [107.2625454, -7.1793338], [107.2635167, -7.1781785], [107.264012, -7.1788424], [107.2644563, -7.1788418], [107.265294, -7.1774657], [107.26574, -7.177467], [107.266648, -7.1760556], [107.2676963, -7.1754291], [107.267995, -7.1749075], [107.2678934, -7.1741156], [107.2684607, -7.1738187], [107.2696433, -7.1719637], [107.2722335, -7.1692902], [107.27329, -7.1708274], [107.2732258, -7.1725684], [107.2723169, -7.1744539], [107.2722654, -7.1752884], [107.2728673, -7.1767023], [107.2735147, -7.1772877], [107.2730992, -7.1776955], [107.2741385, -7.1774282], [107.273988, -7.1780455], [107.2732208, -7.1786534], [107.2733065, -7.1792672], [107.274775, -7.1786002], [107.27482, -7.1775681], [107.2753574, -7.1773318], [107.2754697, -7.1783073], [107.2746907, -7.1798298], [107.2758651, -7.180628], [107.2774444, -7.1783322], [107.2802597, -7.1771084], [107.2829015, -7.1744084], [107.2898152, -7.1723542], [107.2917185, -7.1703124], [107.2938745, -7.1699991], [107.2953372, -7.1684246], [107.2958203, -7.1670018], [107.2968409, -7.1654188], [107.2981412, -7.1653683], [107.2987978, -7.1656962], [107.2995586, -7.1671639], [107.3005141, -7.1676676], [107.3010084, -7.168794], [107.3015627, -7.1682158], [107.3020754, -7.1663407], [107.3031345, -7.1660237], [107.3031669, -7.1654041], [107.3041635, -7.1647107], [107.304913, -7.161789], [107.3037066, -7.1610489], [107.3035497, -7.1598014], [107.3022571, -7.1584287], [107.3023409, -7.1579858], [107.3031598, -7.1575717], [107.3030856, -7.1558945], [107.3034417, -7.1550714], [107.3026717, -7.153381], [107.3037034, -7.1519895], [107.3047943, -7.1514068], [107.3043073, -7.1503694], [107.3054084, -7.1497862], [107.3055929, -7.1473612], [107.3066945, -7.1459223], [107.3068438, -7.1452513], [107.3082043, -7.1447889], [107.3088478, -7.1439065], [107.3088805, -7.1413879], [107.3092354, -7.139936], [107.3084225, -7.1385772], [107.309979, -7.1363684], [107.3095595, -7.135332], [107.3097179, -7.134485], [107.3108572, -7.1334621], [107.3107572, -7.131929], [107.3109947, -7.1314225], [107.3105446, -7.1299743], [107.31111, -7.1295212], [107.3116038, -7.128415], [107.3128568, -7.1281435], [107.3136107, -7.1271609], [107.3135692, -7.1263064], [107.3117991, -7.1259608], [107.3101461, -7.1247179], [107.3116643, -7.1215388], [107.3125259, -7.1211737], [107.3132815, -7.119079], [107.3133551, -7.1171414], [107.3142076, -7.116698], [107.3144857, -7.1152971], [107.3155734, -7.1145283], [107.3165661, -7.1132771], [107.3198706, -7.1121865], [107.320284, -7.1087372], [107.3196111, -7.106505], [107.3207388, -7.1071843], [107.323678, -7.1067893], [107.3251524, -7.105987], [107.3265605, -7.105867], [107.3267818, -7.1043837], [107.3305933, -7.098224], [107.3336569, -7.098505], [107.337141, -7.0958079], [107.3375892, -7.0973556], [107.3388092, -7.0969202], [107.3447827, -7.0986536], [107.3473389, -7.0984147], [107.3483165, -7.0992683], [107.3504921, -7.0978205], [107.3524461, -7.0976899], [107.3535776, -7.0982876], [107.3547057, -7.0982392], [107.3572938, -7.0962175], [107.3586694, -7.0933944], [107.3589819, -7.0902561], [107.3624208, -7.0929184], [107.3636583, -7.09331], [107.3636357, -7.0959216], [107.3641353, -7.0960775], [107.3653641, -7.0956884], [107.3664341, -7.0965132], [107.3667673, -7.0984725], [107.3693726, -7.1002812], [107.3701175, -7.1029153], [107.3707456, -7.1035232], [107.371658, -7.102531], [107.37291, -7.100012], [107.377185, -7.096989], [107.376481, -7.095176], [107.37693, -7.09436], [107.376985, -7.093086], [107.376194, -7.092213], [107.3790751, -7.0930889], [107.3811571, -7.0929585], [107.3824382, -7.0943398], [107.3848964, -7.0958407], [107.3857557, -7.0975171], [107.388262, -7.098216], [107.389325, -7.099277], [107.390969, -7.099603], [107.392184, -7.099488], [107.3923604, -7.0991649], [107.3934087, -7.1041498], [107.385572, -7.1118891], [107.3874296, -7.11718], [107.3871637, -7.1217501], [107.3887797, -7.1225723], [107.3897624, -7.1237925], [107.3913297, -7.1243163], [107.3935833, -7.1244422], [107.3947441, -7.1271561], [107.3968824, -7.126606], [107.40444, -7.1266844], [107.4061691, -7.1263311], [107.4107893, -7.1268226], [107.4127925, -7.1257561], [107.4136074, -7.1257898], [107.4154435, -7.1244211], [107.4163549, -7.1248985], [107.4168653, -7.1242668], [107.4187505, -7.1239413], [107.4200125, -7.1229016], [107.4213166, -7.1228695], [107.4213812, -7.1211472], [107.4220887, -7.1206827], [107.4231369, -7.1187861], [107.4225055, -7.1177315], [107.4233752, -7.1171689], [107.4234034, -7.1166315], [107.4237519, -7.116662], [107.4235201, -7.1158331], [107.4238763, -7.1157305], [107.4237598, -7.1147354], [107.4243051, -7.1146507], [107.424361, -7.1127135], [107.4248256, -7.1125388], [107.424772, -7.1119221], [107.4251093, -7.1114449], [107.425979, -7.1109421], [107.4261808, -7.1100456], [107.4286892, -7.1111709], [107.4301152, -7.1132969], [107.4307332, -7.1124096], [107.4315647, -7.113442], [107.4323204, -7.1127397], [107.4350196, -7.1158105], [107.4348608, -7.1152856], [107.435296, -7.1148184], [107.4359786, -7.1148005], [107.435964, -7.1145614], [107.4364673, -7.1150389], [107.4365645, -7.1156774], [107.4358306, -7.1168652], [107.4366345, -7.1173839], [107.4380598, -7.1164543], [107.4379902, -7.1170998], [107.4383671, -7.1175685], [107.4379204, -7.1189195], [107.4384803, -7.1197746], [107.4383787, -7.1203107], [107.4388377, -7.1203676], [107.4390403, -7.1208333], [107.4387979, -7.1215599], [107.4377523, -7.1226017], [107.4382822, -7.1238914], [107.4380185, -7.1249569], [107.4383973, -7.1252789], [107.4373093, -7.1262481], [107.4377407, -7.1274124], [107.4369895, -7.1299239], [107.4367545, -7.1300841], [107.4357637, -7.1290216], [107.4352489, -7.1292812], [107.435087, -7.1299949], [107.4333632, -7.130528], [107.432679, -7.1331706], [107.4313124, -7.1333256], [107.4302669, -7.1350055], [107.4302361, -7.1359813], [107.430643, -7.1363321], [107.4308735, -7.137376], [107.4303666, -7.137627], [107.4301268, -7.1382892], [107.429309, -7.1385309], [107.4290795, -7.1392698], [107.4287661, -7.1393121], [107.4283757, -7.1388228], [107.4281815, -7.1394467], [107.4274598, -7.1401164], [107.4277112, -7.1414627], [107.4286086, -7.1425825], [107.4291201, -7.142202], [107.4296844, -7.143647], [107.4307894, -7.1434379], [107.4310154, -7.1443083], [107.432032, -7.1443544], [107.431937, -7.145633], [107.4329, -7.1466371], [107.4326872, -7.1473129], [107.4321229, -7.1479822], [107.430063, -7.147076], [107.428875, -7.147046], [107.426199, -7.148719], [107.423636, -7.151322], [107.421487, -7.155964], [107.418145, -7.159682], [107.411801, -7.158749], [107.408279, -7.159552], [107.401394, -7.159897], [107.400829, -7.160174], [107.3997102, -7.1613414], [107.3946949, -7.1756474]]]}}, {"type": "Feature", "properties": {"name": "Rancaekek"}, "geometry": {"type": "Polygon", "coordinates": [[[107.7473141, -6.9964452], [107.7452027, -6.9971688], [107.744751, -6.9999097], [107.7435077, -6.9995984], [107.7429934, -6.9988365], [107.7419327, -6.9983125], [107.7415932, -6.9974522], [107.7404374, -6.996556], [107.740426, -6.996142], [107.7388986, -6.9959038], [107.7392763, -6.9944402], [107.7390313, -6.9931839], [107.7380166, -6.9938075], [107.7378773, -6.9935622], [107.7382558, -6.9929511], [107.7379913, -6.9928188], [107.7373183, -6.9937621], [107.7356724, -6.9934724], [107.7352249, -6.9937694], [107.735231, -6.9928388], [107.7346008, -6.9926382], [107.7340525, -6.9932971], [107.7341646, -6.9949767], [107.7328781, -6.9949973], [107.7325554, -6.9929136], [107.7312462, -6.9936034], [107.7311388, -6.9952113], [107.7323331, -6.9957028], [107.7323088, -6.9962969], [107.7314168, -6.9962341], [107.7304696, -6.9956152], [107.7305757, -6.9951947], [107.7286526, -6.9947221], [107.7278487, -6.9949878], [107.7278681, -6.9945299], [107.7284931, -6.993972], [107.7281851, -6.9934402], [107.7269185, -6.9940843], [107.7268465, -6.9951848], [107.727314, -6.9960223], [107.7266423, -6.9964601], [107.72523, -6.9957041], [107.7244495, -6.9957503], [107.724719, -6.9947745], [107.7229744, -6.9947068], [107.7229733, -6.9941457], [107.7235507, -6.9939209], [107.7236793, -6.9933422], [107.7229667, -6.9930179], [107.7229585, -6.9926834], [107.7235498, -6.9927071], [107.7237007, -6.9918993], [107.7227426, -6.9917435], [107.7226174, -6.9923329], [107.7217305, -6.9925692], [107.7216388, -6.9932923], [107.7205875, -6.9930544], [107.7209675, -6.9920232], [107.7208436, -6.9914144], [107.7195476, -6.9917665], [107.7190423, -6.9914541], [107.7191851, -6.990841], [107.718858, -6.9903353], [107.7173178, -6.9906837], [107.7156792, -6.9898081], [107.7148999, -6.98866], [107.7140196, -6.9886743], [107.7133178, -6.9881123], [107.7130737, -6.9870957], [107.7133028, -6.9862727], [107.7124411, -6.9846669], [107.711134, -6.9857807], [107.7098442, -6.9861626], [107.7096417, -6.9852209], [107.7088344, -6.9843152], [107.7076705, -6.9841781], [107.7063521, -6.984463], [107.7062886, -6.9849795], [107.7072488, -6.9862483], [107.7070655, -6.9865565], [107.7066074, -6.986504], [107.7054004, -6.9849792], [107.7033413, -6.984268], [107.7033514, -6.9828507], [107.7051898, -6.9833087], [107.7051121, -6.9821176], [107.7056452, -6.9816249], [107.705818, -6.9807765], [107.7063148, -6.9804625], [107.7064011, -6.9780226], [107.7067347, -6.9778205], [107.7074461, -6.9784308], [107.7078706, -6.978153], [107.7075227, -6.9776083], [107.707626, -6.9768074], [107.7080414, -6.9767827], [107.7086231, -6.9775817], [107.7101093, -6.9776391], [107.7096301, -6.9763059], [107.7087544, -6.9758386], [107.7087785, -6.9751995], [107.7096961, -6.9745834], [107.7107414, -6.9725025], [107.7123082, -6.9719198], [107.7122311, -6.9709848], [107.7126656, -6.9706057], [107.713071, -6.9714163], [107.7149707, -6.9705479], [107.7154609, -6.9709047], [107.7153665, -6.9711635], [107.7184855, -6.971792], [107.7184334, -6.9722821], [107.7188102, -6.9724666], [107.7193498, -6.9690659], [107.7196407, -6.9687801], [107.7192957, -6.9686486], [107.7206757, -6.9686423], [107.7209823, -6.9681934], [107.7212388, -6.9687034], [107.7217412, -6.9687127], [107.7218787, -6.9681595], [107.7226836, -6.9685158], [107.7226083, -6.968839], [107.7235042, -6.9691177], [107.7235764, -6.969712], [107.7245607, -6.969469], [107.7257483, -6.9702496], [107.7286631, -6.9705495], [107.7314012, -6.9702887], [107.7333404, -6.9684246], [107.7358776, -6.9644592], [107.7367433, -6.9641852], [107.7378377, -6.9645733], [107.7389935, -6.9642551], [107.7408529, -6.9646366], [107.7416717, -6.9639382], [107.742546, -6.964473], [107.7429347, -6.9636662], [107.743746, -6.9639745], [107.7440063, -6.9632956], [107.7451413, -6.963052], [107.7453199, -6.9627578], [107.7473651, -6.9625431], [107.74868, -6.9607905], [107.7483969, -6.9590297], [107.7491358, -6.9582981], [107.7506013, -6.958266], [107.750697, -6.9577075], [107.7511056, -6.9578364], [107.7513042, -6.9567944], [107.7526202, -6.9557941], [107.752881, -6.955236], [107.7535767, -6.9556717], [107.7551204, -6.955691], [107.7588198, -6.9552471], [107.7599071, -6.9527881], [107.7616798, -6.9534306], [107.76281, -6.9542158], [107.7639403, -6.9543943], [107.7641068, -6.9535614], [107.7635477, -6.9523241], [107.7639797, -6.951543], [107.7658082, -6.9532402], [107.7704243, -6.954882], [107.7690035, -6.9577864], [107.7722803, -6.9590937], [107.7735212, -6.9572808], [107.7736397, -6.9557101], [107.7780505, -6.957321], [107.7790331, -6.954809], [107.7813603, -6.9551253], [107.7812061, -6.9560611], [107.7822264, -6.9563573], [107.7819647, -6.9586297], [107.7994656, -6.9645308], [107.8111977, -6.9662729], [107.8259975, -6.9669866], [107.8269008, -6.9675884], [107.8271507, -6.9685877], [107.8267059, -6.9706498], [107.8252859, -6.970062], [107.8250345, -6.9704513], [107.8244509, -6.9700294], [107.823949, -6.9704615], [107.8236069, -6.96992], [107.8224927, -6.969804], [107.8220231, -6.9693512], [107.8212226, -6.969423], [107.8207444, -6.9701067], [107.8200762, -6.9697542], [107.8198425, -6.9701136], [107.8184461, -6.9705851], [107.8178039, -6.9700859], [107.817226, -6.970118], [107.8170081, -6.9708789], [107.8160512, -6.9703484], [107.815655, -6.9705023], [107.8155262, -6.9710471], [107.8146037, -6.9707419], [107.8148538, -6.9718139], [107.8143916, -6.9722438], [107.8134955, -6.9720279], [107.8125282, -6.9725367], [107.8131902, -6.9734641], [107.8132053, -6.9741477], [107.8126613, -6.9739913], [107.8119091, -6.9742597], [107.8117672, -6.9749998], [107.8112733, -6.9751557], [107.8112172, -6.9756306], [107.8108272, -6.9755636], [107.8107919, -6.9760683], [107.8096151, -6.9773235], [107.8088559, -6.9769666], [107.8071462, -6.9785583], [107.8064642, -6.9783024], [107.80646, -6.9790802], [107.8060788, -6.9793554], [107.8069216, -6.980148], [107.8067531, -6.9804665], [107.8048435, -6.9803571], [107.8049517, -6.9807478], [107.8063717, -6.9816201], [107.8072355, -6.9815371], [107.8102017, -6.9828364], [107.8111692, -6.9810546], [107.8114489, -6.9812148], [107.8100686, -6.985536], [107.8094262, -6.9868683], [107.8089553, -6.9871241], [107.8092424, -6.9874343], [107.810737, -6.988074], [107.811289, -6.987425], [107.8139785, -6.9859238], [107.8146096, -6.9861158], [107.815186, -6.9859036], [107.8155376, -6.9862731], [107.817012, -6.986423], [107.817562, -6.986239], [107.8179268, -6.9871491], [107.819476, -6.9872339], [107.819636, -6.9866927], [107.8206664, -6.9872637], [107.8221942, -6.9871621], [107.8222599, -6.988936], [107.8238739, -6.9893655], [107.8251163, -6.9901088], [107.8241473, -6.9913493], [107.8190156, -6.9917888], [107.818875, -6.9909224], [107.8182398, -6.9904901], [107.8182485, -6.9899146], [107.8171591, -6.9895321], [107.8158324, -6.9907215], [107.8145282, -6.9908882], [107.8141403, -6.9931621], [107.8040775, -6.9946551], [107.8039122, -6.9961625], [107.8030577, -6.9961253], [107.8027683, -7.0018046], [107.8022964, -7.0044298], [107.8016961, -7.0044256], [107.80151, -7.0052711], [107.8005518, -7.0051707], [107.8002925, -7.0068806], [107.7991716, -7.0071097], [107.799276, -7.0074995], [107.7988452, -7.0077477], [107.797505, -7.005584], [107.7951588, -7.0054198], [107.7931298, -7.0057316], [107.7918926, -7.0049397], [107.7824968, -7.0065389], [107.7783196, -7.0078765], [107.7776922, -7.0064796], [107.777004, -7.006445], [107.7771902, -7.0056861], [107.7766345, -7.0050894], [107.7766159, -7.0036008], [107.7762217, -7.0037222], [107.775582, -7.003188], [107.7754968, -7.002469], [107.7745527, -7.0021321], [107.7740375, -7.0023353], [107.7739789, -7.0012564], [107.773417, -7.001006], [107.7734049, -7.0004531], [107.7728882, -7.0003572], [107.7729587, -6.9999685], [107.7724715, -6.9997275], [107.7724779, -6.9990527], [107.7719419, -6.9987624], [107.7705272, -6.9992364], [107.7703704, -6.9986602], [107.7696104, -6.9986186], [107.7696481, -6.9979547], [107.7690608, -6.9976499], [107.7690216, -6.9969924], [107.7685452, -6.9966918], [107.7679212, -6.9969005], [107.7685671, -6.9942177], [107.7684153, -6.9936618], [107.768705, -6.9933646], [107.7684592, -6.9924054], [107.7673874, -6.9926009], [107.7673493, -6.9932106], [107.766198, -6.9930742], [107.7659404, -6.9935802], [107.7664143, -6.9947217], [107.7658232, -6.9947924], [107.7652078, -6.9939741], [107.764701, -6.994422], [107.764815, -6.995116], [107.764447, -6.99496], [107.7641478, -6.9941612], [107.7638548, -6.9944081], [107.7640378, -6.9952276], [107.7637563, -6.995458], [107.7629941, -6.994814], [107.7627841, -6.9953664], [107.7630539, -6.9960712], [107.7613643, -6.9966038], [107.7616311, -6.9973833], [107.7604216, -6.9974198], [107.760072, -6.998075], [107.759003, -6.996839], [107.7595852, -6.9963388], [107.7595006, -6.9958187], [107.757853, -6.9961147], [107.7577722, -6.9972496], [107.7569666, -6.9967581], [107.7568253, -6.9956674], [107.757492, -6.99549], [107.75773, -6.994964], [107.7570576, -6.9945467], [107.7563476, -6.9949755], [107.7559692, -6.9946563], [107.7567441, -6.9933917], [107.7549776, -6.9939808], [107.7549748, -6.9935565], [107.7562289, -6.9924953], [107.755685, -6.9918469], [107.7534564, -6.9929744], [107.7543005, -6.9948371], [107.7527671, -6.9945826], [107.7520418, -6.993733], [107.7486542, -6.996246], [107.7485938, -6.9967599], [107.7473141, -6.9964452]]]}}, {"type": "Feature", "properties": {"name": "Solokanjeruk"}, "geometry": {"type": "Polygon", "coordinates": [[[107.7796596, -7.0105853], [107.7811543, -7.0120754], [107.7814916, -7.0128575], [107.7809917, -7.0178208], [107.7814348, -7.0194304], [107.7825409, -7.0213961], [107.7823458, -7.0223899], [107.7825527, -7.0232884], [107.7785201, -7.0239351], [107.7784554, -7.0231107], [107.7765868, -7.0232503], [107.776562, -7.0235971], [107.7773519, -7.0267863], [107.780392, -7.0263229], [107.7809347, -7.0292678], [107.7786446, -7.0301189], [107.7747331, -7.0310065], [107.7743634, -7.0348514], [107.7746468, -7.0361891], [107.7684341, -7.0336508], [107.7677518, -7.0393942], [107.7657863, -7.0393584], [107.7650428, -7.0389855], [107.7649366, -7.0377065], [107.76507, -7.0371217], [107.7660623, -7.0375802], [107.7667478, -7.0369691], [107.7665602, -7.0357826], [107.7668038, -7.0345408], [107.7664895, -7.0340274], [107.7659051, -7.0340616], [107.7654852, -7.0334504], [107.7659963, -7.0325702], [107.7612227, -7.0295933], [107.7548472, -7.0266083], [107.7548023, -7.0263028], [107.7540647, -7.0259305], [107.7494823, -7.0241942], [107.7520576, -7.0324451], [107.7511738, -7.0320949], [107.7503259, -7.0325512], [107.7491166, -7.0317706], [107.7478071, -7.0316701], [107.7469985, -7.0302066], [107.7453035, -7.0295797], [107.7444755, -7.0289218], [107.7439389, -7.0289909], [107.7432955, -7.0299328], [107.7426804, -7.0298389], [107.7412806, -7.0281372], [107.7404253, -7.0277205], [107.7410409, -7.0259411], [107.7394825, -7.0246075], [107.7381476, -7.0246699], [107.7362201, -7.0235766], [107.7351223, -7.0239101], [107.7330881, -7.0237182], [107.7298331, -7.0240786], [107.7273842, -7.0222263], [107.7264932, -7.0212584], [107.7268501, -7.0188513], [107.7257829, -7.0166316], [107.7253152, -7.0167059], [107.7251127, -7.0163046], [107.7250185, -7.0149817], [107.7235297, -7.0129662], [107.722807, -7.0135863], [107.7217489, -7.0139097], [107.7215956, -7.0147112], [107.7205115, -7.0146063], [107.7202643, -7.0140733], [107.7207347, -7.0136892], [107.7205959, -7.0129191], [107.7221401, -7.0116393], [107.7216197, -7.0107931], [107.7210074, -7.0111999], [107.7208089, -7.0107259], [107.7209544, -7.0102257], [107.7215935, -7.0102509], [107.7214176, -7.0096786], [107.7209833, -7.0095743], [107.7210086, -7.0090524], [107.7220045, -7.0089592], [107.7221471, -7.0080665], [107.7217306, -7.0072667], [107.7209438, -7.0075255], [107.7198854, -7.0073319], [107.7200416, -7.0067047], [107.7193729, -7.0060977], [107.7201965, -7.0053319], [107.7196201, -7.0040051], [107.718732, -7.0032123], [107.7192928, -7.0029188], [107.7192269, -7.002558], [107.7210367, -7.0027255], [107.7211195, -7.0024745], [107.7197892, -7.0021955], [107.7197773, -7.0015838], [107.7202567, -7.0014159], [107.7200052, -7.0008447], [107.7177195, -6.9983213], [107.7188869, -6.9979276], [107.7189166, -6.9971145], [107.7171001, -6.9973213], [107.7171701, -6.9967526], [107.7167068, -6.9964958], [107.7168918, -6.9959279], [107.7159048, -6.9958109], [107.7155966, -6.996555], [107.7144762, -6.9956511], [107.7114729, -6.996329], [107.7102094, -6.997175], [107.7096746, -6.9967621], [107.7090923, -6.9968], [107.7071138, -6.9978278], [107.7062262, -6.9975745], [107.7063387, -6.9971823], [107.705611, -6.9970294], [107.7051554, -6.9963214], [107.7064329, -6.9952837], [107.7064754, -6.9949505], [107.7050758, -6.9926692], [107.70633, -6.9923051], [107.706193, -6.991213], [107.7041245, -6.9895149], [107.7042559, -6.98884], [107.7036407, -6.9892315], [107.7029369, -6.9888556], [107.7027801, -6.9891036], [107.7019199, -6.9884087], [107.7032985, -6.9880229], [107.7042127, -6.9881805], [107.7062945, -6.9874863], [107.7052112, -6.9856433], [107.7057005, -6.9852472], [107.7060057, -6.9859749], [107.7070655, -6.9865565], [107.7072488, -6.9862483], [107.7062886, -6.9849795], [107.7063521, -6.984463], [107.7076705, -6.9841781], [107.7088344, -6.9843152], [107.7096417, -6.9852209], [107.7098442, -6.9861626], [107.711134, -6.9857807], [107.7124411, -6.9846669], [107.7133028, -6.9862727], [107.7130737, -6.9870957], [107.7132732, -6.9880726], [107.7140196, -6.9886743], [107.7148999, -6.98866], [107.7156792, -6.9898081], [107.7173178, -6.9906837], [107.718858, -6.9903353], [107.7191851, -6.990841], [107.7190423, -6.9914541], [107.7195476, -6.9917665], [107.7208436, -6.9914144], [107.7209675, -6.9920232], [107.7205875, -6.9930544], [107.7216388, -6.9932923], [107.7217305, -6.9925692], [107.7226174, -6.9923329], [107.7227426, -6.9917435], [107.7237007, -6.9918993], [107.7235498, -6.9927071], [107.7229585, -6.9926834], [107.7229667, -6.9930179], [107.7236734, -6.993325], [107.7235507, -6.9939209], [107.7231505, -6.9938814], [107.7228617, -6.9944217], [107.7233271, -6.9949163], [107.724719, -6.9947745], [107.7244495, -6.9957503], [107.72523, -6.9957041], [107.7266423, -6.9964601], [107.7271514, -6.9962459], [107.7269185, -6.9940843], [107.7281851, -6.9934402], [107.7284931, -6.993972], [107.7278681, -6.9945299], [107.7278487, -6.9949878], [107.7286526, -6.9947221], [107.7305757, -6.9951947], [107.7304696, -6.9956152], [107.7314168, -6.9962341], [107.7323088, -6.9962969], [107.7323331, -6.9957028], [107.7311388, -6.9952113], [107.7311532, -6.9938296], [107.7318245, -6.993187], [107.7325554, -6.9929136], [107.7327658, -6.993261], [107.7328844, -6.9950034], [107.7341646, -6.9949767], [107.7340525, -6.9932971], [107.7346008, -6.9926382], [107.735231, -6.9928388], [107.7352249, -6.9937694], [107.7356724, -6.9934724], [107.7373183, -6.9937621], [107.7379913, -6.9928188], [107.7382558, -6.9929511], [107.7378773, -6.9935622], [107.7380166, -6.9938075], [107.7390313, -6.9931839], [107.7391966, -6.9934255], [107.7392763, -6.9944402], [107.7388986, -6.9959038], [107.7402947, -6.9960384], [107.7404675, -6.9965958], [107.7415932, -6.9974522], [107.7419327, -6.9983125], [107.7429934, -6.9988365], [107.7435077, -6.9995984], [107.744751, -6.9999097], [107.7452027, -6.9971688], [107.7473141, -6.9964452], [107.7485938, -6.9967599], [107.7486542, -6.996246], [107.7495526, -6.99582], [107.7502856, -6.9948896], [107.751895, -6.993768], [107.7527671, -6.9945826], [107.7543005, -6.9948371], [107.7534302, -6.9930504], [107.7551125, -6.9919195], [107.755685, -6.9918469], [107.756249, -6.9923145], [107.7549748, -6.9935565], [107.7549776, -6.9939808], [107.7566878, -6.9933524], [107.7566483, -6.9938201], [107.7559827, -6.9944753], [107.7560894, -6.9948393], [107.756456, -6.9949642], [107.7568803, -6.9945337], [107.7577062, -6.9948554], [107.757492, -6.99549], [107.7568253, -6.9956674], [107.757022, -6.996828], [107.7577722, -6.9972496], [107.757853, -6.9961147], [107.7595006, -6.9958187], [107.7595852, -6.9963388], [107.759003, -6.996839], [107.76003, -6.998079], [107.7604216, -6.9974198], [107.7616311, -6.9973833], [107.7613643, -6.9966038], [107.7630539, -6.9960712], [107.7627841, -6.9953664], [107.7629941, -6.994814], [107.7637563, -6.995458], [107.7640378, -6.9952276], [107.7638548, -6.9944081], [107.7641478, -6.9941612], [107.764447, -6.99496], [107.764815, -6.995116], [107.764701, -6.994422], [107.7652078, -6.9939741], [107.7658232, -6.9947924], [107.7664143, -6.9947217], [107.7659404, -6.9935802], [107.766198, -6.9930742], [107.7673493, -6.9932106], [107.7673874, -6.9926009], [107.7684592, -6.9924054], [107.768705, -6.9933646], [107.7684153, -6.9936618], [107.7685671, -6.9942177], [107.7679212, -6.9969005], [107.7685452, -6.9966918], [107.7690216, -6.9969924], [107.7690608, -6.9976499], [107.7696481, -6.9979547], [107.7696104, -6.9986186], [107.7703704, -6.9986602], [107.7705272, -6.9992364], [107.7719419, -6.9987624], [107.7724779, -6.9990527], [107.7724715, -6.9997275], [107.7729587, -6.9999685], [107.7728882, -7.0003572], [107.7734049, -7.0004531], [107.773417, -7.001006], [107.7739789, -7.0012564], [107.7740375, -7.0023353], [107.7745527, -7.0021321], [107.7754968, -7.002469], [107.775582, -7.003188], [107.7762217, -7.0037222], [107.7766159, -7.0036008], [107.7766345, -7.0050894], [107.7771902, -7.0056861], [107.777004, -7.006445], [107.7776922, -7.0064796], [107.7790915, -7.0089302], [107.7793303, -7.0105291], [107.7796596, -7.0105853]]]}}, {"type": "Feature", "properties": {"name": "Soreang"}, "geometry": {"type": "Polygon", "coordinates": [[[107.5246263, -7.0482144], [107.5237221, -7.0498087], [107.5229369, -7.0504035], [107.5230499, -7.0511888], [107.5227704, -7.0516765], [107.5210333, -7.0528008], [107.5191869, -7.0572231], [107.519501, -7.0572374], [107.5185849, -7.0624032], [107.5192095, -7.0641045], [107.5185456, -7.0651693], [107.5187776, -7.065776], [107.5180816, -7.0662043], [107.5182006, -7.0666089], [107.5173083, -7.068234], [107.516861, -7.0704374], [107.5165064, -7.0707158], [107.5169728, -7.071896], [107.5163541, -7.0735902], [107.5165826, -7.0763884], [107.514998, -7.0786355], [107.5102159, -7.0829435], [107.5091535, -7.0829188], [107.5072187, -7.0820885], [107.506693, -7.0803415], [107.505592, -7.0795105], [107.5047893, -7.0795709], [107.503081, -7.0782535], [107.5024417, -7.0765561], [107.5022108, -7.0764034], [107.5014472, -7.0770284], [107.4998312, -7.0755299], [107.4977961, -7.0755867], [107.4975227, -7.074216], [107.4962299, -7.0729731], [107.4955302, -7.0731898], [107.495587, -7.0713148], [107.4965815, -7.070317], [107.4963044, -7.0689321], [107.4955515, -7.0688398], [107.4946245, -7.0673732], [107.492941, -7.0668015], [107.4922946, -7.0645893], [107.4915878, -7.0643691], [107.4923053, -7.0635417], [107.4920636, -7.0628653], [107.4930535, -7.062971], [107.4937081, -7.0625191], [107.4936431, -7.0621071], [107.4928154, -7.0617591], [107.4928694, -7.0614603], [107.4956912, -7.0615911], [107.4958047, -7.061338], [107.4951848, -7.0604847], [107.4963483, -7.0594939], [107.4962235, -7.0561392], [107.4966473, -7.0559059], [107.4973799, -7.056209], [107.4972986, -7.0553184], [107.4976936, -7.0547081], [107.4990958, -7.0548139], [107.4987162, -7.0536624], [107.4974412, -7.0529103], [107.4983829, -7.0509631], [107.49797, -7.0503655], [107.4968837, -7.0504413], [107.4969401, -7.0499271], [107.4977003, -7.049216], [107.4965421, -7.0472874], [107.4976922, -7.0458939], [107.4966815, -7.0442103], [107.4975198, -7.0441284], [107.4980232, -7.0434715], [107.4968008, -7.041808], [107.4975786, -7.0406231], [107.4954717, -7.0398553], [107.4953401, -7.0392663], [107.496287, -7.0373005], [107.4944875, -7.0367577], [107.4941665, -7.0364294], [107.4943636, -7.0356871], [107.4952657, -7.0351969], [107.4962838, -7.0359824], [107.497212, -7.0361669], [107.4974345, -7.0357138], [107.4969404, -7.0350684], [107.4969375, -7.0342366], [107.4973534, -7.0341519], [107.498532, -7.0348694], [107.4990659, -7.0331731], [107.4995591, -7.0331236], [107.5012795, -7.0339239], [107.5020038, -7.0319676], [107.5027147, -7.0319734], [107.503352, -7.0325438], [107.5038408, -7.0317509], [107.5047759, -7.0318756], [107.5054154, -7.0315116], [107.5055265, -7.0307807], [107.5043448, -7.0304519], [107.5045604, -7.0291392], [107.5054981, -7.0281454], [107.5066376, -7.0276075], [107.5073314, -7.0277052], [107.5089281, -7.026415], [107.5088877, -7.0260255], [107.5074087, -7.0253879], [107.5072796, -7.0249521], [107.5087077, -7.0241458], [107.5099527, -7.0246807], [107.5102647, -7.0239461], [107.5102665, -7.0224983], [107.5119939, -7.0230617], [107.512186, -7.0238438], [107.5145586, -7.0226522], [107.5167669, -7.0230814], [107.51873, -7.0238896], [107.5191983, -7.023384], [107.5186521, -7.0208083], [107.5191043, -7.0206315], [107.5203361, -7.0212804], [107.521036, -7.0212098], [107.5213225, -7.0205626], [107.5211711, -7.019109], [107.5220969, -7.0190892], [107.5222364, -7.0204657], [107.523305, -7.0208521], [107.5236917, -7.0183518], [107.5255258, -7.0179832], [107.5259946, -7.0174786], [107.5251904, -7.0163131], [107.526366, -7.015729], [107.5267762, -7.0148752], [107.5266627, -7.0142421], [107.5258676, -7.0134528], [107.5259867, -7.0108068], [107.5280297, -7.0098346], [107.527588, -7.0077462], [107.5283395, -7.006499], [107.5284441, -7.0056914], [107.5297835, -7.0053243], [107.5296292, -7.0040005], [107.5301537, -7.0028254], [107.5320467, -7.0021338], [107.5335315, -7.0022097], [107.5342953, -7.0023917], [107.5341716, -7.0052063], [107.5337294, -7.0053051], [107.5337127, -7.0055917], [107.5340285, -7.0056275], [107.5336394, -7.0066652], [107.5352206, -7.0067946], [107.5363747, -7.0056525], [107.538436, -7.004528], [107.537975, -7.005411], [107.538283, -7.006902], [107.539668, -7.007533], [107.542743, -7.01015], [107.545359, -7.01374], [107.547969, -7.016505], [107.5463911, -7.0171933], [107.5473142, -7.0175088], [107.5475356, -7.0192782], [107.5478236, -7.0194201], [107.5477007, -7.0210252], [107.5465468, -7.0223614], [107.5466429, -7.022786], [107.5474321, -7.0229727], [107.5469088, -7.0241893], [107.5473374, -7.0245599], [107.5468886, -7.0267933], [107.5477309, -7.0269451], [107.5473244, -7.028237], [107.5476663, -7.0288047], [107.5468724, -7.0291032], [107.5456506, -7.0312561], [107.5461214, -7.0328015], [107.5453977, -7.033896], [107.5449672, -7.0338416], [107.5458727, -7.0346681], [107.5449288, -7.0342394], [107.5441347, -7.0347718], [107.5442179, -7.0352715], [107.5435338, -7.0356344], [107.5434595, -7.0352715], [107.5428167, -7.0351596], [107.5424955, -7.0360305], [107.5420505, -7.0359472], [107.5405063, -7.0377344], [107.5401228, -7.0376554], [107.5381716, -7.0388618], [107.5378908, -7.0387738], [107.5367463, -7.039772], [107.5363787, -7.0401467], [107.5362569, -7.0412462], [107.5350856, -7.0414023], [107.5338883, -7.0430875], [107.5326953, -7.0436868], [107.5309102, -7.0429124], [107.5303011, -7.0437821], [107.5292542, -7.0441613], [107.5289019, -7.045006], [107.5281557, -7.0452583], [107.5281133, -7.0456747], [107.5264881, -7.0465384], [107.5255016, -7.047973], [107.5250818, -7.0478512], [107.5246263, -7.0482144]]]}}]}